order_id,customer_id,product_id,quantity,unit_price,total_amount,status,order_ts
ORD-000001,239,47,5,404.56,2022.8,completed,2026-03-05 05:53:41
ORD-000002,469,93,4,673.46,2693.84,completed,2026-03-13 12:20:27
ORD-000003,289,48,3,634.44,1903.32,completed,2026-04-04 22:20:08
ORD-000004,284,95,2,627.59,1255.18,cancelled,2026-04-29 14:30:20
ORD-000005,101,75,4,508.34,2033.36,completed,2026-04-12 18:27:04
ORD-000006,256,30,4,774.96,3099.84,cancelled,2026-03-25 15:03:12
ORD-000007,495,84,3,544.62,1633.86,shipped,2026-04-14 06:12:36
ORD-000008,87,59,2,887.2,1774.4,completed,2026-03-15 11:10:40
ORD-000009,470,93,5,673.46,3367.3,cancelled,2026-03-30 17:17:57
ORD-000010,430,83,1,342.57,342.57,completed,2026-03-28 22:46:07
ORD-000011,212,86,1,686.72,686.72,completed,2026-03-13 23:46:04
ORD-000012,5,81,2,484.39,968.78,completed,2026-04-26 18:30:05
ORD-000013,317,65,4,448.58,1794.32,cancelled,2026-04-07 21:47:57
ORD-000014,273,62,4,853.93,3415.72,cancelled,2026-04-29 23:45:34
ORD-000015,370,53,1,130.42,130.42,completed,2026-04-29 04:43:29
ORD-000016,417,69,3,370.39,1111.17,shipped,2026-04-29 05:42:54
ORD-000017,269,23,1,690.42,690.42,completed,2026-03-03 20:29:36
ORD-000018,130,31,2,164.73,329.46,completed,2026-03-22 04:49:57
ORD-000019,492,35,4,25.35,101.4,shipped,2026-04-25 10:25:04
ORD-000020,154,59,5,887.2,4436.0,completed,2026-04-15 15:46:37
ORD-000021,195,84,1,544.62,544.62,shipped,2026-04-25 09:14:40
ORD-000022,5,71,4,486.45,1945.8,completed,2026-04-27 00:49:01
ORD-000023,331,11,4,413.83,1655.32,completed,2026-03-07 08:12:07
ORD-000024,471,73,1,772.5,772.5,completed,2026-03-04 04:46:14
ORD-000025,244,30,2,774.96,1549.92,completed,2026-03-04 03:21:51
ORD-000026,461,6,1,613.86,613.86,cancelled,2026-03-18 13:47:31
ORD-000027,9,73,1,772.5,772.5,completed,2026-04-19 12:33:00
ORD-000028,476,76,2,503.77,1007.54,completed,2026-03-13 09:29:55
ORD-000029,291,39,2,226.52,453.04,shipped,2026-03-25 15:14:41
ORD-000030,387,87,5,605.95,3029.75,completed,2026-04-09 10:01:29
ORD-000031,28,89,1,816.79,816.79,completed,2026-03-29 11:24:28
ORD-000032,175,56,2,540.14,1080.28,cancelled,2026-03-08 21:13:57
ORD-000033,497,99,5,482.62,2413.1,completed,2026-03-23 09:33:24
ORD-000034,252,4,3,152.26,456.78,completed,2026-03-11 07:35:46
ORD-000035,222,46,5,95.3,476.5,completed,2026-03-01 10:19:53
ORD-000036,44,88,5,434.06,2170.3,cancelled,2026-03-19 10:09:44
ORD-000037,43,38,2,344.45,688.9,completed,2026-03-16 21:19:26
ORD-000038,79,20,4,887.59,3550.36,shipped,2026-03-16 00:55:14
ORD-000039,3,41,3,843.98,2531.94,completed,2026-04-24 20:40:05
ORD-000040,53,57,3,737.45,2212.35,completed,2026-03-13 14:10:42
ORD-000041,286,12,2,505.12,1010.24,cancelled,2026-04-03 07:39:30
ORD-000042,46,66,4,847.72,3390.88,completed,2026-04-24 23:02:38
ORD-000043,402,71,1,486.45,486.45,completed,2026-03-23 02:13:34
ORD-000044,199,50,1,365.03,365.03,completed,2026-04-12 08:56:02
ORD-000045,293,93,5,673.46,3367.3,cancelled,2026-03-04 15:09:44
ORD-000046,138,22,4,166.08,664.32,completed,2026-04-20 18:56:42
ORD-000047,86,35,4,25.35,101.4,shipped,2026-04-21 21:41:48
ORD-000048,401,36,4,419.39,1677.56,completed,2026-04-11 06:22:11
ORD-000049,370,47,3,404.56,1213.68,shipped,2026-03-01 15:01:19
ORD-000050,55,77,5,352.64,1763.2,completed,2026-04-18 07:19:48
ORD-000051,171,39,1,226.52,226.52,cancelled,2026-03-01 09:35:36
ORD-000052,221,49,3,224.04,672.12,cancelled,2026-04-02 11:48:46
ORD-000053,486,18,3,631.84,1895.52,completed,2026-04-10 02:02:16
ORD-000054,496,62,3,853.93,2561.79,completed,2026-04-19 09:30:02
ORD-000055,167,38,4,344.45,1377.8,shipped,2026-03-25 15:10:25
ORD-000056,478,36,4,419.39,1677.56,cancelled,2026-04-07 19:51:13
ORD-000057,350,26,5,406.44,2032.2,cancelled,2026-03-27 17:26:57
ORD-000058,225,4,4,152.26,609.04,completed,2026-03-01 16:22:01
ORD-000059,345,89,1,816.79,816.79,shipped,2026-03-09 09:06:13
ORD-000060,338,18,3,631.84,1895.52,completed,2026-04-15 14:48:01
ORD-000061,38,92,4,866.06,3464.24,shipped,2026-03-11 10:16:28
ORD-000062,274,77,4,352.64,1410.56,cancelled,2026-03-24 09:24:26
ORD-000063,405,89,4,816.79,3267.16,completed,2026-03-27 22:39:42
ORD-000064,469,90,5,861.53,4307.65,completed,2026-03-23 00:45:53
ORD-000065,86,14,2,24.48,48.96,cancelled,2026-03-19 11:04:29
ORD-000066,205,6,5,613.86,3069.3,completed,2026-03-20 00:27:11
ORD-000067,133,56,1,540.14,540.14,completed,2026-04-30 20:24:36
ORD-000068,353,66,5,847.72,4238.6,cancelled,2026-03-26 02:51:51
ORD-000069,238,29,4,487.67,1950.68,cancelled,2026-04-07 09:45:34
ORD-000070,13,89,5,816.79,4083.95,shipped,2026-04-21 11:26:25
ORD-000071,60,14,3,24.48,73.44,completed,2026-04-04 20:52:27
ORD-000072,402,45,3,220.4,661.2,completed,2026-04-09 07:25:19
ORD-000073,50,67,4,346.13,1384.52,shipped,2026-04-08 06:39:49
ORD-000074,154,93,4,673.46,2693.84,completed,2026-04-10 21:33:16
ORD-000075,332,91,1,194.57,194.57,completed,2026-04-29 11:30:33
ORD-000076,265,87,2,605.95,1211.9,completed,2026-03-02 15:07:10
ORD-000077,219,71,2,486.45,972.9,shipped,2026-04-09 03:37:00
ORD-000078,96,30,4,774.96,3099.84,shipped,2026-03-21 17:17:04
ORD-000079,453,51,1,488.09,488.09,completed,2026-03-14 01:38:28
ORD-000080,3,58,5,275.08,1375.4,completed,2026-04-03 09:50:35
ORD-000081,296,27,3,341.2,1023.6,completed,2026-03-13 21:43:20
ORD-000082,101,69,2,370.39,740.78,shipped,2026-04-07 12:07:53
ORD-000083,271,15,3,735.73,2207.19,completed,2026-03-19 06:10:43
ORD-000084,301,77,4,352.64,1410.56,completed,2026-03-22 09:42:29
ORD-000085,317,45,3,220.4,661.2,completed,2026-03-07 07:19:48
ORD-000086,303,87,3,605.95,1817.85,completed,2026-03-03 01:37:39
ORD-000087,123,87,2,605.95,1211.9,completed,2026-04-10 19:42:32
ORD-000088,262,15,2,735.73,1471.46,shipped,2026-04-07 18:51:12
ORD-000089,197,54,5,214.57,1072.85,shipped,2026-04-22 03:04:20
ORD-000090,356,24,4,583.06,2332.24,completed,2026-03-21 04:26:05
ORD-000091,72,72,2,765.16,1530.32,completed,2026-03-30 13:29:02
ORD-000092,444,41,4,843.98,3375.92,completed,2026-03-22 22:02:54
ORD-000093,418,2,4,813.08,3252.32,shipped,2026-04-22 16:53:45
ORD-000094,210,72,5,765.16,3825.8,shipped,2026-03-20 05:58:44
ORD-000095,43,54,4,214.57,858.28,cancelled,2026-03-30 17:54:38
ORD-000096,141,4,2,152.26,304.52,completed,2026-04-12 22:48:35
ORD-000097,290,69,3,370.39,1111.17,shipped,2026-04-20 07:20:58
ORD-000098,59,71,5,486.45,2432.25,completed,2026-04-23 03:08:54
ORD-000099,278,100,5,281.04,1405.2,completed,2026-03-09 10:38:35
ORD-000100,218,98,4,258.34,1033.36,completed,2026-03-27 16:02:36
ORD-000101,231,95,-3,627.59,1255.18,completed,2026-04-11 22:49:36
ORD-000102,398,45,1,220.4,220.4,completed,2026-04-02 19:43:34
ORD-000103,441,27,5,341.2,1706.0,cancelled,2026-03-17 11:14:03
ORD-000104,72,81,4,484.39,1937.56,completed,2026-04-20 01:34:00
ORD-000105,273,27,1,341.2,341.2,completed,2026-03-25 11:13:38
ORD-000106,361,77,5,352.64,1763.2,completed,2026-04-20 12:12:59
ORD-000107,461,38,5,344.45,1722.25,completed,2026-04-13 05:16:15
ORD-000108,142,18,4,631.84,2527.36,completed,2026-03-03 21:50:30
ORD-000109,365,90,2,861.53,1723.06,completed,2026-04-15 18:40:32
ORD-000110,296,32,4,356.79,1427.16,completed,2026-03-30 18:49:26
ORD-000111,39,81,4,484.39,1937.56,completed,2026-04-06 07:32:37
ORD-000112,356,52,5,778.04,3890.2,completed,2026-03-14 13:52:13
ORD-000113,2,59,4,887.2,3548.8,completed,2026-04-10 02:48:42
ORD-000114,436,94,4,433.63,1734.52,completed,2026-03-21 10:57:28
ORD-000115,423,69,4,370.39,1481.56,completed,2026-04-17 08:21:26
ORD-000116,173,64,3,612.48,1837.44,cancelled,2026-04-10 13:40:29
ORD-000117,404,74,2,726.17,1452.34,completed,2026-03-25 06:19:46
ORD-000118,321,88,1,434.06,434.06,shipped,2026-04-28 20:22:29
ORD-000119,226,3,1,517.57,517.57,shipped,2026-03-02 18:14:53
ORD-000120,452,1,4,60.27,241.08,completed,2026-04-18 19:11:50
ORD-000121,185,21,3,33.4,100.2,completed,2026-04-25 00:10:02
ORD-000122,85,11,3,413.83,1241.49,completed,2026-03-19 00:22:26
ORD-000123,220,51,3,488.09,1464.27,completed,2026-03-15 15:28:31
ORD-000124,245,91,1,194.57,194.57,completed,2026-04-30 16:13:47
ORD-000125,349,17,5,45.53,227.65,shipped,2026-04-16 05:05:16
ORD-000126,419,2,1,813.08,813.08,completed,2026-03-17 11:29:28
ORD-000127,118,55,2,520.62,1041.24,shipped,2026-03-31 21:25:17
ORD-000128,189,12,1,505.12,505.12,completed,2026-04-24 12:35:29
ORD-000129,329,18,4,631.84,2527.36,completed,2026-03-12 19:09:09
ORD-000130,313,9,5,728.78,3643.9,completed,2026-03-25 23:41:30
ORD-000131,322,57,3,737.45,2212.35,completed,2026-03-15 16:14:35
ORD-000132,441,53,5,130.42,652.1,completed,2026-03-18 07:53:36
ORD-000133,302,12,1,505.12,505.12,shipped,2026-04-22 19:30:58
ORD-000134,127,45,4,220.4,881.6,completed,2026-04-10 18:54:33
ORD-000135,308,83,1,342.57,342.57,cancelled,2026-04-15 03:51:06
ORD-000136,435,93,5,673.46,3367.3,completed,2026-04-12 23:01:25
ORD-000137,97,27,5,341.2,1706.0,shipped,2026-03-23 05:26:56
ORD-000138,254,38,1,344.45,344.45,shipped,2026-03-11 15:17:10
ORD-000139,305,15,2,735.73,1471.46,completed,2026-03-30 00:46:06
ORD-000140,68,68,1,290.27,290.27,shipped,2026-04-07 12:28:40
ORD-000141,350,73,4,772.5,3090.0,completed,2026-04-07 04:06:28
ORD-000142,9,98,4,258.34,1033.36,cancelled,2026-03-12 21:20:33
ORD-000143,21,9,1,728.78,728.78,completed,2026-04-14 16:08:43
ORD-000144,365,51,5,488.09,2440.45,cancelled,2026-04-12 01:06:52
ORD-000145,43,99,4,482.62,1930.48,cancelled,2026-04-03 09:21:13
ORD-000146,43,69,5,370.39,1851.95,completed,2026-04-21 13:53:52
ORD-000147,499,11,5,413.83,2069.15,completed,2026-03-03 16:36:07
ORD-000148,325,69,3,370.39,1111.17,completed,2026-04-05 02:38:55
ORD-000149,30,40,4,143.83,575.32,completed,2026-03-15 15:18:42
ORD-000150,314,12,4,505.12,2020.48,cancelled,2026-04-23 07:29:36
ORD-000151,380,8,3,809.51,2428.53,completed,2026-03-19 00:02:28
ORD-000152,360,16,1,200.02,200.02,completed,2026-03-16 19:00:16
ORD-000153,268,21,4,33.4,133.6,cancelled,2026-03-01 11:22:37
ORD-000154,65,93,3,673.46,2020.38,completed,2026-04-20 10:27:39
ORD-000155,172,94,1,433.63,433.63,shipped,2026-03-12 22:55:53
ORD-000156,365,35,5,25.35,126.75,cancelled,2026-04-26 14:25:35
ORD-000157,262,81,1,484.39,484.39,completed,2026-03-30 07:25:37
ORD-000158,86,8,4,809.51,3238.04,completed,2026-03-07 03:21:38
ORD-000159,458,21,3,33.4,100.2,cancelled,2026-03-12 20:15:13
ORD-000160,2,87,1,605.95,605.95,completed,2026-04-16 05:28:28
ORD-000161,187,2,2,813.08,1626.16,shipped,2026-04-28 06:49:25
ORD-000162,284,20,2,887.59,1775.18,shipped,2026-03-02 22:42:45
ORD-000163,469,29,3,487.67,1463.01,completed,2026-04-15 08:50:41
ORD-000164,62,35,1,25.35,25.35,cancelled,2026-03-25 10:25:36
ORD-000165,412,87,1,605.95,605.95,cancelled,2026-04-19 15:52:27
ORD-000166,444,6,4,613.86,2455.44,completed,2026-04-26 07:04:00
ORD-000167,284,100,3,281.04,843.12,shipped,2026-04-10 20:51:18
ORD-000168,289,2,3,813.08,2439.24,completed,2026-04-18 13:23:01
ORD-000169,189,95,5,627.59,3137.95,cancelled,2026-04-15 07:06:33
ORD-000170,390,64,2,612.48,1224.96,completed,2026-03-15 04:06:02
ORD-000171,13,20,1,887.59,887.59,completed,2026-03-02 09:04:16
ORD-000172,487,70,3,341.93,1025.79,completed,2026-03-21 23:39:03
ORD-000173,54,1,4,60.27,241.08,completed,2026-03-07 12:48:14
ORD-000174,493,68,2,290.27,580.54,completed,2026-04-04 06:05:09
ORD-000175,472,19,3,894.74,2684.22,completed,2026-04-25 22:24:06
ORD-000176,235,67,4,346.13,1384.52,completed,2026-03-17 10:26:17
ORD-000177,327,75,1,508.34,508.34,shipped,2026-03-29 19:08:21
ORD-000178,223,10,5,123.09,615.45,completed,2026-03-25 21:43:57
ORD-000179,475,31,3,164.73,494.19,shipped,2026-04-14 12:31:52
ORD-000180,140,90,3,861.53,2584.59,completed,2026-04-10 07:30:57
ORD-000181,56,10,2,123.09,246.18,completed,2026-04-22 02:42:42
ORD-000182,161,14,2,24.48,48.96,shipped,2026-04-02 07:01:54
ORD-000183,232,16,5,200.02,1000.1,completed,2026-04-08 16:26:25
ORD-000184,47,60,3,202.83,608.49,completed,2026-03-07 19:38:03
ORD-000185,21,88,3,434.06,1302.18,completed,2026-03-09 02:02:04
ORD-000186,496,42,2,690.11,1380.22,completed,2026-04-25 14:57:46
ORD-000187,134,51,5,488.09,2440.45,completed,2026-04-27 13:07:11
ORD-000188,285,4,4,152.26,609.04,cancelled,2026-03-07 07:32:10
ORD-000189,412,32,1,356.79,356.79,completed,2026-04-01 20:17:23
ORD-000190,67,16,1,200.02,200.02,completed,2026-04-27 15:54:25
ORD-000191,481,52,3,778.04,2334.12,completed,2026-03-18 01:03:06
ORD-000192,12,75,5,508.34,2541.7,completed,2026-04-14 21:16:12
ORD-000193,48,26,4,406.44,1625.76,completed,2026-03-10 19:18:40
ORD-000194,26,16,1,200.02,200.02,completed,2026-03-01 07:12:57
ORD-000195,255,74,4,726.17,2904.68,completed,2026-03-09 09:37:07
ORD-000196,110,49,4,224.04,896.16,completed,2026-04-19 11:06:48
ORD-000197,18,36,3,419.39,1258.17,cancelled,2026-04-02 18:35:19
ORD-000198,152,80,5,763.18,3815.9,shipped,2026-04-15 00:26:00
ORD-000199,45,53,5,130.42,652.1,completed,2026-03-31 21:46:48
ORD-000200,330,50,2,365.03,730.06,cancelled,2026-04-04 16:44:17
ORD-000201,,32,5,356.79,1783.95,completed,2026-03-11 23:17:21
ORD-000202,177,62,5,853.93,4269.65,cancelled,2026-03-11 06:21:13
ORD-000203,93,65,3,448.58,1345.74,completed,2026-04-06 14:09:14
ORD-000204,459,41,5,843.98,4219.9,completed,2026-04-16 22:56:00
ORD-000205,393,8,4,809.51,3238.04,cancelled,2026-03-28 10:59:11
ORD-000206,337,30,2,774.96,1549.92,completed,2026-04-24 14:58:33
ORD-000207,392,35,5,25.35,126.75,completed,2026-03-09 21:57:52
ORD-000208,91,74,4,726.17,2904.68,completed,2026-04-08 17:40:32
ORD-000209,468,76,3,503.77,1511.31,cancelled,2026-03-10 10:56:14
ORD-000210,289,4,3,152.26,456.78,completed,2026-03-01 03:19:57
ORD-000211,278,73,2,772.5,1545.0,completed,2026-03-08 06:04:43
ORD-000212,29,23,4,690.42,2761.68,completed,2026-04-28 20:42:50
ORD-000213,245,78,2,186.99,373.98,completed,2026-04-29 04:49:58
ORD-000214,175,43,5,729.48,3647.4,completed,2026-04-18 19:14:57
ORD-000215,301,42,1,690.11,690.11,completed,2026-04-29 18:37:20
ORD-000216,441,100,1,281.04,281.04,completed,2026-03-07 04:50:18
ORD-000217,301,10,3,123.09,369.27,completed,2026-03-16 09:35:49
ORD-000218,500,44,3,555.36,1666.08,completed,2026-04-10 19:01:56
ORD-000219,492,94,4,433.63,1734.52,shipped,2026-03-11 00:43:31
ORD-000220,356,84,3,544.62,1633.86,cancelled,2026-04-19 03:32:21
ORD-000221,418,46,2,95.3,190.6,completed,2026-03-19 02:33:26
ORD-000222,66,49,3,224.04,672.12,completed,2026-03-15 13:16:38
ORD-000223,201,94,1,433.63,433.63,cancelled,2026-03-01 03:08:38
ORD-000224,472,5,2,470.71,941.42,cancelled,2026-03-23 12:24:51
ORD-000225,73,29,5,487.67,2438.35,completed,2026-04-24 05:56:05
ORD-000226,164,96,1,188.04,188.04,completed,2026-04-15 11:22:23
ORD-000227,374,82,1,175.48,175.48,completed,2026-03-09 00:43:52
ORD-000228,128,58,1,275.08,275.08,completed,2026-04-14 16:21:57
ORD-000229,369,45,3,220.4,661.2,completed,2026-03-11 20:04:00
ORD-000230,497,7,4,526.92,2107.68,completed,2026-04-02 08:43:16
ORD-000231,180,53,4,130.42,521.68,cancelled,2026-03-05 10:12:42
ORD-000232,404,49,1,224.04,224.04,cancelled,2026-03-08 06:32:33
ORD-000233,38,84,2,544.62,1089.24,completed,2026-04-20 07:34:09
ORD-000234,488,38,1,344.45,344.45,completed,2026-04-10 14:29:34
ORD-000235,83,10,3,123.09,369.27,completed,2026-04-20 10:19:48
ORD-000236,315,71,1,486.45,486.45,shipped,2026-04-09 02:22:20
ORD-000237,85,91,1,194.57,194.57,cancelled,2026-04-03 00:12:07
ORD-000238,170,56,2,540.14,1080.28,completed,2026-04-27 20:18:48
ORD-000239,370,25,4,340.14,1360.56,cancelled,2026-03-17 03:49:32
ORD-000240,50,34,3,752.17,2256.51,completed,2026-04-11 15:21:05
ORD-000241,79,51,5,488.09,2440.45,completed,2026-03-26 06:07:31
ORD-000242,151,47,1,404.56,404.56,cancelled,2026-04-03 20:48:35
ORD-000243,106,62,2,853.93,1707.86,completed,2026-04-24 23:03:47
ORD-000244,433,82,3,175.48,526.44,completed,2026-04-25 06:45:29
ORD-000245,459,40,4,143.83,575.32,completed,2026-03-31 06:11:34
ORD-000246,190,12,5,505.12,2525.6,shipped,2026-04-06 17:16:08
ORD-000247,135,48,2,634.44,1268.88,shipped,2026-04-02 22:22:32
ORD-000248,289,60,3,202.83,608.49,completed,2026-04-16 14:13:20
ORD-000249,414,20,1,887.59,887.59,cancelled,2026-04-25 11:28:59
ORD-000250,32,53,5,130.42,652.1,shipped,2026-04-16 03:50:39
ORD-000251,294,67,4,346.13,1384.52,completed,2026-03-27 06:42:44
ORD-000252,463,61,3,251.26,753.78,completed,2026-04-25 09:37:33
ORD-000253,410,65,5,448.58,2242.9,cancelled,2026-03-04 05:11:00
ORD-000254,487,87,5,605.95,3029.75,shipped,2026-04-21 19:37:15
ORD-000255,65,23,2,690.42,1380.84,completed,2026-04-17 16:59:00
ORD-000256,104,55,1,520.62,520.62,completed,2026-03-18 08:08:53
ORD-000257,45,77,3,352.64,1057.92,shipped,2026-04-10 21:33:37
ORD-000258,439,72,4,765.16,3060.64,completed,2026-03-26 12:07:34
ORD-000259,403,67,4,346.13,1384.52,cancelled,2026-03-03 23:33:00
ORD-000260,58,76,5,503.77,2518.85,shipped,2026-03-11 08:43:23
ORD-000261,299,20,2,887.59,1775.18,completed,2026-03-25 02:35:39
ORD-000262,403,14,5,24.48,122.4,completed,2026-03-12 20:19:23
ORD-000263,136,69,3,370.39,1111.17,shipped,2026-03-05 09:02:24
ORD-000264,243,84,4,544.62,2178.48,completed,2026-03-25 01:49:43
ORD-000265,317,23,3,690.42,2071.26,cancelled,2026-04-05 18:45:45
ORD-000266,456,88,4,434.06,1736.24,completed,2026-04-28 09:35:23
ORD-000267,472,89,2,816.79,1633.58,completed,2026-04-27 06:41:53
ORD-000268,160,48,1,634.44,634.44,completed,2026-04-09 12:57:58
ORD-000269,69,63,1,820.86,820.86,completed,2026-03-06 15:42:02
ORD-000270,138,96,4,188.04,752.16,shipped,2026-03-12 12:19:04
ORD-000271,109,78,1,186.99,186.99,shipped,2026-04-18 07:55:04
ORD-000272,445,95,4,627.59,2510.36,completed,2026-03-13 05:11:42
ORD-000273,34,8,5,809.51,4047.55,completed,2026-03-11 18:12:44
ORD-000274,400,91,5,194.57,972.85,cancelled,2026-04-05 19:03:41
ORD-000275,449,73,1,772.5,772.5,completed,2026-04-19 16:58:55
ORD-000276,26,8,2,809.51,1619.02,completed,2026-04-28 07:22:53
ORD-000277,422,91,2,194.57,389.14,shipped,2026-04-13 10:35:20
ORD-000278,349,65,4,448.58,1794.32,completed,2026-03-21 19:29:24
ORD-000279,229,31,3,164.73,494.19,completed,2026-03-30 02:22:18
ORD-000280,177,61,5,251.26,1256.3,completed,2026-03-26 11:15:57
ORD-000281,198,34,1,752.17,752.17,completed,2026-04-12 23:00:03
ORD-000282,439,21,5,33.4,167.0,completed,2026-03-12 16:11:49
ORD-000283,138,83,2,342.57,685.14,shipped,2026-03-18 16:28:24
ORD-000284,243,66,1,847.72,847.72,completed,2026-03-06 23:40:34
ORD-000285,115,83,2,342.57,685.14,completed,2026-03-23 23:41:31
ORD-000286,141,78,3,186.99,560.97,shipped,2026-03-16 00:35:55
ORD-000287,112,49,3,224.04,672.12,shipped,2026-04-01 14:49:31
ORD-000288,204,39,5,226.52,1132.6,cancelled,2026-03-09 01:17:43
ORD-000289,288,14,1,24.48,24.48,cancelled,2026-03-29 10:22:29
ORD-000290,247,78,3,186.99,560.97,completed,2026-04-11 20:03:51
ORD-000291,442,44,3,555.36,1666.08,completed,2026-03-21 12:09:44
ORD-000292,265,34,3,752.17,2256.51,completed,2026-04-18 18:32:29
ORD-000293,349,8,5,809.51,4047.55,completed,2026-04-05 12:21:52
ORD-000294,152,93,1,673.46,673.46,completed,2026-03-20 05:53:29
ORD-000295,299,54,4,214.57,858.28,cancelled,2026-04-06 22:42:51
ORD-000296,352,25,3,340.14,1020.42,cancelled,2026-03-15 15:54:15
ORD-000297,260,82,4,175.48,701.92,completed,2026-03-03 10:56:52
ORD-000298,50,22,5,166.08,830.4,shipped,2026-04-19 13:18:14
ORD-000299,391,17,3,45.53,136.59,completed,2026-03-15 03:38:47
ORD-000300,114,88,3,434.06,1302.18,completed,2026-03-20 20:44:56
ORD-000301,191,29,3,487.67,-50.0,completed,2026-04-04 11:56:14
ORD-000302,241,75,3,508.34,1525.02,completed,2026-04-01 19:42:43
ORD-000303,37,82,5,175.48,877.4,shipped,2026-03-24 01:24:10
ORD-000304,272,25,5,340.14,1700.7,completed,2026-04-23 10:06:14
ORD-000305,71,53,1,130.42,130.42,completed,2026-03-06 18:30:38
ORD-000306,74,44,4,555.36,2221.44,completed,2026-03-25 07:20:26
ORD-000307,250,92,2,866.06,1732.12,completed,2026-03-12 21:03:28
ORD-000308,30,81,2,484.39,968.78,completed,2026-04-10 00:53:55
ORD-000309,296,58,3,275.08,825.24,completed,2026-04-17 17:51:41
ORD-000310,223,63,1,820.86,820.86,shipped,2026-04-22 01:37:39
ORD-000311,3,52,4,778.04,3112.16,completed,2026-03-31 10:02:38
ORD-000312,487,69,2,370.39,740.78,completed,2026-03-15 10:24:57
ORD-000313,347,42,5,690.11,3450.55,completed,2026-04-18 23:20:52
ORD-000314,160,81,2,484.39,968.78,completed,2026-04-16 11:27:46
ORD-000315,157,14,4,24.48,97.92,completed,2026-03-29 02:34:02
ORD-000316,234,9,1,728.78,728.78,cancelled,2026-04-11 13:24:41
ORD-000317,455,77,5,352.64,1763.2,completed,2026-04-09 08:12:39
ORD-000318,85,44,4,555.36,2221.44,shipped,2026-04-08 17:08:23
ORD-000319,109,3,2,517.57,1035.14,completed,2026-04-16 19:13:23
ORD-000320,188,76,5,503.77,2518.85,completed,2026-04-20 19:30:57
ORD-000321,320,49,3,224.04,672.12,completed,2026-03-12 04:31:52
ORD-000322,335,77,1,352.64,352.64,completed,2026-03-19 20:03:50
ORD-000323,195,7,1,526.92,526.92,completed,2026-04-04 07:49:23
ORD-000324,106,71,3,486.45,1459.35,completed,2026-03-31 18:25:30
ORD-000325,340,39,4,226.52,906.08,cancelled,2026-03-19 20:19:25
ORD-000326,215,35,5,25.35,126.75,completed,2026-03-23 19:00:22
ORD-000327,59,66,5,847.72,4238.6,completed,2026-04-23 13:42:26
ORD-000328,399,64,2,612.48,1224.96,completed,2026-03-23 16:43:39
ORD-000329,152,67,2,346.13,692.26,completed,2026-04-08 09:04:53
ORD-000330,353,6,5,613.86,3069.3,shipped,2026-03-30 16:26:18
ORD-000331,344,43,2,729.48,1458.96,completed,2026-04-30 23:32:09
ORD-000332,77,15,5,735.73,3678.65,completed,2026-03-19 06:00:37
ORD-000333,464,100,5,281.04,1405.2,completed,2026-04-26 20:18:44
ORD-000334,136,83,2,342.57,685.14,shipped,2026-04-01 13:13:20
ORD-000335,448,7,1,526.92,526.92,completed,2026-03-09 17:38:22
ORD-000336,219,38,3,344.45,1033.35,completed,2026-03-10 12:36:53
ORD-000337,340,13,1,727.19,727.19,completed,2026-04-30 18:57:41
ORD-000338,490,43,3,729.48,2188.44,cancelled,2026-03-04 08:03:48
ORD-000339,94,35,1,25.35,25.35,completed,2026-04-07 11:31:19
ORD-000340,428,52,4,778.04,3112.16,shipped,2026-04-01 14:06:11
ORD-000341,333,89,4,816.79,3267.16,completed,2026-03-10 08:38:42
ORD-000342,483,15,2,735.73,1471.46,completed,2026-03-17 21:51:54
ORD-000343,248,14,4,24.48,97.92,cancelled,2026-03-03 02:29:30
ORD-000344,195,87,4,605.95,2423.8,completed,2026-04-19 01:44:33
ORD-000345,248,79,1,75.77,75.77,shipped,2026-03-06 19:14:35
ORD-000346,33,15,4,735.73,2942.92,completed,2026-04-02 22:19:35
ORD-000347,393,84,3,544.62,1633.86,cancelled,2026-04-30 04:53:32
ORD-000348,266,93,5,673.46,3367.3,cancelled,2026-04-16 11:40:59
ORD-000349,339,89,5,816.79,4083.95,completed,2026-04-24 08:14:26
ORD-000350,198,62,3,853.93,2561.79,completed,2026-03-19 00:38:50
ORD-000351,330,72,5,765.16,3825.8,completed,2026-04-27 23:34:34
ORD-000352,446,65,4,448.58,1794.32,completed,2026-03-07 05:56:50
ORD-000353,170,10,4,123.09,492.36,completed,2026-04-10 15:13:46
ORD-000354,330,7,5,526.92,2634.6,shipped,2026-04-16 03:57:26
ORD-000355,228,52,2,778.04,1556.08,cancelled,2026-04-25 07:17:06
ORD-000356,229,58,1,275.08,275.08,completed,2026-03-07 05:51:07
ORD-000357,10,16,4,200.02,800.08,completed,2026-03-14 00:12:42
ORD-000358,282,52,4,778.04,3112.16,completed,2026-04-28 03:42:56
ORD-000359,156,12,5,505.12,2525.6,cancelled,2026-03-22 00:47:17
ORD-000360,487,72,2,765.16,1530.32,completed,2026-03-20 07:23:24
ORD-000361,433,47,1,404.56,404.56,shipped,2026-03-09 15:53:02
ORD-000362,308,43,5,729.48,3647.4,shipped,2026-03-12 01:26:08
ORD-000363,59,92,3,866.06,2598.18,completed,2026-03-16 07:31:26
ORD-000364,182,98,2,258.34,516.68,completed,2026-04-30 11:34:18
ORD-000365,24,71,5,486.45,2432.25,completed,2026-04-07 20:07:45
ORD-000366,55,64,2,612.48,1224.96,completed,2026-03-09 09:06:04
ORD-000367,477,79,2,75.77,151.54,shipped,2026-04-18 19:36:14
ORD-000368,367,28,4,867.91,3471.64,completed,2026-03-09 17:03:41
ORD-000369,429,14,4,24.48,97.92,cancelled,2026-04-28 00:56:40
ORD-000370,302,16,4,200.02,800.08,cancelled,2026-04-01 00:01:35
ORD-000371,377,18,4,631.84,2527.36,completed,2026-04-30 04:41:25
ORD-000372,248,71,4,486.45,1945.8,cancelled,2026-03-08 02:41:48
ORD-000373,89,100,2,281.04,562.08,completed,2026-03-17 02:56:08
ORD-000374,311,14,4,24.48,97.92,completed,2026-03-19 02:08:06
ORD-000375,469,65,4,448.58,1794.32,completed,2026-04-04 01:49:38
ORD-000376,232,36,4,419.39,1677.56,completed,2026-04-09 13:17:23
ORD-000377,154,18,4,631.84,2527.36,cancelled,2026-03-23 05:20:53
ORD-000378,103,41,5,843.98,4219.9,completed,2026-03-21 16:05:13
ORD-000379,472,80,3,763.18,2289.54,completed,2026-03-18 11:25:42
ORD-000380,356,91,2,194.57,389.14,completed,2026-03-29 04:14:55
ORD-000381,288,91,1,194.57,194.57,shipped,2026-03-13 11:10:32
ORD-000382,346,75,5,508.34,2541.7,cancelled,2026-03-01 08:48:01
ORD-000383,268,37,4,492.28,1969.12,completed,2026-03-10 23:32:07
ORD-000384,344,4,4,152.26,609.04,completed,2026-04-21 22:04:05
ORD-000385,147,26,3,406.44,1219.32,completed,2026-03-13 18:08:26
ORD-000386,105,19,1,894.74,894.74,cancelled,2026-03-17 13:15:16
ORD-000387,53,5,3,470.71,1412.13,cancelled,2026-03-09 07:31:18
ORD-000388,381,87,5,605.95,3029.75,cancelled,2026-03-06 15:50:00
ORD-000389,355,50,2,365.03,730.06,completed,2026-03-29 13:31:39
ORD-000390,495,49,4,224.04,896.16,cancelled,2026-04-04 12:37:00
ORD-000391,104,7,1,526.92,526.92,cancelled,2026-03-14 14:50:57
ORD-000392,467,100,4,281.04,1124.16,completed,2026-03-08 15:47:17
ORD-000393,101,97,5,499.11,2495.55,completed,2026-03-27 02:01:53
ORD-000394,96,38,4,344.45,1377.8,completed,2026-04-19 21:17:20
ORD-000395,21,95,5,627.59,3137.95,shipped,2026-04-23 10:16:00
ORD-000396,83,36,5,419.39,2096.95,cancelled,2026-04-14 19:15:52
ORD-000397,364,33,1,656.43,656.43,completed,2026-04-09 07:01:18
ORD-000398,306,6,2,613.86,1227.72,completed,2026-03-02 12:15:13
ORD-000399,252,100,5,281.04,1405.2,cancelled,2026-03-08 13:02:08
ORD-000400,270,71,3,486.45,1459.35,completed,2026-04-26 12:25:38
ORD-000401,82,24,5,583.06,2915.3,shipped,2026-04-26 05:36:31
ORD-000402,179,70,5,341.93,1709.65,completed,2026-04-05 20:39:09
ORD-000403,151,28,3,867.91,2603.73,completed,2026-04-09 10:51:50
ORD-000404,288,97,5,499.11,2495.55,completed,2026-03-28 06:42:40
ORD-000405,464,15,3,735.73,2207.19,cancelled,2026-04-02 15:14:58
ORD-000406,196,80,2,763.18,1526.36,completed,2026-04-28 12:18:55
ORD-000407,13,50,3,365.03,1095.09,cancelled,2026-03-27 13:42:10
ORD-000408,229,99,3,482.62,1447.86,shipped,2026-03-29 05:28:40
ORD-000409,99,6,3,613.86,1841.58,completed,2026-03-04 00:16:43
ORD-000410,86,66,1,847.72,847.72,cancelled,2026-03-01 20:30:23
ORD-000411,108,69,1,370.39,370.39,completed,2026-03-21 21:36:59
ORD-000412,106,88,4,434.06,1736.24,cancelled,2026-03-08 20:12:59
ORD-000413,383,90,4,861.53,3446.12,completed,2026-03-20 21:22:28
ORD-000414,20,4,4,152.26,609.04,completed,2026-03-16 11:55:22
ORD-000415,286,10,1,123.09,123.09,completed,2026-04-19 14:49:42
ORD-000416,209,74,2,726.17,1452.34,shipped,2026-03-03 14:34:59
ORD-000417,9,58,4,275.08,1100.32,shipped,2026-04-03 12:28:49
ORD-000418,329,87,1,605.95,605.95,cancelled,2026-03-27 23:47:07
ORD-000419,184,9,5,728.78,3643.9,cancelled,2026-04-28 21:21:26
ORD-000420,311,14,3,24.48,73.44,completed,2026-03-11 13:01:42
ORD-000421,421,37,4,492.28,1969.12,completed,2026-04-06 09:36:52
ORD-000422,70,61,2,251.26,502.52,shipped,2026-03-27 15:59:42
ORD-000423,153,70,3,341.93,1025.79,completed,2026-03-21 18:45:16
ORD-000424,73,2,5,813.08,4065.4,completed,2026-03-06 03:47:26
ORD-000425,202,6,1,613.86,613.86,cancelled,2026-03-25 02:16:36
ORD-000426,384,71,1,486.45,486.45,completed,2026-04-11 16:21:08
ORD-000427,436,28,4,867.91,3471.64,cancelled,2026-03-04 00:28:57
ORD-000428,316,19,2,894.74,1789.48,completed,2026-04-19 15:57:41
ORD-000429,437,25,1,340.14,340.14,completed,2026-04-19 03:20:44
ORD-000430,282,97,5,499.11,2495.55,completed,2026-04-01 00:31:42
ORD-000431,102,38,1,344.45,344.45,cancelled,2026-04-14 20:25:29
ORD-000432,344,63,3,820.86,2462.58,completed,2026-04-08 19:19:55
ORD-000433,461,13,3,727.19,2181.57,completed,2026-03-22 21:27:31
ORD-000434,316,41,4,843.98,3375.92,completed,2026-04-02 12:02:44
ORD-000435,291,89,5,816.79,4083.95,completed,2026-04-21 03:24:32
ORD-000436,161,41,4,843.98,3375.92,completed,2026-04-20 23:49:27
ORD-000437,69,29,4,487.67,1950.68,completed,2026-04-13 10:54:42
ORD-000438,397,62,4,853.93,3415.72,completed,2026-04-02 10:56:20
ORD-000439,331,63,5,820.86,4104.3,cancelled,2026-04-24 17:36:02
ORD-000440,457,11,3,413.83,1241.49,cancelled,2026-03-07 18:54:10
ORD-000441,40,26,3,406.44,1219.32,completed,2026-03-15 01:11:08
ORD-000442,417,3,5,517.57,2587.85,cancelled,2026-03-21 22:51:52
ORD-000443,109,75,4,508.34,2033.36,completed,2026-03-12 02:31:03
ORD-000444,242,71,3,486.45,1459.35,completed,2026-03-27 04:21:04
ORD-000445,376,47,4,404.56,1618.24,completed,2026-04-16 02:32:00
ORD-000446,47,18,4,631.84,2527.36,shipped,2026-03-29 05:25:00
ORD-000447,435,47,5,404.56,2022.8,cancelled,2026-04-30 15:18:10
ORD-000448,72,88,2,434.06,868.12,shipped,2026-03-13 05:16:52
ORD-000449,338,21,2,33.4,66.8,completed,2026-03-25 03:23:58
ORD-000450,21,95,4,627.59,2510.36,completed,2026-03-01 10:56:12
ORD-000451,136,98,4,258.34,1033.36,completed,2026-04-16 21:42:41
ORD-000452,266,30,1,774.96,774.96,completed,2026-03-19 16:28:18
ORD-000453,452,50,4,365.03,1460.12,completed,2026-03-03 07:26:49
ORD-000454,325,6,3,613.86,1841.58,completed,2026-04-24 05:01:03
ORD-000455,292,95,3,627.59,1882.77,completed,2026-03-24 04:10:51
ORD-000456,335,49,4,224.04,896.16,completed,2026-04-07 02:36:12
ORD-000457,265,67,3,346.13,1038.39,shipped,2026-04-06 15:53:05
ORD-000458,455,46,3,95.3,285.9,cancelled,2026-03-30 06:26:49
ORD-000459,226,1,5,60.27,301.35,completed,2026-03-05 18:56:26
ORD-000460,144,30,1,774.96,774.96,completed,2026-03-29 00:34:19
ORD-000461,309,20,2,887.59,1775.18,completed,2026-04-20 10:48:43
ORD-000462,369,85,2,70.14,140.28,completed,2026-04-04 11:58:37
ORD-000463,303,62,4,853.93,3415.72,completed,2026-03-31 16:19:43
ORD-000464,23,83,4,342.57,1370.28,completed,2026-04-29 15:07:42
ORD-000465,323,74,5,726.17,3630.85,cancelled,2026-04-20 19:05:42
ORD-000466,86,6,5,613.86,3069.3,completed,2026-04-21 21:57:52
ORD-000467,497,24,5,583.06,2915.3,cancelled,2026-04-05 02:10:42
ORD-000468,485,82,1,175.48,175.48,completed,2026-03-05 13:40:48
ORD-000469,445,28,4,867.91,3471.64,shipped,2026-03-23 06:50:11
ORD-000470,308,22,2,166.08,332.16,completed,2026-03-08 09:02:40
ORD-000471,136,75,2,508.34,1016.68,completed,2026-03-22 05:24:08
ORD-000472,306,93,3,673.46,2020.38,cancelled,2026-03-02 07:29:23
ORD-000473,68,9,2,728.78,1457.56,completed,2026-04-06 09:57:57
ORD-000474,351,3,2,517.57,1035.14,shipped,2026-03-28 05:38:13
ORD-000475,244,20,5,887.59,4437.95,cancelled,2026-04-24 17:32:25
ORD-000476,258,77,1,352.64,352.64,completed,2026-03-05 04:39:05
ORD-000477,462,12,4,505.12,2020.48,cancelled,2026-03-19 19:15:18
ORD-000478,221,70,1,341.93,341.93,cancelled,2026-03-04 00:21:44
ORD-000479,358,54,3,214.57,643.71,cancelled,2026-03-06 22:25:07
ORD-000480,405,55,2,520.62,1041.24,shipped,2026-03-01 06:26:48
ORD-000481,51,45,5,220.4,1102.0,shipped,2026-03-10 03:01:27
ORD-000482,466,18,3,631.84,1895.52,completed,2026-03-31 15:32:05
ORD-000483,210,37,5,492.28,2461.4,completed,2026-03-05 04:12:13
ORD-000484,296,25,1,340.14,340.14,cancelled,2026-03-16 23:44:28
ORD-000485,336,16,5,200.02,1000.1,completed,2026-04-30 10:20:45
ORD-000486,55,89,3,816.79,2450.37,completed,2026-04-04 10:48:37
ORD-000487,438,55,5,520.62,2603.1,cancelled,2026-04-14 14:29:11
ORD-000488,142,55,5,520.62,2603.1,shipped,2026-04-07 01:43:20
ORD-000489,402,97,2,499.11,998.22,cancelled,2026-04-04 03:53:55
ORD-000490,285,62,2,853.93,1707.86,shipped,2026-04-07 03:38:39
ORD-000491,397,33,3,656.43,1969.29,shipped,2026-03-25 11:27:45
ORD-000492,383,95,2,627.59,1255.18,completed,2026-03-07 19:39:52
ORD-000493,261,58,2,275.08,550.16,shipped,2026-04-24 16:11:31
ORD-000494,83,44,5,555.36,2776.8,shipped,2026-03-22 22:06:18
ORD-000495,422,82,1,175.48,175.48,completed,2026-03-10 20:41:01
ORD-000496,33,61,5,251.26,1256.3,completed,2026-04-03 20:47:28
ORD-000497,20,29,3,487.67,1463.01,shipped,2026-04-25 01:49:34
ORD-000498,147,52,5,778.04,3890.2,cancelled,2026-03-20 05:01:51
ORD-000499,225,8,2,809.51,1619.02,completed,2026-03-21 06:00:03
ORD-000500,18,26,5,406.44,2032.2,cancelled,2026-04-12 16:54:35
ORD-000501,315,66,5,847.72,4238.6,completed,2026-03-17 15:33:55
ORD-000502,336,87,1,605.95,605.95,completed,2026-04-07 15:17:21
ORD-000503,181,21,1,33.4,33.4,shipped,2026-04-13 09:27:26
ORD-000504,8,52,5,778.04,3890.2,completed,2026-04-18 05:08:59
ORD-000505,469,12,5,505.12,2525.6,cancelled,2026-04-12 03:38:36
ORD-000506,116,45,3,220.4,661.2,cancelled,2026-03-09 13:55:58
ORD-000507,295,25,4,340.14,1360.56,completed,2026-03-02 09:17:33
ORD-000508,55,34,2,752.17,1504.34,cancelled,2026-04-04 05:34:07
ORD-000509,485,10,5,123.09,615.45,completed,2026-04-12 11:37:20
ORD-000510,417,66,3,847.72,2543.16,cancelled,2026-03-05 04:24:56
ORD-000511,248,33,4,656.43,2625.72,completed,2026-04-06 03:29:45
ORD-000512,349,97,3,499.11,1497.33,shipped,2026-03-12 07:17:38
ORD-000513,133,76,1,503.77,503.77,completed,2026-03-31 19:46:01
ORD-000514,410,49,2,224.04,448.08,completed,2026-03-18 15:37:43
ORD-000515,5,53,3,130.42,391.26,completed,2026-03-28 04:29:52
ORD-000516,345,32,3,356.79,1070.37,completed,2026-04-25 09:28:32
ORD-000517,244,10,5,123.09,615.45,completed,2026-03-02 17:30:06
ORD-000518,138,46,2,95.3,190.6,completed,2026-03-04 03:06:43
ORD-000519,121,96,2,188.04,376.08,completed,2026-03-30 16:43:50
ORD-000520,428,34,2,752.17,1504.34,completed,2026-04-16 16:37:03
ORD-000521,62,80,3,763.18,2289.54,completed,2026-04-21 20:06:57
ORD-000522,392,87,4,605.95,2423.8,cancelled,2026-03-22 23:45:32
ORD-000523,162,6,4,613.86,2455.44,shipped,2026-04-07 01:24:08
ORD-000524,392,74,3,726.17,2178.51,cancelled,2026-03-30 17:20:31
ORD-000525,66,36,4,419.39,1677.56,completed,2026-04-16 03:00:16
ORD-000526,17,68,4,290.27,1161.08,cancelled,2026-03-31 04:18:41
ORD-000527,235,45,4,220.4,881.6,completed,2026-03-06 17:38:09
ORD-000528,353,90,5,861.53,4307.65,completed,2026-04-01 12:30:27
ORD-000529,52,2,2,813.08,1626.16,completed,2026-04-06 02:50:47
ORD-000530,96,47,5,404.56,2022.8,cancelled,2026-03-06 14:32:41
ORD-000531,491,34,2,752.17,1504.34,cancelled,2026-04-13 06:50:20
ORD-000532,218,44,3,555.36,1666.08,completed,2026-04-19 05:50:26
ORD-000533,144,54,3,214.57,643.71,shipped,2026-04-07 09:24:54
ORD-000534,352,24,5,583.06,2915.3,completed,2026-04-22 03:01:57
ORD-000535,285,13,3,727.19,2181.57,shipped,2026-03-10 15:24:53
ORD-000536,243,49,2,224.04,448.08,completed,2026-04-21 18:33:19
ORD-000537,458,23,4,690.42,2761.68,cancelled,2026-03-30 19:06:15
ORD-000538,154,69,3,370.39,1111.17,completed,2026-03-11 06:16:58
ORD-000539,51,72,5,765.16,3825.8,completed,2026-04-27 09:29:41
ORD-000540,244,8,2,809.51,1619.02,completed,2026-03-09 14:44:30
ORD-000541,185,58,3,275.08,825.24,cancelled,2026-04-14 10:51:28
ORD-000542,211,72,3,765.16,2295.48,completed,2026-04-08 23:16:41
ORD-000543,295,45,5,220.4,1102.0,cancelled,2026-04-18 02:59:51
ORD-000544,345,23,3,690.42,2071.26,cancelled,2026-04-08 12:09:50
ORD-000545,196,63,4,820.86,3283.44,cancelled,2026-03-05 21:08:43
ORD-000546,445,37,4,492.28,1969.12,completed,2026-03-21 18:43:35
ORD-000547,314,82,3,175.48,526.44,cancelled,2026-04-04 01:00:58
ORD-000548,176,52,1,778.04,778.04,completed,2026-04-25 18:06:07
ORD-000549,364,41,3,843.98,2531.94,completed,2026-03-20 13:23:32
ORD-000550,400,78,4,186.99,747.96,completed,2026-04-13 07:48:07
ORD-000551,212,96,5,188.04,940.2,completed,2026-03-28 07:36:20
ORD-000552,339,24,1,583.06,583.06,completed,2026-04-22 15:27:27
ORD-000553,204,96,1,188.04,188.04,completed,2026-04-17 17:55:23
ORD-000554,281,13,1,727.19,727.19,completed,2026-03-02 06:46:19
ORD-000555,54,4,4,152.26,609.04,completed,2026-03-28 20:58:09
ORD-000556,477,80,2,763.18,1526.36,shipped,2026-04-25 00:09:30
ORD-000557,227,40,2,143.83,287.66,completed,2026-04-15 13:39:13
ORD-000558,15,17,5,45.53,227.65,completed,2026-03-08 17:47:19
ORD-000559,443,85,3,70.14,210.42,shipped,2026-03-06 12:09:36
ORD-000560,281,60,5,202.83,1014.15,shipped,2026-03-02 14:04:55
ORD-000561,306,18,5,631.84,3159.2,shipped,2026-04-19 02:29:19
ORD-000562,328,81,5,484.39,2421.95,cancelled,2026-04-03 04:56:30
ORD-000563,117,40,3,143.83,431.49,completed,2026-03-31 04:21:05
ORD-000564,134,57,3,737.45,2212.35,completed,2026-04-07 08:59:32
ORD-000565,418,39,1,226.52,226.52,completed,2026-04-30 04:56:48
ORD-000566,5,45,3,220.4,661.2,shipped,2026-03-31 04:31:04
ORD-000567,393,97,4,499.11,1996.44,shipped,2026-04-11 23:40:03
ORD-000568,281,38,5,344.45,1722.25,completed,2026-04-16 23:44:14
ORD-000569,224,25,4,340.14,1360.56,shipped,2026-03-05 03:35:28
ORD-000570,200,32,2,356.79,713.58,shipped,2026-03-16 00:28:49
ORD-000571,321,29,3,487.67,1463.01,completed,2026-04-25 08:37:37
ORD-000572,146,67,5,346.13,1730.65,cancelled,2026-03-10 14:06:07
ORD-000573,94,35,4,25.35,101.4,completed,2026-04-18 21:30:27
ORD-000574,317,38,1,344.45,344.45,shipped,2026-03-21 07:25:18
ORD-000575,165,35,5,25.35,126.75,completed,2026-03-30 17:09:47
ORD-000576,96,20,1,887.59,887.59,completed,2026-03-27 23:11:40
ORD-000577,373,37,3,492.28,1476.84,completed,2026-04-22 08:02:16
ORD-000578,253,30,1,774.96,774.96,completed,2026-04-21 23:27:50
ORD-000579,191,44,4,555.36,2221.44,shipped,2026-04-11 05:51:15
ORD-000580,432,90,1,861.53,861.53,completed,2026-04-09 21:04:45
ORD-000581,37,8,3,809.51,2428.53,cancelled,2026-03-12 09:42:45
ORD-000582,419,61,2,251.26,502.52,shipped,2026-04-18 14:53:42
ORD-000583,198,2,1,813.08,813.08,shipped,2026-03-12 14:56:09
ORD-000584,377,32,1,356.79,356.79,completed,2026-04-18 07:13:18
ORD-000585,349,67,2,346.13,692.26,completed,2026-03-31 09:49:57
ORD-000586,382,42,2,690.11,1380.22,cancelled,2026-03-21 22:27:51
ORD-000587,327,67,1,346.13,346.13,completed,2026-04-14 06:28:45
ORD-000588,443,26,3,406.44,1219.32,completed,2026-03-05 22:06:13
ORD-000589,167,15,2,735.73,1471.46,completed,2026-03-21 08:11:34
ORD-000590,203,22,3,166.08,498.24,completed,2026-03-24 19:38:38
ORD-000591,353,2,1,813.08,813.08,cancelled,2026-03-24 06:41:46
ORD-000592,128,20,3,887.59,2662.77,completed,2026-03-12 20:44:32
ORD-000593,174,64,1,612.48,612.48,completed,2026-03-18 01:28:33
ORD-000594,360,8,3,809.51,2428.53,cancelled,2026-03-20 18:23:46
ORD-000595,163,14,2,24.48,48.96,cancelled,2026-03-30 15:31:43
ORD-000596,376,83,3,342.57,1027.71,completed,2026-03-10 08:01:37
ORD-000597,129,3,4,517.57,2070.28,completed,2026-04-08 19:05:41
ORD-000598,278,63,4,820.86,3283.44,shipped,2026-03-26 13:16:12
ORD-000599,179,25,5,340.14,1700.7,completed,2026-04-19 04:12:27
ORD-000600,469,94,4,433.63,1734.52,cancelled,2026-04-13 02:12:10
ORD-000601,231,21,1,33.4,33.4,completed,2026-03-28 18:21:21
ORD-000602,1,34,5,752.17,3760.85,cancelled,2026-04-07 07:28:03
ORD-000603,318,49,2,224.04,448.08,completed,2026-03-05 23:19:07
ORD-000604,370,100,5,281.04,1405.2,completed,2026-04-15 12:19:26
ORD-000605,98,85,5,70.14,350.7,cancelled,2026-03-09 09:53:31
ORD-000606,79,88,4,434.06,1736.24,cancelled,2026-03-12 03:55:19
ORD-000607,165,37,3,492.28,1476.84,completed,2026-04-04 00:39:56
ORD-000608,23,13,5,727.19,3635.95,completed,2026-03-19 21:34:21
ORD-000609,249,23,1,690.42,690.42,completed,2026-04-18 20:06:09
ORD-000610,429,13,1,727.19,727.19,shipped,2026-03-25 00:38:05
ORD-000611,360,85,4,70.14,280.56,cancelled,2026-03-28 01:16:55
ORD-000612,311,33,1,656.43,656.43,completed,2026-04-07 15:57:50
ORD-000613,476,2,2,813.08,1626.16,completed,2026-03-20 06:06:31
ORD-000614,381,60,1,202.83,202.83,shipped,2026-04-07 03:41:00
ORD-000615,137,48,1,634.44,634.44,cancelled,2026-03-09 01:32:18
ORD-000616,40,6,1,613.86,613.86,completed,2026-03-08 12:56:07
ORD-000617,273,67,1,346.13,346.13,shipped,2026-04-24 15:35:21
ORD-000618,128,25,2,340.14,680.28,cancelled,2026-03-28 00:05:02
ORD-000619,213,81,2,484.39,968.78,completed,2026-03-26 03:40:44
ORD-000620,360,99,5,482.62,2413.1,shipped,2026-04-08 07:17:55
ORD-000621,282,14,2,24.48,48.96,shipped,2026-03-11 17:25:56
ORD-000622,274,65,3,448.58,1345.74,cancelled,2026-03-19 18:14:28
ORD-000623,282,57,3,737.45,2212.35,completed,2026-03-04 12:31:33
ORD-000624,221,48,4,634.44,2537.76,completed,2026-03-13 00:56:40
ORD-000625,110,78,2,186.99,373.98,shipped,2026-03-25 04:08:04
ORD-000626,185,99,5,482.62,2413.1,shipped,2026-03-02 14:44:57
ORD-000627,146,58,4,275.08,1100.32,cancelled,2026-04-30 22:44:17
ORD-000628,4,3,5,517.57,2587.85,completed,2026-04-22 13:00:38
ORD-000629,12,29,2,487.67,975.34,completed,2026-03-07 12:32:05
ORD-000630,475,71,5,486.45,2432.25,cancelled,2026-03-26 03:13:22
ORD-000631,183,20,1,887.59,887.59,completed,2026-04-28 07:14:19
ORD-000632,128,18,3,631.84,1895.52,completed,2026-04-07 02:48:16
ORD-000633,205,33,3,656.43,1969.29,cancelled,2026-04-25 03:13:46
ORD-000634,406,28,1,867.91,867.91,shipped,2026-03-15 12:10:42
ORD-000635,420,23,4,690.42,2761.68,completed,2026-03-09 03:01:13
ORD-000636,196,77,3,352.64,1057.92,completed,2026-04-28 03:01:06
ORD-000637,179,100,1,281.04,281.04,shipped,2026-03-03 11:49:31
ORD-000638,383,54,1,214.57,214.57,cancelled,2026-03-06 15:44:44
ORD-000639,269,2,4,813.08,3252.32,completed,2026-04-27 12:54:12
ORD-000640,168,41,5,843.98,4219.9,cancelled,2026-03-25 18:33:15
ORD-000641,345,90,2,861.53,1723.06,shipped,2026-04-21 22:09:39
ORD-000642,47,58,5,275.08,1375.4,completed,2026-03-25 05:37:25
ORD-000643,76,56,3,540.14,1620.42,completed,2026-03-11 09:38:36
ORD-000644,382,44,1,555.36,555.36,completed,2026-03-31 03:11:41
ORD-000645,205,71,4,486.45,1945.8,cancelled,2026-04-14 20:54:09
ORD-000646,247,56,2,540.14,1080.28,cancelled,2026-03-13 19:05:23
ORD-000647,293,26,4,406.44,1625.76,completed,2026-04-05 00:15:09
ORD-000648,127,72,5,765.16,3825.8,completed,2026-03-14 04:54:46
ORD-000649,166,10,3,123.09,369.27,cancelled,2026-03-12 08:20:31
ORD-000650,217,12,1,505.12,505.12,completed,2026-03-19 08:56:31
ORD-000651,305,45,2,220.4,440.8,completed,2026-04-10 11:27:23
ORD-000652,316,99,3,482.62,1447.86,shipped,2026-04-20 11:16:02
ORD-000653,474,80,2,763.18,1526.36,completed,2026-04-02 22:21:58
ORD-000654,58,26,3,406.44,1219.32,completed,2026-04-21 20:52:33
ORD-000655,445,32,5,356.79,1783.95,completed,2026-03-02 18:37:24
ORD-000656,157,2,3,813.08,2439.24,shipped,2026-03-17 19:56:55
ORD-000657,379,61,1,251.26,251.26,cancelled,2026-04-09 16:23:25
ORD-000658,385,28,2,867.91,1735.82,completed,2026-03-27 04:56:55
ORD-000659,356,71,4,486.45,1945.8,completed,2026-03-22 18:51:14
ORD-000660,23,49,5,224.04,1120.2,completed,2026-03-04 04:49:12
ORD-000661,405,22,1,166.08,166.08,cancelled,2026-04-12 16:41:35
ORD-000662,484,35,1,25.35,25.35,completed,2026-04-01 00:09:40
ORD-000663,340,9,4,728.78,2915.12,completed,2026-03-19 14:07:19
ORD-000664,198,14,1,24.48,24.48,completed,2026-04-12 00:21:21
ORD-000665,463,49,5,224.04,1120.2,completed,2026-03-16 20:22:25
ORD-000666,96,63,5,820.86,4104.3,completed,2026-03-27 20:47:43
ORD-000667,21,65,4,448.58,1794.32,completed,2026-03-26 23:13:04
ORD-000668,202,68,3,290.27,870.81,completed,2026-04-09 06:09:44
ORD-000669,182,3,3,517.57,1552.71,completed,2026-03-18 11:11:15
ORD-000670,321,31,5,164.73,823.65,completed,2026-04-13 21:44:33
ORD-000671,486,50,1,365.03,365.03,completed,2026-03-01 03:47:43
ORD-000672,337,29,2,487.67,975.34,completed,2026-04-09 09:41:49
ORD-000673,447,12,4,505.12,2020.48,completed,2026-03-28 01:42:06
ORD-000674,219,54,2,214.57,429.14,completed,2026-03-25 18:26:19
ORD-000675,68,78,3,186.99,560.97,completed,2026-04-02 04:15:29
ORD-000676,351,84,2,544.62,1089.24,completed,2026-03-24 04:17:24
ORD-000677,466,18,3,631.84,1895.52,completed,2026-03-17 04:55:44
ORD-000678,470,56,2,540.14,1080.28,completed,2026-03-20 03:26:05
ORD-000679,486,41,1,843.98,843.98,completed,2026-03-26 04:35:44
ORD-000680,373,24,3,583.06,1749.18,completed,2026-03-08 18:42:07
ORD-000681,493,98,3,258.34,775.02,shipped,2026-03-05 08:55:31
ORD-000682,478,39,4,226.52,906.08,completed,2026-03-14 00:48:48
ORD-000683,95,20,2,887.59,1775.18,completed,2026-04-24 19:12:39
ORD-000684,311,98,5,258.34,1291.7,cancelled,2026-03-22 14:17:02
ORD-000685,119,79,2,75.77,151.54,completed,2026-03-23 15:32:48
ORD-000686,69,46,1,95.3,95.3,cancelled,2026-03-17 06:38:51
ORD-000687,192,78,4,186.99,747.96,completed,2026-03-16 00:21:00
ORD-000688,84,50,4,365.03,1460.12,completed,2026-03-31 18:59:36
ORD-000689,474,29,1,487.67,487.67,completed,2026-04-04 23:27:13
ORD-000690,388,53,2,130.42,260.84,completed,2026-03-14 16:36:55
ORD-000691,444,9,2,728.78,1457.56,cancelled,2026-03-02 08:00:23
ORD-000692,455,63,3,820.86,2462.58,completed,2026-03-06 07:20:29
ORD-000693,312,55,4,520.62,2082.48,shipped,2026-03-12 22:28:38
ORD-000694,481,93,3,673.46,2020.38,cancelled,2026-04-05 01:44:09
ORD-000695,449,77,5,352.64,1763.2,completed,2026-03-28 00:38:52
ORD-000696,424,67,1,346.13,346.13,completed,2026-04-02 07:21:54
ORD-000697,377,32,5,356.79,1783.95,completed,2026-03-27 09:35:47
ORD-000698,493,72,4,765.16,3060.64,completed,2026-03-28 01:02:20
ORD-000699,453,25,3,340.14,1020.42,completed,2026-04-02 09:30:29
ORD-000700,217,100,3,281.04,843.12,completed,2026-04-01 17:56:19
ORD-000701,463,79,1,75.77,75.77,completed,2026-03-17 05:10:40
ORD-000702,58,60,4,202.83,811.32,completed,2026-04-25 05:46:18
ORD-000703,70,100,5,281.04,1405.2,shipped,2026-03-01 04:06:22
ORD-000704,92,53,3,130.42,391.26,shipped,2026-04-02 23:05:35
ORD-000705,47,76,2,503.77,1007.54,completed,2026-03-05 07:26:44
ORD-000706,47,42,2,690.11,1380.22,completed,2026-03-16 19:30:07
ORD-000707,44,91,4,194.57,778.28,cancelled,2026-03-21 10:47:09
ORD-000708,314,91,4,194.57,778.28,completed,2026-03-15 05:22:15
ORD-000709,394,49,5,224.04,1120.2,completed,2026-04-06 22:24:06
ORD-000710,84,43,5,729.48,3647.4,completed,2026-03-06 18:32:08
ORD-000711,159,23,1,690.42,690.42,shipped,2026-04-04 12:47:02
ORD-000712,492,37,2,492.28,984.56,completed,2026-04-23 19:12:35
ORD-000713,7,1,5,60.27,301.35,shipped,2026-03-13 14:47:05
ORD-000714,312,64,4,612.48,2449.92,shipped,2026-03-27 23:47:27
ORD-000715,233,31,2,164.73,329.46,shipped,2026-03-24 06:40:48
ORD-000716,4,57,1,737.45,737.45,completed,2026-03-23 02:09:04
ORD-000717,286,71,3,486.45,1459.35,completed,2026-03-22 01:06:44
ORD-000718,335,7,2,526.92,1053.84,completed,2026-04-21 21:59:43
ORD-000719,342,5,2,470.71,941.42,cancelled,2026-03-07 22:49:10
ORD-000720,26,78,3,186.99,560.97,completed,2026-04-09 20:48:25
ORD-000721,313,54,2,214.57,429.14,cancelled,2026-04-20 13:38:46
ORD-000722,384,74,5,726.17,3630.85,cancelled,2026-04-19 07:25:18
ORD-000723,166,47,1,404.56,404.56,completed,2026-04-25 13:06:11
ORD-000724,432,49,1,224.04,224.04,cancelled,2026-03-13 08:26:30
ORD-000725,63,9,3,728.78,2186.34,completed,2026-03-31 19:06:05
ORD-000726,108,43,5,729.48,3647.4,completed,2026-04-04 04:53:54
ORD-000727,374,79,1,75.77,75.77,cancelled,2026-04-24 03:11:50
ORD-000728,479,12,4,505.12,2020.48,completed,2026-03-15 01:58:51
ORD-000729,133,55,5,520.62,2603.1,cancelled,2026-03-07 12:28:38
ORD-000730,315,74,5,726.17,3630.85,cancelled,2026-04-08 19:16:39
ORD-000731,255,64,5,612.48,3062.4,shipped,2026-03-15 00:59:42
ORD-000732,100,24,5,583.06,2915.3,completed,2026-04-16 13:25:26
ORD-000733,408,16,1,200.02,200.02,completed,2026-04-01 01:13:40
ORD-000734,213,95,2,627.59,1255.18,shipped,2026-03-10 01:35:51
ORD-000735,413,6,3,613.86,1841.58,completed,2026-04-08 03:35:46
ORD-000736,131,2,2,813.08,1626.16,completed,2026-03-17 13:44:47
ORD-000737,166,40,3,143.83,431.49,completed,2026-03-29 03:58:32
ORD-000738,371,15,3,735.73,2207.19,cancelled,2026-04-09 09:34:50
ORD-000739,100,79,1,75.77,75.77,completed,2026-03-08 17:36:20
ORD-000740,409,44,4,555.36,2221.44,completed,2026-03-03 06:43:27
ORD-000741,322,83,2,342.57,685.14,shipped,2026-03-31 18:20:34
ORD-000742,476,69,3,370.39,1111.17,completed,2026-04-01 08:55:43
ORD-000743,285,67,3,346.13,1038.39,cancelled,2026-03-25 12:30:47
ORD-000744,410,3,2,517.57,1035.14,completed,2026-03-25 11:55:21
ORD-000745,174,9,2,728.78,1457.56,shipped,2026-04-13 22:51:55
ORD-000746,293,81,5,484.39,2421.95,cancelled,2026-03-08 17:57:27
ORD-000747,443,50,2,365.03,730.06,completed,2026-03-23 19:44:45
ORD-000748,140,91,3,194.57,583.71,shipped,2026-03-16 22:50:55
ORD-000749,191,12,4,505.12,2020.48,shipped,2026-03-05 15:20:52
ORD-000750,90,39,2,226.52,453.04,completed,2026-03-28 12:59:35
ORD-000751,468,48,1,634.44,634.44,completed,2026-03-12 16:38:31
ORD-000752,464,57,5,737.45,3687.25,cancelled,2026-04-29 06:25:37
ORD-000753,376,20,2,887.59,1775.18,cancelled,2026-04-09 06:23:51
ORD-000754,421,40,3,143.83,431.49,cancelled,2026-04-21 20:25:22
ORD-000755,236,87,2,605.95,1211.9,shipped,2026-04-17 22:40:09
ORD-000756,160,92,5,866.06,4330.3,completed,2026-04-23 23:51:02
ORD-000757,171,88,5,434.06,2170.3,shipped,2026-03-06 20:49:47
ORD-000758,382,6,1,613.86,613.86,completed,2026-03-28 00:00:26
ORD-000759,328,3,5,517.57,2587.85,completed,2026-03-13 12:38:07
ORD-000760,142,42,2,690.11,1380.22,cancelled,2026-04-18 13:34:00
ORD-000761,140,41,4,843.98,3375.92,completed,2026-03-19 19:43:00
ORD-000762,491,21,3,33.4,100.2,cancelled,2026-04-23 23:26:41
ORD-000763,278,72,5,765.16,3825.8,completed,2026-04-24 16:28:44
ORD-000764,483,71,3,486.45,1459.35,completed,2026-04-13 18:50:46
ORD-000765,160,74,2,726.17,1452.34,cancelled,2026-04-20 21:24:23
ORD-000766,67,44,5,555.36,2776.8,completed,2026-04-02 22:09:12
ORD-000767,28,61,1,251.26,251.26,completed,2026-04-24 10:02:01
ORD-000768,457,55,4,520.62,2082.48,cancelled,2026-04-19 02:17:46
ORD-000769,160,81,4,484.39,1937.56,completed,2026-03-22 11:03:08
ORD-000770,291,26,5,406.44,2032.2,completed,2026-04-25 07:02:41
ORD-000771,159,12,4,505.12,2020.48,shipped,2026-04-24 07:24:46
ORD-000772,74,61,2,251.26,502.52,cancelled,2026-03-01 15:51:07
ORD-000773,359,34,3,752.17,2256.51,completed,2026-04-05 17:19:28
ORD-000774,34,42,4,690.11,2760.44,shipped,2026-03-30 22:53:54
ORD-000775,434,15,3,735.73,2207.19,completed,2026-03-31 07:12:25
ORD-000776,66,37,3,492.28,1476.84,cancelled,2026-03-23 03:04:36
ORD-000777,167,14,4,24.48,97.92,cancelled,2026-03-09 20:06:18
ORD-000778,273,84,1,544.62,544.62,shipped,2026-03-11 13:00:01
ORD-000779,318,52,5,778.04,3890.2,completed,2026-04-04 15:18:50
ORD-000780,34,71,2,486.45,972.9,completed,2026-03-31 10:01:33
ORD-000781,291,27,5,341.2,1706.0,completed,2026-04-03 08:08:58
ORD-000782,379,70,2,341.93,683.86,cancelled,2026-04-19 21:09:51
ORD-000783,238,63,1,820.86,820.86,completed,2026-03-24 02:17:52
ORD-000784,91,72,1,765.16,765.16,completed,2026-03-09 07:47:25
ORD-000785,351,52,1,778.04,778.04,cancelled,2026-03-23 20:02:27
ORD-000786,331,99,4,482.62,1930.48,completed,2026-04-10 06:00:12
ORD-000787,455,12,2,505.12,1010.24,cancelled,2026-03-09 18:56:32
ORD-000788,339,97,1,499.11,499.11,completed,2026-03-13 18:39:29
ORD-000789,316,58,5,275.08,1375.4,cancelled,2026-04-12 09:48:05
ORD-000790,154,58,2,275.08,550.16,cancelled,2026-04-17 12:28:23
ORD-000791,368,87,3,605.95,1817.85,completed,2026-03-03 08:10:20
ORD-000792,262,12,5,505.12,2525.6,shipped,2026-04-30 01:44:11
ORD-000793,462,17,3,45.53,136.59,cancelled,2026-04-27 10:33:26
ORD-000794,421,7,1,526.92,526.92,completed,2026-03-16 03:36:36
ORD-000795,121,15,3,735.73,2207.19,shipped,2026-03-06 22:51:53
ORD-000796,163,90,5,861.53,4307.65,shipped,2026-04-05 01:14:12
ORD-000797,109,52,4,778.04,3112.16,completed,2026-04-03 04:09:11
ORD-000798,197,61,2,251.26,502.52,completed,2026-04-18 03:46:40
ORD-000799,69,54,2,214.57,429.14,completed,2026-04-12 19:25:45
ORD-000800,337,10,1,123.09,123.09,shipped,2026-04-21 06:16:48
ORD-000801,413,18,1,631.84,631.84,shipped,2026-04-22 00:37:00
ORD-000802,320,59,5,887.2,4436.0,completed,2026-03-02 08:30:03
ORD-000803,420,59,5,887.2,4436.0,shipped,2026-04-03 03:54:02
ORD-000804,218,50,3,365.03,1095.09,cancelled,2026-04-16 17:14:08
ORD-000805,365,1,5,60.27,301.35,cancelled,2026-03-30 15:22:49
ORD-000806,296,35,4,25.35,101.4,completed,2026-03-02 04:06:53
ORD-000807,361,5,1,470.71,470.71,completed,2026-03-25 06:24:18
ORD-000808,73,15,5,735.73,3678.65,cancelled,2026-03-31 21:05:06
ORD-000809,41,97,3,499.11,1497.33,cancelled,2026-04-01 05:10:43
ORD-000810,323,79,1,75.77,75.77,completed,2026-04-15 06:47:55
ORD-000811,160,88,5,434.06,2170.3,cancelled,2026-03-10 02:53:47
ORD-000812,241,7,3,526.92,1580.76,shipped,2026-03-27 23:36:27
ORD-000813,216,66,4,847.72,3390.88,completed,2026-03-25 11:55:48
ORD-000814,356,38,3,344.45,1033.35,cancelled,2026-04-20 22:42:50
ORD-000815,134,96,3,188.04,564.12,completed,2026-03-15 03:28:34
ORD-000816,294,81,4,484.39,1937.56,completed,2026-03-24 17:50:39
ORD-000817,14,85,3,70.14,210.42,completed,2026-03-10 01:16:10
ORD-000818,40,63,1,820.86,820.86,completed,2026-04-22 05:35:31
ORD-000819,141,33,2,656.43,1312.86,completed,2026-03-22 13:46:13
ORD-000820,466,2,1,813.08,813.08,cancelled,2026-03-23 17:38:34
ORD-000821,190,95,2,627.59,1255.18,completed,2026-03-19 07:44:17
ORD-000822,410,34,2,752.17,1504.34,cancelled,2026-03-30 17:25:01
ORD-000823,305,5,3,470.71,1412.13,completed,2026-04-25 18:43:06
ORD-000824,122,64,4,612.48,2449.92,shipped,2026-03-12 10:02:58
ORD-000825,376,93,2,673.46,1346.92,completed,2026-04-17 02:57:53
ORD-000826,27,7,3,526.92,1580.76,completed,2026-03-13 19:46:37
ORD-000827,244,60,4,202.83,811.32,cancelled,2026-03-31 13:01:40
ORD-000828,243,30,4,774.96,3099.84,completed,2026-03-18 09:47:53
ORD-000829,7,19,5,894.74,4473.7,completed,2026-03-06 08:10:19
ORD-000830,493,58,4,275.08,1100.32,cancelled,2026-03-18 12:30:23
ORD-000831,327,88,1,434.06,434.06,completed,2026-04-24 04:39:23
ORD-000832,440,56,5,540.14,2700.7,completed,2026-03-03 00:15:33
ORD-000833,131,43,3,729.48,2188.44,cancelled,2026-04-13 20:25:19
ORD-000834,376,51,4,488.09,1952.36,cancelled,2026-03-12 15:11:48
ORD-000835,347,99,2,482.62,965.24,completed,2026-03-28 11:42:56
ORD-000836,426,41,5,843.98,4219.9,completed,2026-04-30 23:41:30
ORD-000837,54,2,4,813.08,3252.32,shipped,2026-04-24 04:52:33
ORD-000838,129,45,2,220.4,440.8,completed,2026-03-15 13:41:08
ORD-000839,30,5,1,470.71,470.71,cancelled,2026-03-22 20:39:10
ORD-000840,327,85,2,70.14,140.28,completed,2026-03-01 02:10:38
ORD-000841,67,91,1,194.57,194.57,shipped,2026-04-25 01:59:03
ORD-000842,459,85,5,70.14,350.7,completed,2026-03-10 17:16:23
ORD-000843,240,90,2,861.53,1723.06,completed,2026-04-14 13:16:31
ORD-000844,394,82,4,175.48,701.92,shipped,2026-03-02 13:56:14
ORD-000845,400,89,3,816.79,2450.37,completed,2026-04-14 18:06:11
ORD-000846,171,36,1,419.39,419.39,completed,2026-04-06 09:51:07
ORD-000847,36,34,3,752.17,2256.51,shipped,2026-04-19 07:57:33
ORD-000848,331,26,5,406.44,2032.2,shipped,2026-04-05 17:30:12
ORD-000849,112,14,2,24.48,48.96,cancelled,2026-03-27 08:17:55
ORD-000850,367,83,1,342.57,342.57,completed,2026-03-03 07:55:22
ORD-000851,293,14,1,24.48,24.48,completed,2026-04-26 21:26:11
ORD-000852,77,100,4,281.04,1124.16,completed,2026-04-29 05:52:46
ORD-000853,359,5,4,470.71,1882.84,completed,2026-04-13 18:28:49
ORD-000854,363,51,5,488.09,2440.45,shipped,2026-04-30 05:14:08
ORD-000855,277,62,4,853.93,3415.72,completed,2026-04-05 21:26:52
ORD-000856,63,1,4,60.27,241.08,cancelled,2026-03-17 06:26:55
ORD-000857,206,69,3,370.39,1111.17,completed,2026-04-09 12:58:28
ORD-000858,437,81,1,484.39,484.39,completed,2026-04-07 04:32:06
ORD-000859,332,11,4,413.83,1655.32,completed,2026-03-13 13:26:35
ORD-000860,339,23,5,690.42,3452.1,completed,2026-04-28 10:00:47
ORD-000861,323,39,4,226.52,906.08,completed,2026-03-04 20:06:46
ORD-000862,225,63,1,820.86,820.86,completed,2026-03-05 00:57:39
ORD-000863,369,18,1,631.84,631.84,cancelled,2026-04-18 23:04:36
ORD-000864,406,31,4,164.73,658.92,cancelled,2026-04-06 21:42:24
ORD-000865,495,83,3,342.57,1027.71,shipped,2026-03-30 04:33:36
ORD-000866,173,3,1,517.57,517.57,completed,2026-04-09 21:57:33
ORD-000867,342,52,1,778.04,778.04,cancelled,2026-04-17 00:11:39
ORD-000868,120,59,5,887.2,4436.0,completed,2026-04-21 02:54:24
ORD-000869,10,5,2,470.71,941.42,shipped,2026-03-30 00:11:41
ORD-000870,67,80,1,763.18,763.18,completed,2026-04-15 00:22:43
ORD-000871,421,23,1,690.42,690.42,completed,2026-03-04 12:48:37
ORD-000872,33,59,5,887.2,4436.0,completed,2026-04-20 02:28:51
ORD-000873,113,15,4,735.73,2942.92,completed,2026-03-23 01:35:09
ORD-000874,167,26,4,406.44,1625.76,completed,2026-04-09 09:21:48
ORD-000875,165,88,5,434.06,2170.3,completed,2026-03-27 19:00:00
ORD-000876,172,98,1,258.34,258.34,completed,2026-03-24 17:41:06
ORD-000877,87,16,3,200.02,600.06,completed,2026-04-21 08:53:05
ORD-000878,474,71,2,486.45,972.9,cancelled,2026-04-02 15:07:46
ORD-000879,314,6,2,613.86,1227.72,shipped,2026-04-24 00:58:57
ORD-000880,42,100,2,281.04,562.08,completed,2026-04-29 06:16:13
ORD-000881,362,1,2,60.27,120.54,cancelled,2026-03-02 20:45:17
ORD-000882,355,37,4,492.28,1969.12,completed,2026-03-17 06:40:09
ORD-000883,268,27,2,341.2,682.4,shipped,2026-03-21 14:08:07
ORD-000884,313,53,2,130.42,260.84,completed,2026-03-01 17:38:42
ORD-000885,314,77,2,352.64,705.28,completed,2026-03-16 05:47:59
ORD-000886,3,81,3,484.39,1453.17,cancelled,2026-04-08 08:45:09
ORD-000887,49,31,2,164.73,329.46,cancelled,2026-04-23 04:41:46
ORD-000888,238,47,5,404.56,2022.8,completed,2026-03-29 16:01:00
ORD-000889,408,36,1,419.39,419.39,completed,2026-04-18 19:53:51
ORD-000890,82,88,4,434.06,1736.24,completed,2026-03-30 17:34:49
ORD-000891,223,7,3,526.92,1580.76,completed,2026-04-12 16:22:09
ORD-000892,23,43,5,729.48,3647.4,completed,2026-03-10 07:30:06
ORD-000893,91,95,1,627.59,627.59,completed,2026-03-02 04:26:08
ORD-000894,37,4,4,152.26,609.04,completed,2026-03-29 19:46:28
ORD-000895,167,93,4,673.46,2693.84,shipped,2026-03-24 02:53:30
ORD-000896,167,26,3,406.44,1219.32,completed,2026-04-16 19:59:25
ORD-000897,446,13,2,727.19,1454.38,completed,2026-03-14 08:58:41
ORD-000898,300,49,2,224.04,448.08,shipped,2026-04-26 06:51:07
ORD-000899,476,7,4,526.92,2107.68,cancelled,2026-04-21 16:07:47
ORD-000900,70,59,2,887.2,1774.4,shipped,2026-04-06 10:24:07
ORD-000901,500,93,2,673.46,1346.92,completed,2026-03-21 10:56:39
ORD-000902,355,26,3,406.44,1219.32,cancelled,2026-04-22 22:49:54
ORD-000903,437,8,3,809.51,2428.53,shipped,2026-04-22 19:57:17
ORD-000904,113,59,4,887.2,3548.8,completed,2026-04-20 11:29:27
ORD-000905,488,78,2,186.99,373.98,cancelled,2026-03-11 00:46:17
ORD-000906,45,22,5,166.08,830.4,shipped,2026-03-26 15:38:13
ORD-000907,303,67,4,346.13,1384.52,shipped,2026-03-06 16:07:11
ORD-000908,377,60,3,202.83,608.49,completed,2026-04-30 08:24:47
ORD-000909,114,32,3,356.79,1070.37,cancelled,2026-04-03 02:54:09
ORD-000910,214,20,5,887.59,4437.95,completed,2026-03-04 23:48:55
ORD-000911,18,6,4,613.86,2455.44,shipped,2026-03-15 05:38:32
ORD-000912,232,68,4,290.27,1161.08,shipped,2026-03-31 20:25:56
ORD-000913,355,31,1,164.73,164.73,shipped,2026-03-26 23:32:52
ORD-000914,123,28,2,867.91,1735.82,completed,2026-04-08 13:13:51
ORD-000915,83,3,4,517.57,2070.28,shipped,2026-03-19 12:54:05
ORD-000916,238,74,5,726.17,3630.85,completed,2026-04-29 07:26:24
ORD-000917,321,91,4,194.57,778.28,shipped,2026-04-19 10:30:49
ORD-000918,37,91,1,194.57,194.57,shipped,2026-03-06 01:09:38
ORD-000919,152,89,3,816.79,2450.37,shipped,2026-03-28 22:48:33
ORD-000920,278,97,3,499.11,1497.33,cancelled,2026-03-17 01:41:59
ORD-000921,377,27,1,341.2,341.2,completed,2026-03-22 11:46:40
ORD-000922,57,66,3,847.72,2543.16,shipped,2026-03-05 22:07:22
ORD-000923,188,47,4,404.56,1618.24,completed,2026-03-22 22:30:43
ORD-000924,288,23,5,690.42,3452.1,completed,2026-03-16 21:33:38
ORD-000925,59,18,3,631.84,1895.52,shipped,2026-04-15 04:21:10
ORD-000926,386,95,5,627.59,3137.95,completed,2026-03-06 16:21:42
ORD-000927,258,42,3,690.11,2070.33,shipped,2026-03-04 14:15:57
ORD-000928,177,36,1,419.39,419.39,shipped,2026-04-26 10:25:35
ORD-000929,241,63,5,820.86,4104.3,cancelled,2026-03-28 19:31:57
ORD-000930,232,87,5,605.95,3029.75,cancelled,2026-03-04 13:21:33
ORD-000931,45,48,1,634.44,634.44,completed,2026-04-18 07:19:46
ORD-000932,56,51,2,488.09,976.18,completed,2026-04-12 21:11:55
ORD-000933,255,36,1,419.39,419.39,completed,2026-03-17 18:36:48
ORD-000934,12,27,5,341.2,1706.0,completed,2026-03-01 01:09:42
ORD-000935,243,54,5,214.57,1072.85,completed,2026-03-02 19:11:35
ORD-000936,11,54,4,214.57,858.28,completed,2026-03-14 00:31:40
ORD-000937,428,25,1,340.14,340.14,cancelled,2026-04-29 15:32:29
ORD-000938,176,83,3,342.57,1027.71,completed,2026-04-04 02:55:49
ORD-000939,432,63,5,820.86,4104.3,cancelled,2026-03-19 04:41:51
ORD-000940,68,57,4,737.45,2949.8,completed,2026-04-11 03:20:50
ORD-000941,191,22,3,166.08,498.24,completed,2026-04-16 06:22:10
ORD-000942,146,99,1,482.62,482.62,shipped,2026-04-21 11:08:36
ORD-000943,365,22,5,166.08,830.4,cancelled,2026-03-02 18:08:45
ORD-000944,83,37,2,492.28,984.56,completed,2026-04-19 18:24:43
ORD-000945,65,15,1,735.73,735.73,shipped,2026-04-10 03:04:56
ORD-000946,288,34,3,752.17,2256.51,completed,2026-04-19 16:31:50
ORD-000947,191,86,3,686.72,2060.16,shipped,2026-04-08 18:36:49
ORD-000948,63,70,2,341.93,683.86,completed,2026-03-27 13:01:14
ORD-000949,486,52,4,778.04,3112.16,shipped,2026-03-12 18:42:25
ORD-000950,500,41,2,843.98,1687.96,cancelled,2026-04-30 04:06:56
ORD-000951,497,43,3,729.48,2188.44,cancelled,2026-03-31 13:26:52
ORD-000952,374,86,2,686.72,1373.44,shipped,2026-03-10 03:25:14
ORD-000953,461,44,1,555.36,555.36,completed,2026-03-15 06:33:39
ORD-000954,13,18,5,631.84,3159.2,shipped,2026-04-23 12:47:00
ORD-000955,48,80,2,763.18,1526.36,completed,2026-04-02 10:59:16
ORD-000956,299,8,5,809.51,4047.55,cancelled,2026-03-20 16:53:42
ORD-000957,43,29,3,487.67,1463.01,cancelled,2026-04-18 23:10:45
ORD-000958,100,58,1,275.08,275.08,shipped,2026-03-29 09:38:23
ORD-000959,484,41,5,843.98,4219.9,completed,2026-03-23 05:22:30
ORD-000960,367,86,3,686.72,2060.16,shipped,2026-04-05 18:36:49
ORD-000961,146,48,4,634.44,2537.76,completed,2026-04-07 23:33:23
ORD-000962,45,45,3,220.4,661.2,completed,2026-04-02 03:34:25
ORD-000963,412,94,4,433.63,1734.52,shipped,2026-03-14 08:52:06
ORD-000964,374,37,2,492.28,984.56,shipped,2026-03-10 08:34:08
ORD-000965,74,18,5,631.84,3159.2,completed,2026-03-23 20:51:58
ORD-000966,172,39,4,226.52,906.08,completed,2026-03-06 04:52:28
ORD-000967,210,76,4,503.77,2015.08,completed,2026-04-25 23:45:33
ORD-000968,364,54,2,214.57,429.14,cancelled,2026-03-26 07:10:30
ORD-000969,427,97,2,499.11,998.22,shipped,2026-04-18 17:13:40
ORD-000970,422,38,5,344.45,1722.25,completed,2026-03-30 22:27:45
ORD-000971,379,75,3,508.34,1525.02,shipped,2026-03-30 03:38:14
ORD-000972,79,29,1,487.67,487.67,completed,2026-03-11 23:54:40
ORD-000973,341,39,4,226.52,906.08,completed,2026-04-23 00:11:44
ORD-000974,126,54,2,214.57,429.14,completed,2026-03-30 00:31:27
ORD-000975,307,16,3,200.02,600.06,completed,2026-03-30 21:34:15
ORD-000976,445,75,4,508.34,2033.36,completed,2026-03-25 08:07:24
ORD-000977,192,81,4,484.39,1937.56,cancelled,2026-03-17 19:38:46
ORD-000978,84,94,5,433.63,2168.15,cancelled,2026-04-29 14:33:02
ORD-000979,450,8,2,809.51,1619.02,completed,2026-04-10 07:12:51
ORD-000980,185,46,2,95.3,190.6,shipped,2026-04-27 14:04:21
ORD-000981,150,82,3,175.48,526.44,cancelled,2026-04-27 13:26:48
ORD-000982,393,82,1,175.48,175.48,completed,2026-03-29 16:56:37
ORD-000983,279,98,1,258.34,258.34,completed,2026-03-23 17:54:54
ORD-000984,50,41,3,843.98,2531.94,cancelled,2026-04-13 10:48:04
ORD-000985,7,75,3,508.34,1525.02,completed,2026-03-09 18:46:03
ORD-000986,211,67,3,346.13,1038.39,completed,2026-04-07 06:20:44
ORD-000987,258,21,1,33.4,33.4,completed,2026-04-17 18:22:23
ORD-000988,434,25,5,340.14,1700.7,cancelled,2026-03-22 04:51:42
ORD-000989,214,92,5,866.06,4330.3,shipped,2026-03-17 19:51:03
ORD-000990,473,10,1,123.09,123.09,completed,2026-03-09 19:13:20
ORD-000991,72,62,3,853.93,2561.79,shipped,2026-04-11 10:47:58
ORD-000992,89,77,5,352.64,1763.2,completed,2026-03-13 11:32:48
ORD-000993,439,4,1,152.26,152.26,completed,2026-04-16 19:18:50
ORD-000994,108,89,2,816.79,1633.58,completed,2026-04-11 19:26:11
ORD-000995,40,11,4,413.83,1655.32,completed,2026-03-17 19:55:57
ORD-000996,22,100,4,281.04,1124.16,completed,2026-03-13 08:17:56
ORD-000997,304,14,1,24.48,24.48,completed,2026-03-11 05:18:18
ORD-000998,23,61,1,251.26,251.26,completed,2026-03-03 14:47:18
ORD-000999,401,39,1,226.52,226.52,completed,2026-03-13 20:29:12
ORD-001000,95,78,2,186.99,373.98,completed,2026-03-24 16:43:03
ORD-001001,486,4,1,152.26,152.26,cancelled,2026-04-21 13:54:04
ORD-001002,400,45,3,220.4,661.2,cancelled,2026-04-20 05:46:21
ORD-001003,51,31,5,164.73,823.65,cancelled,2026-03-25 21:30:43
ORD-001004,367,98,1,258.34,258.34,completed,2026-03-28 16:05:58
ORD-001005,3,37,2,492.28,984.56,completed,2026-03-04 04:26:38
ORD-001006,188,28,5,867.91,4339.55,cancelled,2026-03-07 06:42:59
ORD-001007,93,24,4,583.06,2332.24,completed,2026-03-18 20:05:33
ORD-001008,117,49,4,224.04,896.16,shipped,2026-04-17 05:16:37
ORD-001009,57,15,3,735.73,2207.19,cancelled,2026-04-23 07:02:14
ORD-001010,361,18,4,631.84,2527.36,completed,2026-03-13 10:50:51
ORD-001011,253,72,1,765.16,765.16,completed,2026-04-25 12:03:14
ORD-001012,377,50,3,365.03,1095.09,completed,2026-04-01 02:08:26
ORD-001013,209,88,4,434.06,1736.24,completed,2026-04-16 03:49:58
ORD-001014,459,55,2,520.62,1041.24,shipped,2026-03-07 21:27:57
ORD-001015,346,87,3,605.95,1817.85,shipped,2026-04-19 23:32:05
ORD-001016,268,87,1,605.95,605.95,completed,2026-04-05 08:03:03
ORD-001017,356,16,2,200.02,400.04,cancelled,2026-04-05 09:24:50
ORD-001018,500,14,2,24.48,48.96,completed,2026-04-26 10:45:28
ORD-001019,63,44,2,555.36,1110.72,completed,2026-03-23 09:16:50
ORD-001020,304,55,4,520.62,2082.48,completed,2026-04-13 02:48:47
ORD-001021,342,97,4,499.11,1996.44,cancelled,2026-04-08 06:40:33
ORD-001022,76,52,4,778.04,3112.16,shipped,2026-03-29 13:50:46
ORD-001023,255,14,1,24.48,24.48,completed,2026-04-14 06:11:02
ORD-001024,378,81,2,484.39,968.78,completed,2026-04-29 20:22:25
ORD-001025,498,9,4,728.78,2915.12,completed,2026-03-18 23:01:34
ORD-001026,79,49,5,224.04,1120.2,completed,2026-03-18 12:05:46
ORD-001027,339,80,5,763.18,3815.9,cancelled,2026-04-24 21:12:51
ORD-001028,104,99,4,482.62,1930.48,completed,2026-03-11 07:01:58
ORD-001029,134,85,4,70.14,280.56,cancelled,2026-03-30 05:37:16
ORD-001030,488,44,5,555.36,2776.8,completed,2026-03-27 23:21:24
ORD-001031,162,56,1,540.14,540.14,shipped,2026-04-06 07:36:43
ORD-001032,91,57,4,737.45,2949.8,cancelled,2026-04-28 22:48:14
ORD-001033,252,85,3,70.14,210.42,shipped,2026-03-05 18:01:26
ORD-001034,250,18,3,631.84,1895.52,completed,2026-03-16 09:50:03
ORD-001035,351,73,4,772.5,3090.0,cancelled,2026-03-19 03:50:15
ORD-001036,438,74,4,726.17,2904.68,completed,2026-03-31 03:31:45
ORD-001037,254,65,1,448.58,448.58,cancelled,2026-04-05 14:24:37
ORD-001038,393,49,5,224.04,1120.2,completed,2026-03-18 11:09:23
ORD-001039,24,42,1,690.11,690.11,completed,2026-04-29 02:30:07
ORD-001040,14,47,3,404.56,1213.68,completed,2026-03-10 02:44:19
ORD-001041,183,49,1,224.04,224.04,shipped,2026-04-03 11:26:02
ORD-001042,127,45,1,220.4,220.4,completed,2026-03-19 15:06:29
ORD-001043,467,83,3,342.57,1027.71,completed,2026-03-24 20:54:27
ORD-001044,11,40,1,143.83,143.83,cancelled,2026-04-09 17:49:07
ORD-001045,443,42,1,690.11,690.11,shipped,2026-04-01 00:03:06
ORD-001046,137,73,5,772.5,3862.5,completed,2026-03-04 08:39:57
ORD-001047,163,90,4,861.53,3446.12,shipped,2026-03-24 23:11:26
ORD-001048,51,74,4,726.17,2904.68,shipped,2026-04-10 03:09:17
ORD-001049,258,13,2,727.19,1454.38,completed,2026-04-09 05:54:53
ORD-001050,497,22,5,166.08,830.4,shipped,2026-04-11 10:46:18
ORD-001051,431,26,4,406.44,1625.76,cancelled,2026-03-21 21:15:28
ORD-001052,153,28,3,867.91,2603.73,cancelled,2026-04-14 22:16:10
ORD-001053,368,52,2,778.04,1556.08,cancelled,2026-03-22 20:39:07
ORD-001054,35,13,5,727.19,3635.95,cancelled,2026-04-09 14:02:50
ORD-001055,178,68,4,290.27,1161.08,completed,2026-04-03 16:21:50
ORD-001056,222,84,3,544.62,1633.86,cancelled,2026-03-29 13:04:51
ORD-001057,129,41,2,843.98,1687.96,cancelled,2026-04-04 09:21:10
ORD-001058,93,66,4,847.72,3390.88,completed,2026-03-19 04:03:50
ORD-001059,296,81,5,484.39,2421.95,shipped,2026-03-06 17:12:30
ORD-001060,273,28,4,867.91,3471.64,cancelled,2026-04-13 00:46:26
ORD-001061,373,99,4,482.62,1930.48,completed,2026-03-02 03:23:18
ORD-001062,76,67,2,346.13,692.26,completed,2026-04-07 07:09:41
ORD-001063,211,20,3,887.59,2662.77,completed,2026-03-07 08:08:53
ORD-001064,137,9,2,728.78,1457.56,completed,2026-03-07 08:59:01
ORD-001065,121,83,2,342.57,685.14,shipped,2026-04-14 02:06:36
ORD-001066,15,31,1,164.73,164.73,completed,2026-04-21 17:00:46
ORD-001067,224,40,4,143.83,575.32,shipped,2026-03-30 03:37:03
ORD-001068,140,83,1,342.57,342.57,completed,2026-04-18 18:11:53
ORD-001069,338,4,3,152.26,456.78,cancelled,2026-03-11 13:53:12
ORD-001070,401,23,1,690.42,690.42,completed,2026-03-15 06:18:40
ORD-001071,153,8,1,809.51,809.51,completed,2026-04-10 02:05:48
ORD-001072,454,53,3,130.42,391.26,completed,2026-03-19 00:03:50
ORD-001073,293,51,2,488.09,976.18,cancelled,2026-04-15 19:55:29
ORD-001074,487,16,5,200.02,1000.1,cancelled,2026-03-19 02:52:04
ORD-001075,122,33,4,656.43,2625.72,cancelled,2026-03-05 20:42:51
ORD-001076,378,16,3,200.02,600.06,shipped,2026-04-09 02:43:32
ORD-001077,112,96,2,188.04,376.08,completed,2026-03-02 08:36:14
ORD-001078,226,14,2,24.48,48.96,shipped,2026-04-17 14:00:15
ORD-001079,274,33,5,656.43,3282.15,completed,2026-04-27 06:08:48
ORD-001080,217,90,1,861.53,861.53,shipped,2026-04-10 04:07:49
ORD-001081,186,88,2,434.06,868.12,shipped,2026-04-13 18:43:27
ORD-001082,11,92,3,866.06,2598.18,cancelled,2026-03-09 12:46:48
ORD-001083,130,5,1,470.71,470.71,cancelled,2026-03-17 15:16:26
ORD-001084,463,50,3,365.03,1095.09,completed,2026-03-21 10:47:20
ORD-001085,199,69,2,370.39,740.78,completed,2026-03-07 07:53:34
ORD-001086,480,51,3,488.09,1464.27,completed,2026-04-11 20:42:51
ORD-001087,469,39,2,226.52,453.04,shipped,2026-03-06 18:09:59
ORD-001088,209,81,3,484.39,1453.17,completed,2026-03-05 00:32:14
ORD-001089,242,36,1,419.39,419.39,shipped,2026-03-09 06:05:53
ORD-001090,423,43,4,729.48,2917.92,completed,2026-03-05 20:20:41
ORD-001091,181,90,3,861.53,2584.59,shipped,2026-03-29 21:35:02
ORD-001092,233,78,5,186.99,934.95,completed,2026-03-14 12:06:10
ORD-001093,95,98,1,258.34,258.34,shipped,2026-03-20 00:38:26
ORD-001094,103,83,2,342.57,685.14,completed,2026-04-30 09:24:45
ORD-001095,81,41,5,843.98,4219.9,completed,2026-04-25 19:57:54
ORD-001096,352,67,2,346.13,692.26,shipped,2026-03-07 02:22:22
ORD-001097,134,41,4,843.98,3375.92,completed,2026-03-31 19:08:21
ORD-001098,410,88,5,434.06,2170.3,completed,2026-03-09 12:04:24
ORD-001099,94,26,1,406.44,406.44,shipped,2026-04-04 10:36:58
ORD-001100,486,49,5,224.04,1120.2,completed,2026-04-16 23:14:43
ORD-001101,465,72,5,765.16,3825.8,completed,2026-03-21 15:40:23
ORD-001102,26,60,2,202.83,405.66,shipped,2026-04-14 17:51:21
ORD-001103,77,80,4,763.18,3052.72,completed,2026-03-23 14:31:41
ORD-001104,61,48,2,634.44,1268.88,completed,2026-03-01 03:20:51
ORD-001105,424,92,5,866.06,4330.3,shipped,2026-04-03 07:28:52
ORD-001106,98,16,2,200.02,400.04,completed,2026-03-16 16:36:14
ORD-001107,221,37,4,492.28,1969.12,completed,2026-04-06 19:15:35
ORD-001108,373,77,2,352.64,705.28,completed,2026-03-09 13:41:51
ORD-001109,15,54,2,214.57,429.14,completed,2026-04-04 18:41:11
ORD-001110,465,34,2,752.17,1504.34,completed,2026-03-22 07:34:50
ORD-001111,235,48,5,634.44,3172.2,completed,2026-03-18 00:26:06
ORD-001112,499,2,4,813.08,3252.32,shipped,2026-04-22 12:13:52
ORD-001113,363,88,2,434.06,868.12,shipped,2026-03-16 10:02:15
ORD-001114,49,95,5,627.59,3137.95,cancelled,2026-04-14 21:20:25
ORD-001115,242,8,1,809.51,809.51,completed,2026-04-09 15:26:59
ORD-001116,3,78,5,186.99,934.95,completed,2026-03-16 22:20:35
ORD-001117,203,65,5,448.58,2242.9,completed,2026-04-06 12:59:10
ORD-001118,92,17,5,45.53,227.65,completed,2026-04-28 02:51:55
ORD-001119,450,22,5,166.08,830.4,shipped,2026-03-30 11:39:04
ORD-001120,222,17,1,45.53,45.53,completed,2026-04-10 04:41:17
ORD-001121,66,34,1,752.17,752.17,shipped,2026-04-10 22:23:32
ORD-001122,145,36,3,419.39,1258.17,completed,2026-03-02 08:20:28
ORD-001123,224,79,3,75.77,227.31,completed,2026-03-28 12:36:14
ORD-001124,285,41,4,843.98,3375.92,shipped,2026-03-13 18:29:34
ORD-001125,118,7,2,526.92,1053.84,completed,2026-04-21 22:00:48
ORD-001126,362,5,4,470.71,1882.84,shipped,2026-04-14 18:02:43
ORD-001127,21,56,1,540.14,540.14,shipped,2026-03-04 05:58:52
ORD-001128,253,46,5,95.3,476.5,completed,2026-03-30 07:20:01
ORD-001129,48,93,2,673.46,1346.92,completed,2026-04-23 11:16:17
ORD-001130,384,37,2,492.28,984.56,cancelled,2026-03-08 17:52:22
ORD-001131,109,35,5,25.35,126.75,cancelled,2026-03-04 02:40:35
ORD-001132,93,1,5,60.27,301.35,shipped,2026-03-12 03:13:06
ORD-001133,347,10,2,123.09,246.18,completed,2026-03-12 05:51:52
ORD-001134,202,43,1,729.48,729.48,completed,2026-04-12 19:33:31
ORD-001135,79,76,1,503.77,503.77,completed,2026-03-08 12:13:14
ORD-001136,233,11,4,413.83,1655.32,completed,2026-03-08 06:31:45
ORD-001137,336,77,1,352.64,352.64,cancelled,2026-04-09 22:24:13
ORD-001138,67,58,3,275.08,825.24,completed,2026-03-01 03:16:40
ORD-001139,381,7,3,526.92,1580.76,completed,2026-04-10 21:58:41
ORD-001140,205,71,5,486.45,2432.25,completed,2026-04-06 20:37:50
ORD-001141,46,23,2,690.42,1380.84,completed,2026-03-12 09:28:34
ORD-001142,146,27,2,341.2,682.4,completed,2026-04-06 09:20:58
ORD-001143,377,16,3,200.02,600.06,completed,2026-03-30 08:15:30
ORD-001144,341,88,5,434.06,2170.3,completed,2026-04-22 10:55:40
ORD-001145,229,48,5,634.44,3172.2,shipped,2026-04-18 06:10:25
ORD-001146,217,61,3,251.26,753.78,completed,2026-03-25 02:08:33
ORD-001147,315,97,4,499.11,1996.44,completed,2026-03-10 10:35:35
ORD-001148,263,56,4,540.14,2160.56,completed,2026-04-25 22:31:40
ORD-001149,477,60,2,202.83,405.66,shipped,2026-03-20 18:21:15
ORD-001150,240,68,5,290.27,1451.35,shipped,2026-04-25 13:24:57
ORD-001151,66,11,4,413.83,1655.32,completed,2026-04-11 18:35:22
ORD-001152,292,32,5,356.79,1783.95,completed,2026-04-03 13:14:31
ORD-001153,263,71,1,486.45,486.45,completed,2026-03-03 22:21:30
ORD-001154,238,66,4,847.72,3390.88,cancelled,2026-04-04 20:33:36
ORD-001155,42,33,3,656.43,1969.29,cancelled,2026-04-14 02:40:49
ORD-001156,92,3,1,517.57,517.57,completed,2026-03-14 07:08:50
ORD-001157,449,51,1,488.09,488.09,completed,2026-04-25 08:50:42
ORD-001158,388,41,5,843.98,4219.9,shipped,2026-03-15 07:26:03
ORD-001159,109,80,3,763.18,2289.54,completed,2026-04-09 17:11:05
ORD-001160,223,11,5,413.83,2069.15,cancelled,2026-04-14 20:07:44
ORD-001161,7,3,1,517.57,517.57,completed,2026-04-05 19:45:07
ORD-001162,445,84,4,544.62,2178.48,cancelled,2026-04-01 09:15:04
ORD-001163,417,93,4,673.46,2693.84,cancelled,2026-04-11 01:28:53
ORD-001164,45,47,4,404.56,1618.24,completed,2026-03-10 12:58:51
ORD-001165,418,18,1,631.84,631.84,completed,2026-04-18 19:55:32
ORD-001166,108,90,2,861.53,1723.06,shipped,2026-03-07 23:01:26
ORD-001167,224,84,2,544.62,1089.24,cancelled,2026-03-20 15:11:50
ORD-001168,76,25,1,340.14,340.14,shipped,2026-04-11 07:07:38
ORD-001169,463,55,1,520.62,520.62,completed,2026-04-23 17:57:09
ORD-001170,11,95,4,627.59,2510.36,shipped,2026-03-30 06:50:01
ORD-001171,292,75,2,508.34,1016.68,shipped,2026-04-18 13:15:56
ORD-001172,323,7,3,526.92,1580.76,shipped,2026-04-30 20:15:44
ORD-001173,306,54,4,214.57,858.28,cancelled,2026-03-14 02:55:54
ORD-001174,249,38,1,344.45,344.45,cancelled,2026-03-30 09:26:54
ORD-001175,119,76,5,503.77,2518.85,completed,2026-03-02 06:14:10
ORD-001176,162,68,1,290.27,290.27,cancelled,2026-04-03 03:00:50
ORD-001177,214,9,3,728.78,2186.34,shipped,2026-03-04 00:23:46
ORD-001178,178,15,4,735.73,2942.92,shipped,2026-03-22 00:28:24
ORD-001179,148,90,4,861.53,3446.12,completed,2026-04-29 18:07:34
ORD-001180,260,61,3,251.26,753.78,completed,2026-04-02 15:32:58
ORD-001181,437,76,3,503.77,1511.31,shipped,2026-03-03 02:04:42
ORD-001182,492,17,3,45.53,136.59,shipped,2026-03-15 09:47:14
ORD-001183,410,87,3,605.95,1817.85,completed,2026-03-11 06:48:12
ORD-001184,342,80,2,763.18,1526.36,shipped,2026-04-12 20:51:43
ORD-001185,311,17,2,45.53,91.06,shipped,2026-04-18 18:18:32
ORD-001186,156,13,4,727.19,2908.76,completed,2026-03-01 06:01:27
ORD-001187,184,27,5,341.2,1706.0,completed,2026-04-27 23:20:24
ORD-001188,17,46,2,95.3,190.6,completed,2026-04-19 05:40:09
ORD-001189,117,44,4,555.36,2221.44,completed,2026-04-23 01:30:55
ORD-001190,175,72,2,765.16,1530.32,completed,2026-03-30 14:36:47
ORD-001191,137,99,1,482.62,482.62,completed,2026-03-12 03:43:10
ORD-001192,362,89,5,816.79,4083.95,completed,2026-03-23 20:12:30
ORD-001193,500,57,4,737.45,2949.8,completed,2026-03-08 19:57:41
ORD-001194,422,79,5,75.77,378.85,cancelled,2026-03-11 20:17:28
ORD-001195,323,6,5,613.86,3069.3,completed,2026-04-24 17:55:05
ORD-001196,363,27,3,341.2,1023.6,shipped,2026-04-20 13:21:51
ORD-001197,79,98,5,258.34,1291.7,completed,2026-03-30 20:23:06
ORD-001198,225,43,2,729.48,1458.96,shipped,2026-04-23 16:38:58
ORD-001199,175,99,1,482.62,482.62,completed,2026-04-15 06:45:16
ORD-001200,191,65,2,448.58,897.16,shipped,2026-04-25 14:18:53
ORD-001201,216,47,2,404.56,809.12,completed,2026-04-21 04:42:58
ORD-001202,460,18,4,631.84,2527.36,shipped,2026-04-04 09:05:52
ORD-001203,227,67,3,346.13,1038.39,completed,2026-03-01 22:54:59
ORD-001204,484,99,1,482.62,482.62,completed,2026-03-16 05:09:51
ORD-001205,396,11,3,413.83,1241.49,completed,2026-04-10 09:22:35
ORD-001206,339,56,1,540.14,540.14,completed,2026-04-05 22:38:59
ORD-001207,499,74,1,726.17,726.17,completed,2026-03-21 05:04:32
ORD-001208,448,54,4,214.57,858.28,completed,2026-03-05 03:50:38
ORD-001209,5,93,3,673.46,2020.38,completed,2026-03-03 11:28:11
ORD-001210,359,68,5,290.27,1451.35,shipped,2026-03-03 18:39:11
ORD-001211,320,58,2,275.08,550.16,cancelled,2026-03-05 04:10:42
ORD-001212,455,84,4,544.62,2178.48,shipped,2026-03-17 11:25:48
ORD-001213,44,100,2,281.04,562.08,completed,2026-03-05 13:01:18
ORD-001214,267,69,3,370.39,1111.17,cancelled,2026-04-06 19:24:45
ORD-001215,283,37,2,492.28,984.56,completed,2026-04-25 05:22:15
ORD-001216,82,67,3,346.13,1038.39,completed,2026-03-13 00:51:20
ORD-001217,124,4,5,152.26,761.3,completed,2026-03-24 14:34:53
ORD-001218,375,93,4,673.46,2693.84,completed,2026-03-29 19:58:45
ORD-001219,182,48,3,634.44,1903.32,completed,2026-03-21 05:31:22
ORD-001220,294,7,1,526.92,526.92,completed,2026-04-02 13:09:06
ORD-001221,290,59,3,887.2,2661.6,cancelled,2026-04-15 02:49:30
ORD-001222,146,77,2,352.64,705.28,cancelled,2026-04-08 13:06:24
ORD-001223,267,87,2,605.95,1211.9,completed,2026-03-16 10:14:59
ORD-001224,99,14,3,24.48,73.44,completed,2026-03-28 02:47:48
ORD-001225,425,59,1,887.2,887.2,shipped,2026-04-21 08:30:04
ORD-001226,455,11,1,413.83,413.83,completed,2026-04-27 08:31:50
ORD-001227,190,61,2,251.26,502.52,cancelled,2026-04-02 21:09:27
ORD-001228,399,52,5,778.04,3890.2,shipped,2026-03-26 05:06:21
ORD-001229,217,34,5,752.17,3760.85,shipped,2026-03-30 00:49:38
ORD-001230,422,89,4,816.79,3267.16,completed,2026-03-15 08:49:14
ORD-001231,365,19,5,894.74,4473.7,shipped,2026-04-22 06:21:01
ORD-001232,61,17,5,45.53,227.65,completed,2026-03-06 04:44:05
ORD-001233,484,59,4,887.2,3548.8,cancelled,2026-04-28 18:17:23
ORD-001234,57,48,1,634.44,634.44,completed,2026-03-23 09:07:22
ORD-001235,268,48,5,634.44,3172.2,completed,2026-04-12 22:32:01
ORD-001236,156,16,3,200.02,600.06,completed,2026-04-11 10:21:59
ORD-001237,73,63,1,820.86,820.86,cancelled,2026-03-11 18:47:54
ORD-001238,456,54,1,214.57,214.57,completed,2026-03-02 12:53:22
ORD-001239,2,28,2,867.91,1735.82,completed,2026-03-09 06:12:13
ORD-001240,214,71,3,486.45,1459.35,shipped,2026-04-26 22:22:24
ORD-001241,461,74,3,726.17,2178.51,completed,2026-03-25 07:31:47
ORD-001242,68,49,4,224.04,896.16,completed,2026-03-08 01:56:49
ORD-001243,342,65,4,448.58,1794.32,shipped,2026-03-13 07:37:07
ORD-001244,341,20,3,887.59,2662.77,cancelled,2026-04-25 01:15:11
ORD-001245,174,53,4,130.42,521.68,cancelled,2026-04-16 09:36:15
ORD-001246,331,6,4,613.86,2455.44,completed,2026-03-14 13:54:04
ORD-001247,408,22,1,166.08,166.08,completed,2026-03-25 01:03:31
ORD-001248,44,72,1,765.16,765.16,completed,2026-03-20 03:38:05
ORD-001249,491,80,5,763.18,3815.9,cancelled,2026-03-25 22:04:30
ORD-001250,258,67,2,346.13,692.26,completed,2026-03-13 06:40:32
ORD-001251,141,16,5,200.02,1000.1,completed,2026-04-19 23:18:34
ORD-001252,414,32,5,356.79,1783.95,cancelled,2026-04-02 20:55:06
ORD-001253,24,78,3,186.99,560.97,shipped,2026-04-05 02:33:33
ORD-001254,213,3,3,517.57,1552.71,completed,2026-04-03 17:25:41
ORD-001255,47,68,3,290.27,870.81,completed,2026-04-06 14:38:12
ORD-001256,74,13,5,727.19,3635.95,completed,2026-04-20 13:36:39
ORD-001257,488,33,1,656.43,656.43,shipped,2026-04-21 12:49:48
ORD-001258,493,87,2,605.95,1211.9,completed,2026-04-27 01:37:40
ORD-001259,153,24,1,583.06,583.06,shipped,2026-03-16 21:52:13
ORD-001260,458,13,3,727.19,2181.57,completed,2026-04-21 08:58:11
ORD-001261,27,34,4,752.17,3008.68,completed,2026-03-01 19:35:45
ORD-001262,253,31,5,164.73,823.65,cancelled,2026-03-24 15:23:23
ORD-001263,138,97,5,499.11,2495.55,completed,2026-04-06 19:48:37
ORD-001264,34,41,4,843.98,3375.92,shipped,2026-03-26 09:10:44
ORD-001265,468,4,4,152.26,609.04,completed,2026-03-21 15:29:24
ORD-001266,127,35,5,25.35,126.75,cancelled,2026-03-24 20:18:15
ORD-001267,209,84,2,544.62,1089.24,shipped,2026-04-11 03:18:39
ORD-001268,192,11,5,413.83,2069.15,cancelled,2026-04-17 18:49:00
ORD-001269,493,22,2,166.08,332.16,cancelled,2026-03-27 08:34:18
ORD-001270,493,58,1,275.08,275.08,cancelled,2026-04-30 07:04:58
ORD-001271,478,38,2,344.45,688.9,shipped,2026-04-30 21:48:33
ORD-001272,180,35,5,25.35,126.75,completed,2026-04-14 10:09:33
ORD-001273,83,75,5,508.34,2541.7,cancelled,2026-04-12 22:20:39
ORD-001274,203,73,1,772.5,772.5,completed,2026-04-11 20:44:01
ORD-001275,108,18,5,631.84,3159.2,cancelled,2026-04-13 08:16:22
ORD-001276,326,65,3,448.58,1345.74,completed,2026-03-05 11:31:31
ORD-001277,340,97,4,499.11,1996.44,completed,2026-04-13 15:02:46
ORD-001278,169,44,2,555.36,1110.72,completed,2026-04-01 02:10:21
ORD-001279,312,89,2,816.79,1633.58,shipped,2026-03-20 23:55:32
ORD-001280,212,1,1,60.27,60.27,cancelled,2026-03-18 17:40:55
ORD-001281,276,90,4,861.53,3446.12,completed,2026-03-13 09:41:57
ORD-001282,457,84,1,544.62,544.62,shipped,2026-03-27 22:52:24
ORD-001283,424,87,1,605.95,605.95,cancelled,2026-04-08 10:17:48
ORD-001284,64,46,4,95.3,381.2,shipped,2026-04-19 23:41:35
ORD-001285,114,48,2,634.44,1268.88,completed,2026-04-02 23:39:33
ORD-001286,99,98,3,258.34,775.02,completed,2026-03-18 10:58:20
ORD-001287,120,79,3,75.77,227.31,shipped,2026-03-10 15:56:54
ORD-001288,464,47,1,404.56,404.56,cancelled,2026-04-13 06:03:23
ORD-001289,203,27,1,341.2,341.2,completed,2026-04-18 00:45:19
ORD-001290,88,36,5,419.39,2096.95,cancelled,2026-03-29 06:00:49
ORD-001291,290,25,5,340.14,1700.7,completed,2026-03-18 02:02:48
ORD-001292,66,9,5,728.78,3643.9,completed,2026-04-22 21:37:54
ORD-001293,374,73,2,772.5,1545.0,completed,2026-03-05 04:57:19
ORD-001294,315,25,1,340.14,340.14,completed,2026-03-17 04:35:47
ORD-001295,2,88,5,434.06,2170.3,shipped,2026-03-05 07:28:23
ORD-001296,222,83,1,342.57,342.57,shipped,2026-03-07 12:14:24
ORD-001297,239,36,1,419.39,419.39,shipped,2026-03-18 05:07:47
ORD-001298,453,47,5,404.56,2022.8,completed,2026-03-13 22:25:03
ORD-001299,273,7,3,526.92,1580.76,shipped,2026-03-03 08:42:22
ORD-001300,172,41,1,843.98,843.98,completed,2026-04-05 16:54:53
ORD-001301,354,74,1,726.17,726.17,shipped,2026-03-14 15:47:07
ORD-001302,169,10,2,123.09,246.18,completed,2026-04-18 18:00:42
ORD-001303,222,9,1,728.78,728.78,completed,2026-04-29 06:31:30
ORD-001304,127,76,3,503.77,1511.31,completed,2026-03-08 14:52:59
ORD-001305,421,61,2,251.26,502.52,completed,2026-04-09 22:01:06
ORD-001306,398,67,2,346.13,692.26,cancelled,2026-03-01 21:20:44
ORD-001307,321,80,4,763.18,3052.72,shipped,2026-03-13 20:31:01
ORD-001308,470,75,1,508.34,508.34,completed,2026-04-25 21:47:26
ORD-001309,401,49,3,224.04,672.12,completed,2026-03-05 21:37:57
ORD-001310,313,8,4,809.51,3238.04,shipped,2026-04-27 13:01:26
ORD-001311,287,9,1,728.78,728.78,completed,2026-03-18 21:58:08
ORD-001312,317,38,4,344.45,1377.8,shipped,2026-04-05 20:30:40
ORD-001313,6,30,5,774.96,3874.8,shipped,2026-03-11 01:16:51
ORD-001314,451,50,4,365.03,1460.12,cancelled,2026-03-11 08:24:48
ORD-001315,481,80,1,763.18,763.18,completed,2026-04-09 00:18:03
ORD-001316,99,59,5,887.2,4436.0,completed,2026-04-09 02:35:55
ORD-001317,304,14,1,24.48,24.48,completed,2026-03-23 21:32:27
ORD-001318,132,74,2,726.17,1452.34,completed,2026-03-21 05:28:18
ORD-001319,228,54,4,214.57,858.28,completed,2026-03-15 01:23:44
ORD-001320,31,32,2,356.79,713.58,completed,2026-03-10 22:23:44
ORD-001321,492,40,5,143.83,719.15,completed,2026-04-03 05:19:04
ORD-001322,398,40,5,143.83,719.15,completed,2026-03-05 04:17:52
ORD-001323,176,19,4,894.74,3578.96,completed,2026-04-11 02:02:01
ORD-001324,337,48,1,634.44,634.44,completed,2026-03-28 02:38:55
ORD-001325,440,8,2,809.51,1619.02,completed,2026-03-29 03:37:52
ORD-001326,328,55,3,520.62,1561.86,completed,2026-04-18 16:42:17
ORD-001327,356,9,3,728.78,2186.34,shipped,2026-04-18 06:40:46
ORD-001328,290,77,3,352.64,1057.92,completed,2026-03-07 02:56:27
ORD-001329,84,79,3,75.77,227.31,completed,2026-04-04 12:02:08
ORD-001330,472,59,1,887.2,887.2,completed,2026-03-30 16:00:43
ORD-001331,239,82,2,175.48,350.96,cancelled,2026-03-17 15:36:58
ORD-001332,414,28,2,867.91,1735.82,shipped,2026-03-31 11:55:48
ORD-001333,186,27,4,341.2,1364.8,completed,2026-04-19 23:45:19
ORD-001334,59,10,3,123.09,369.27,completed,2026-04-29 03:48:16
ORD-001335,300,38,4,344.45,1377.8,completed,2026-04-18 01:00:50
ORD-001336,146,6,1,613.86,613.86,completed,2026-04-18 16:47:51
ORD-001337,174,29,3,487.67,1463.01,cancelled,2026-03-15 17:39:17
ORD-001338,91,32,2,356.79,713.58,completed,2026-04-18 23:13:03
ORD-001339,195,13,1,727.19,727.19,completed,2026-03-08 19:00:12
ORD-001340,123,44,2,555.36,1110.72,completed,2026-04-11 07:23:25
ORD-001341,410,48,2,634.44,1268.88,cancelled,2026-03-01 04:48:55
ORD-001342,452,56,1,540.14,540.14,completed,2026-04-23 18:44:29
ORD-001343,356,25,2,340.14,680.28,completed,2026-03-27 10:13:50
ORD-001344,126,41,5,843.98,4219.9,completed,2026-04-03 00:50:20
ORD-001345,438,98,5,258.34,1291.7,cancelled,2026-03-24 17:06:55
ORD-001346,28,38,2,344.45,688.9,completed,2026-04-10 15:00:03
ORD-001347,108,17,5,45.53,227.65,completed,2026-03-24 06:11:48
ORD-001348,261,61,5,251.26,1256.3,shipped,2026-04-26 17:54:15
ORD-001349,266,97,5,499.11,2495.55,shipped,2026-04-07 05:50:50
ORD-001350,270,23,3,690.42,2071.26,shipped,2026-03-16 10:23:15
ORD-001351,298,92,4,866.06,3464.24,shipped,2026-03-31 14:13:49
ORD-001352,107,82,5,175.48,877.4,completed,2026-03-20 22:40:03
ORD-001353,203,26,4,406.44,1625.76,completed,2026-03-06 15:27:59
ORD-001354,293,40,4,143.83,575.32,completed,2026-03-05 10:16:15
ORD-001355,69,48,3,634.44,1903.32,completed,2026-03-26 20:54:51
ORD-001356,118,38,4,344.45,1377.8,cancelled,2026-03-28 11:11:59
ORD-001357,173,6,4,613.86,2455.44,shipped,2026-03-29 01:23:08
ORD-001358,189,58,4,275.08,1100.32,shipped,2026-04-03 09:06:38
ORD-001359,92,41,3,843.98,2531.94,shipped,2026-04-06 23:06:01
ORD-001360,184,30,3,774.96,2324.88,completed,2026-03-20 21:14:14
ORD-001361,330,38,5,344.45,1722.25,completed,2026-03-29 04:05:50
ORD-001362,37,36,2,419.39,838.78,completed,2026-04-24 19:40:57
ORD-001363,101,5,5,470.71,2353.55,completed,2026-04-18 11:50:54
ORD-001364,98,33,3,656.43,1969.29,cancelled,2026-03-14 14:00:26
ORD-001365,5,18,5,631.84,3159.2,completed,2026-03-03 14:29:33
ORD-001366,485,37,3,492.28,1476.84,shipped,2026-03-11 09:17:52
ORD-001367,263,75,1,508.34,508.34,completed,2026-03-31 00:11:07
ORD-001368,243,51,2,488.09,976.18,completed,2026-04-16 16:21:32
ORD-001369,388,67,5,346.13,1730.65,shipped,2026-03-11 03:52:48
ORD-001370,161,93,4,673.46,2693.84,completed,2026-04-09 20:52:25
ORD-001371,231,55,4,520.62,2082.48,cancelled,2026-04-17 08:01:42
ORD-001372,448,4,3,152.26,456.78,completed,2026-04-22 02:58:25
ORD-001373,428,40,1,143.83,143.83,completed,2026-03-30 00:00:44
ORD-001374,352,44,2,555.36,1110.72,shipped,2026-04-04 08:30:01
ORD-001375,301,98,5,258.34,1291.7,completed,2026-04-11 12:07:41
ORD-001376,79,73,1,772.5,772.5,completed,2026-03-02 18:56:04
ORD-001377,294,73,5,772.5,3862.5,shipped,2026-03-03 01:52:10
ORD-001378,33,49,2,224.04,448.08,cancelled,2026-03-01 09:46:39
ORD-001379,169,50,2,365.03,730.06,cancelled,2026-03-31 20:02:41
ORD-001380,54,58,3,275.08,825.24,cancelled,2026-04-25 17:45:32
ORD-001381,251,23,1,690.42,690.42,completed,2026-03-09 02:01:56
ORD-001382,146,24,2,583.06,1166.12,completed,2026-04-26 09:57:01
ORD-001383,36,30,3,774.96,2324.88,shipped,2026-03-19 04:54:27
ORD-001384,88,8,3,809.51,2428.53,completed,2026-03-28 23:35:53
ORD-001385,67,53,4,130.42,521.68,cancelled,2026-04-20 19:58:05
ORD-001386,200,54,4,214.57,858.28,completed,2026-03-14 21:29:48
ORD-001387,419,17,2,45.53,91.06,shipped,2026-04-11 08:15:51
ORD-001388,301,21,5,33.4,167.0,completed,2026-03-25 12:42:07
ORD-001389,4,65,4,448.58,1794.32,completed,2026-04-13 16:39:23
ORD-001390,310,58,1,275.08,275.08,completed,2026-03-09 09:27:52
ORD-001391,451,68,3,290.27,870.81,shipped,2026-03-03 03:16:31
ORD-001392,378,59,4,887.2,3548.8,completed,2026-03-25 22:34:38
ORD-001393,201,37,4,492.28,1969.12,cancelled,2026-04-08 13:10:13
ORD-001394,461,23,4,690.42,2761.68,cancelled,2026-04-15 17:27:43
ORD-001395,467,94,4,433.63,1734.52,completed,2026-04-01 09:59:42
ORD-001396,358,90,5,861.53,4307.65,completed,2026-04-24 09:40:17
ORD-001397,276,31,2,164.73,329.46,completed,2026-04-13 01:07:56
ORD-001398,466,86,1,686.72,686.72,shipped,2026-03-17 16:05:24
ORD-001399,40,53,5,130.42,652.1,completed,2026-04-23 10:34:30
ORD-001400,85,65,3,448.58,1345.74,completed,2026-04-04 07:34:55
ORD-001401,14,27,5,341.2,1706.0,completed,2026-04-28 07:10:23
ORD-001402,382,82,4,175.48,701.92,shipped,2026-04-06 11:29:17
ORD-001403,129,25,4,340.14,1360.56,completed,2026-04-28 23:36:33
ORD-001404,249,91,2,194.57,389.14,shipped,2026-04-10 07:05:51
ORD-001405,125,9,1,728.78,728.78,shipped,2026-03-26 00:04:43
ORD-001406,431,18,4,631.84,2527.36,completed,2026-03-09 13:50:13
ORD-001407,91,22,1,166.08,166.08,completed,2026-03-23 20:20:26
ORD-001408,87,16,5,200.02,1000.1,completed,2026-03-14 09:46:11
ORD-001409,79,86,1,686.72,686.72,shipped,2026-03-18 14:03:05
ORD-001410,458,46,2,95.3,190.6,cancelled,2026-04-17 22:44:46
ORD-001411,429,28,4,867.91,3471.64,cancelled,2026-03-17 22:15:41
ORD-001412,228,83,1,342.57,342.57,completed,2026-04-06 12:46:28
ORD-001413,393,77,1,352.64,352.64,completed,2026-04-27 10:15:35
ORD-001414,103,32,3,356.79,1070.37,completed,2026-03-03 15:18:55
ORD-001415,173,3,4,517.57,2070.28,completed,2026-04-29 23:28:12
ORD-001416,409,88,1,434.06,434.06,completed,2026-04-16 20:28:59
ORD-001417,263,93,2,673.46,1346.92,completed,2026-04-28 08:51:56
ORD-001418,98,42,3,690.11,2070.33,cancelled,2026-03-26 01:10:46
ORD-001419,62,27,5,341.2,1706.0,completed,2026-04-05 08:25:17
ORD-001420,89,28,1,867.91,867.91,completed,2026-04-08 12:13:36
ORD-001421,109,52,3,778.04,2334.12,shipped,2026-04-30 09:49:49
ORD-001422,333,29,1,487.67,487.67,cancelled,2026-03-19 13:51:43
ORD-001423,211,48,1,634.44,634.44,completed,2026-04-26 16:02:33
ORD-001424,365,99,5,482.62,2413.1,cancelled,2026-03-30 20:17:36
ORD-001425,308,73,2,772.5,1545.0,completed,2026-04-14 20:33:02
ORD-001426,171,81,4,484.39,1937.56,completed,2026-03-18 19:09:37
ORD-001427,35,82,3,175.48,526.44,completed,2026-03-07 06:26:47
ORD-001428,230,3,5,517.57,2587.85,shipped,2026-03-03 02:41:59
ORD-001429,361,66,2,847.72,1695.44,completed,2026-03-29 02:36:40
ORD-001430,159,30,1,774.96,774.96,completed,2026-03-22 19:29:00
ORD-001431,318,95,4,627.59,2510.36,completed,2026-03-13 15:07:58
ORD-001432,152,8,2,809.51,1619.02,completed,2026-04-07 05:50:31
ORD-001433,20,20,4,887.59,3550.36,completed,2026-04-17 00:37:27
ORD-001434,379,93,5,673.46,3367.3,completed,2026-03-01 07:50:40
ORD-001435,403,18,3,631.84,1895.52,completed,2026-04-10 00:34:02
ORD-001436,385,67,4,346.13,1384.52,completed,2026-03-20 13:29:52
ORD-001437,106,30,3,774.96,2324.88,cancelled,2026-04-09 15:10:48
ORD-001438,312,7,2,526.92,1053.84,shipped,2026-03-10 15:54:04
ORD-001439,323,67,3,346.13,1038.39,completed,2026-04-19 07:53:39
ORD-001440,27,9,4,728.78,2915.12,completed,2026-04-26 16:59:34
ORD-001441,304,27,2,341.2,682.4,cancelled,2026-04-25 17:40:36
ORD-001442,219,27,2,341.2,682.4,shipped,2026-03-29 21:09:15
ORD-001443,126,40,2,143.83,287.66,shipped,2026-03-15 16:48:29
ORD-001444,147,23,5,690.42,3452.1,cancelled,2026-04-15 12:57:52
ORD-001445,41,58,2,275.08,550.16,completed,2026-04-13 06:28:52
ORD-001446,226,51,4,488.09,1952.36,shipped,2026-04-20 06:51:43
ORD-001447,390,65,5,448.58,2242.9,completed,2026-03-14 08:13:10
ORD-001448,219,62,1,853.93,853.93,completed,2026-03-13 10:06:47
ORD-001449,79,98,3,258.34,775.02,cancelled,2026-03-23 04:26:29
ORD-001450,238,94,2,433.63,867.26,completed,2026-04-14 10:08:54
ORD-001451,311,59,3,887.2,2661.6,shipped,2026-04-06 03:31:59
ORD-001452,101,10,3,123.09,369.27,completed,2026-04-22 06:54:54
ORD-001453,374,25,1,340.14,340.14,completed,2026-04-30 05:46:13
ORD-001454,482,63,4,820.86,3283.44,shipped,2026-03-02 08:51:38
ORD-001455,158,96,3,188.04,564.12,cancelled,2026-04-06 06:10:34
ORD-001456,472,10,4,123.09,492.36,completed,2026-03-05 22:35:11
ORD-001457,391,50,5,365.03,1825.15,shipped,2026-04-20 16:55:43
ORD-001458,326,33,3,656.43,1969.29,completed,2026-03-29 06:12:36
ORD-001459,475,90,1,861.53,861.53,shipped,2026-03-20 09:58:14
ORD-001460,18,95,2,627.59,1255.18,completed,2026-04-15 06:36:24
ORD-001461,76,81,1,484.39,484.39,completed,2026-03-17 00:30:15
ORD-001462,131,78,4,186.99,747.96,completed,2026-03-01 18:38:05
ORD-001463,7,78,5,186.99,934.95,completed,2026-03-01 18:07:22
ORD-001464,204,99,1,482.62,482.62,cancelled,2026-03-20 10:00:23
ORD-001465,449,11,5,413.83,2069.15,shipped,2026-03-03 17:07:31
ORD-001466,257,22,4,166.08,664.32,cancelled,2026-04-14 12:59:48
ORD-001467,376,85,4,70.14,280.56,shipped,2026-03-24 12:47:13
ORD-001468,294,97,1,499.11,499.11,completed,2026-04-24 00:50:15
ORD-001469,477,19,3,894.74,2684.22,shipped,2026-03-14 16:22:18
ORD-001470,418,90,3,861.53,2584.59,shipped,2026-04-30 17:52:08
ORD-001471,269,1,1,60.27,60.27,shipped,2026-04-26 08:47:13
ORD-001472,88,84,3,544.62,1633.86,completed,2026-03-15 08:18:35
ORD-001473,102,48,2,634.44,1268.88,shipped,2026-03-16 19:06:33
ORD-001474,231,24,5,583.06,2915.3,cancelled,2026-03-01 19:59:11
ORD-001475,384,28,2,867.91,1735.82,completed,2026-04-18 21:51:10
ORD-001476,226,98,2,258.34,516.68,cancelled,2026-04-14 09:06:59
ORD-001477,44,14,2,24.48,48.96,shipped,2026-04-25 13:19:40
ORD-001478,16,16,3,200.02,600.06,cancelled,2026-04-26 11:32:34
ORD-001479,5,31,4,164.73,658.92,completed,2026-03-30 20:19:47
ORD-001480,405,35,1,25.35,25.35,completed,2026-03-19 02:47:38
ORD-001481,193,13,2,727.19,1454.38,cancelled,2026-03-28 23:44:09
ORD-001482,243,67,3,346.13,1038.39,completed,2026-03-02 06:18:29
ORD-001483,350,78,4,186.99,747.96,completed,2026-04-09 10:30:01
ORD-001484,341,41,2,843.98,1687.96,shipped,2026-03-01 10:50:56
ORD-001485,448,49,5,224.04,1120.2,completed,2026-04-27 11:02:15
ORD-001486,372,13,1,727.19,727.19,completed,2026-04-01 09:22:15
ORD-001487,144,4,5,152.26,761.3,completed,2026-04-23 04:40:50
ORD-001488,446,48,4,634.44,2537.76,shipped,2026-03-22 00:00:40
ORD-001489,2,66,4,847.72,3390.88,completed,2026-03-19 17:09:27
ORD-001490,497,3,3,517.57,1552.71,completed,2026-03-06 22:20:03
ORD-001491,249,87,4,605.95,2423.8,shipped,2026-04-16 01:54:31
ORD-001492,179,95,5,627.59,3137.95,shipped,2026-03-11 21:02:15
ORD-001493,151,61,1,251.26,251.26,cancelled,2026-03-15 09:59:16
ORD-001494,449,25,2,340.14,680.28,cancelled,2026-03-06 05:03:56
ORD-001495,255,92,5,866.06,4330.3,completed,2026-04-28 19:20:41
ORD-001496,87,39,5,226.52,1132.6,shipped,2026-03-06 07:00:16
ORD-001497,124,15,4,735.73,2942.92,completed,2026-03-19 04:18:54
ORD-001498,55,28,2,867.91,1735.82,shipped,2026-03-13 20:44:38
ORD-001499,463,92,1,866.06,866.06,shipped,2026-04-20 12:06:45
ORD-001500,341,99,3,482.62,1447.86,shipped,2026-04-16 14:37:13
ORD-001501,473,86,1,686.72,686.72,cancelled,2026-03-19 19:03:27
ORD-001502,447,82,4,175.48,701.92,completed,2026-04-25 11:53:00
ORD-001503,176,74,5,726.17,3630.85,shipped,2026-04-26 00:33:12
ORD-001504,402,92,4,866.06,3464.24,cancelled,2026-03-20 00:37:19
ORD-001505,60,56,2,540.14,1080.28,completed,2026-04-16 14:34:01
ORD-001506,380,12,1,505.12,505.12,cancelled,2026-04-25 11:36:45
ORD-001507,66,25,1,340.14,340.14,completed,2026-03-25 10:36:40
ORD-001508,160,49,5,224.04,1120.2,completed,2026-03-14 23:56:20
ORD-001509,217,76,5,503.77,2518.85,completed,2026-04-18 09:52:05
ORD-001510,267,99,3,482.62,1447.86,cancelled,2026-03-10 19:24:05
ORD-001511,5,76,2,503.77,1007.54,cancelled,2026-04-24 09:36:26
ORD-001512,429,59,3,887.2,2661.6,completed,2026-04-21 13:11:35
ORD-001513,146,64,4,612.48,2449.92,completed,2026-04-21 02:06:05
ORD-001514,159,96,1,188.04,188.04,cancelled,2026-03-23 12:20:39
ORD-001515,245,89,1,816.79,816.79,completed,2026-04-13 03:06:09
ORD-001516,31,64,3,612.48,1837.44,completed,2026-03-16 10:17:05
ORD-001517,359,20,2,887.59,1775.18,completed,2026-03-07 15:48:20
ORD-001518,373,100,2,281.04,562.08,shipped,2026-03-07 06:15:02
ORD-001519,201,39,2,226.52,453.04,completed,2026-04-29 04:03:01
ORD-001520,201,55,4,520.62,2082.48,completed,2026-04-08 09:45:04
ORD-001521,359,68,3,290.27,870.81,cancelled,2026-04-12 16:53:49
ORD-001522,386,51,1,488.09,488.09,cancelled,2026-04-22 12:13:29
ORD-001523,84,7,3,526.92,1580.76,cancelled,2026-04-01 00:09:56
ORD-001524,150,18,4,631.84,2527.36,completed,2026-03-17 06:26:06
ORD-001525,377,27,2,341.2,682.4,completed,2026-03-10 16:52:36
ORD-001526,193,47,5,404.56,2022.8,shipped,2026-04-24 18:37:34
ORD-001527,50,87,2,605.95,1211.9,completed,2026-03-02 21:56:57
ORD-001528,61,61,2,251.26,502.52,cancelled,2026-03-01 22:05:23
ORD-001529,497,84,3,544.62,1633.86,completed,2026-03-24 08:12:19
ORD-001530,61,81,4,484.39,1937.56,completed,2026-04-15 22:45:45
ORD-001531,489,51,4,488.09,1952.36,completed,2026-04-11 02:17:41
ORD-001532,46,84,4,544.62,2178.48,shipped,2026-03-12 00:01:27
ORD-001533,335,84,4,544.62,2178.48,shipped,2026-04-13 00:58:39
ORD-001534,43,48,1,634.44,634.44,completed,2026-04-23 19:45:14
ORD-001535,301,63,5,820.86,4104.3,cancelled,2026-04-16 23:09:42
ORD-001536,407,74,4,726.17,2904.68,cancelled,2026-04-13 20:33:27
ORD-001537,360,24,4,583.06,2332.24,shipped,2026-03-31 00:31:52
ORD-001538,167,39,5,226.52,1132.6,completed,2026-04-22 20:22:47
ORD-001539,417,92,5,866.06,4330.3,completed,2026-04-19 09:14:33
ORD-001540,402,51,5,488.09,2440.45,cancelled,2026-03-09 04:28:11
ORD-001541,276,63,1,820.86,820.86,completed,2026-03-28 02:42:40
ORD-001542,93,97,2,499.11,998.22,cancelled,2026-03-19 19:43:42
ORD-001543,229,89,2,816.79,1633.58,completed,2026-04-30 03:48:12
ORD-001544,106,16,1,200.02,200.02,completed,2026-04-22 03:03:43
ORD-001545,44,12,5,505.12,2525.6,completed,2026-04-14 22:43:32
ORD-001546,88,65,3,448.58,1345.74,shipped,2026-04-07 04:10:41
ORD-001547,24,85,1,70.14,70.14,cancelled,2026-04-15 13:03:20
ORD-001548,296,38,5,344.45,1722.25,shipped,2026-04-02 18:54:29
ORD-001549,311,89,3,816.79,2450.37,cancelled,2026-03-28 11:10:48
ORD-001550,340,66,2,847.72,1695.44,completed,2026-03-17 20:23:43
ORD-001551,154,31,1,164.73,164.73,completed,2026-04-18 18:50:32
ORD-001552,303,18,5,631.84,3159.2,completed,2026-03-26 16:08:04
ORD-001553,217,36,2,419.39,838.78,completed,2026-03-15 01:20:33
ORD-001554,333,71,3,486.45,1459.35,completed,2026-04-14 10:06:00
ORD-001555,347,52,4,778.04,3112.16,shipped,2026-04-25 14:44:45
ORD-001556,37,89,2,816.79,1633.58,completed,2026-03-27 16:34:53
ORD-001557,289,82,2,175.48,350.96,cancelled,2026-03-16 10:27:03
ORD-001558,162,78,2,186.99,373.98,shipped,2026-04-04 18:24:42
ORD-001559,40,49,1,224.04,224.04,completed,2026-03-23 14:59:20
ORD-001560,209,16,5,200.02,1000.1,completed,2026-04-23 04:02:05
ORD-001561,399,43,1,729.48,729.48,completed,2026-04-07 11:51:26
ORD-001562,51,19,2,894.74,1789.48,shipped,2026-04-13 23:38:28
ORD-001563,401,29,4,487.67,1950.68,completed,2026-03-01 20:10:38
ORD-001564,302,23,5,690.42,3452.1,shipped,2026-03-15 12:50:20
ORD-001565,444,13,5,727.19,3635.95,completed,2026-04-08 03:10:07
ORD-001566,460,71,3,486.45,1459.35,completed,2026-03-23 20:23:36
ORD-001567,93,22,3,166.08,498.24,completed,2026-03-01 09:49:00
ORD-001568,452,95,5,627.59,3137.95,shipped,2026-03-26 02:21:03
ORD-001569,5,62,5,853.93,4269.65,cancelled,2026-04-22 14:34:05
ORD-001570,74,92,2,866.06,1732.12,shipped,2026-03-19 19:23:57
ORD-001571,499,73,3,772.5,2317.5,completed,2026-04-27 00:43:40
ORD-001572,215,91,2,194.57,389.14,shipped,2026-03-18 01:50:17
ORD-001573,258,24,4,583.06,2332.24,completed,2026-04-08 06:56:12
ORD-001574,157,36,4,419.39,1677.56,completed,2026-03-28 15:40:16
ORD-001575,433,40,4,143.83,575.32,completed,2026-03-12 12:36:49
ORD-001576,484,82,1,175.48,175.48,completed,2026-04-26 15:15:38
ORD-001577,381,22,5,166.08,830.4,completed,2026-04-27 20:55:14
ORD-001578,493,71,4,486.45,1945.8,shipped,2026-03-10 23:36:39
ORD-001579,246,87,5,605.95,3029.75,shipped,2026-03-02 19:01:59
ORD-001580,208,66,5,847.72,4238.6,completed,2026-03-17 19:27:37
ORD-001581,366,79,2,75.77,151.54,shipped,2026-03-03 23:44:05
ORD-001582,126,90,5,861.53,4307.65,cancelled,2026-03-14 11:26:13
ORD-001583,230,88,5,434.06,2170.3,completed,2026-04-28 01:53:11
ORD-001584,90,87,5,605.95,3029.75,completed,2026-03-04 15:48:20
ORD-001585,488,47,2,404.56,809.12,completed,2026-03-29 11:08:14
ORD-001586,192,55,4,520.62,2082.48,completed,2026-04-06 17:47:35
ORD-001587,436,44,2,555.36,1110.72,completed,2026-03-08 04:22:17
ORD-001588,136,38,3,344.45,1033.35,completed,2026-03-31 13:18:45
ORD-001589,473,1,5,60.27,301.35,completed,2026-04-05 16:04:57
ORD-001590,479,83,5,342.57,1712.85,shipped,2026-03-09 22:42:37
ORD-001591,4,80,4,763.18,3052.72,cancelled,2026-04-27 11:02:52
ORD-001592,55,59,3,887.2,2661.6,completed,2026-04-11 11:06:55
ORD-001593,5,45,2,220.4,440.8,completed,2026-04-05 11:05:31
ORD-001594,271,56,4,540.14,2160.56,cancelled,2026-04-18 20:54:53
ORD-001595,4,20,4,887.59,3550.36,completed,2026-04-23 06:15:14
ORD-001596,203,99,3,482.62,1447.86,completed,2026-04-16 06:51:45
ORD-001597,275,39,3,226.52,679.56,completed,2026-04-03 17:22:02
ORD-001598,83,14,4,24.48,97.92,completed,2026-03-19 08:00:13
ORD-001599,453,46,4,95.3,381.2,completed,2026-04-30 10:55:15
ORD-001600,69,15,2,735.73,1471.46,shipped,2026-04-12 22:32:04
ORD-001601,83,54,3,214.57,643.71,completed,2026-03-04 22:50:58
ORD-001602,251,62,3,853.93,2561.79,cancelled,2026-04-23 08:40:07
ORD-001603,257,64,2,612.48,1224.96,shipped,2026-04-10 09:26:28
ORD-001604,65,17,1,45.53,45.53,completed,2026-04-24 23:13:48
ORD-001605,27,45,5,220.4,1102.0,completed,2026-04-30 15:23:21
ORD-001606,223,55,5,520.62,2603.1,shipped,2026-03-14 23:42:28
ORD-001607,390,38,3,344.45,1033.35,shipped,2026-03-30 20:59:32
ORD-001608,96,32,5,356.79,1783.95,completed,2026-04-21 05:23:11
ORD-001609,359,36,1,419.39,419.39,completed,2026-03-06 14:24:19
ORD-001610,362,86,4,686.72,2746.88,completed,2026-04-18 06:44:46
ORD-001611,97,90,5,861.53,4307.65,cancelled,2026-03-22 17:24:12
ORD-001612,68,81,2,484.39,968.78,shipped,2026-04-16 19:36:51
ORD-001613,219,5,3,470.71,1412.13,completed,2026-04-18 18:40:37
ORD-001614,195,79,2,75.77,151.54,shipped,2026-04-25 22:08:42
ORD-001615,119,68,3,290.27,870.81,completed,2026-03-17 00:56:31
ORD-001616,262,44,4,555.36,2221.44,shipped,2026-03-31 21:45:59
ORD-001617,138,83,1,342.57,342.57,completed,2026-04-11 19:59:35
ORD-001618,127,36,3,419.39,1258.17,completed,2026-03-16 08:46:43
ORD-001619,27,7,2,526.92,1053.84,completed,2026-04-28 23:58:50
ORD-001620,466,28,3,867.91,2603.73,cancelled,2026-03-31 13:47:59
ORD-001621,486,13,4,727.19,2908.76,shipped,2026-04-19 14:48:56
ORD-001622,50,47,3,404.56,1213.68,completed,2026-04-11 19:56:22
ORD-001623,170,88,5,434.06,2170.3,completed,2026-03-12 19:15:21
ORD-001624,271,95,3,627.59,1882.77,cancelled,2026-03-14 02:33:31
ORD-001625,108,48,2,634.44,1268.88,cancelled,2026-03-20 13:57:12
ORD-001626,67,50,1,365.03,365.03,cancelled,2026-03-05 20:07:39
ORD-001627,419,16,1,200.02,200.02,completed,2026-03-24 00:10:33
ORD-001628,39,25,4,340.14,1360.56,cancelled,2026-03-02 20:24:32
ORD-001629,390,80,3,763.18,2289.54,completed,2026-04-11 06:44:06
ORD-001630,99,69,2,370.39,740.78,shipped,2026-04-28 19:20:45
ORD-001631,500,71,3,486.45,1459.35,completed,2026-03-04 03:35:55
ORD-001632,467,47,4,404.56,1618.24,shipped,2026-03-21 19:43:29
ORD-001633,477,9,4,728.78,2915.12,cancelled,2026-04-04 04:55:50
ORD-001634,357,3,2,517.57,1035.14,completed,2026-03-23 14:01:07
ORD-001635,407,38,1,344.45,344.45,completed,2026-03-25 21:47:12
ORD-001636,446,95,4,627.59,2510.36,cancelled,2026-03-30 04:36:49
ORD-001637,197,10,2,123.09,246.18,cancelled,2026-04-02 05:27:28
ORD-001638,140,100,4,281.04,1124.16,completed,2026-04-05 01:53:31
ORD-001639,112,24,1,583.06,583.06,cancelled,2026-04-20 03:10:41
ORD-001640,234,90,1,861.53,861.53,cancelled,2026-03-05 05:19:47
ORD-001641,437,91,5,194.57,972.85,completed,2026-04-14 12:57:12
ORD-001642,88,38,3,344.45,1033.35,completed,2026-03-26 19:39:49
ORD-001643,21,6,5,613.86,3069.3,completed,2026-04-15 13:22:28
ORD-001644,329,36,2,419.39,838.78,completed,2026-04-13 22:07:28
ORD-001645,333,27,5,341.2,1706.0,completed,2026-04-23 23:56:57
ORD-001646,43,81,5,484.39,2421.95,cancelled,2026-04-07 12:11:00
ORD-001647,151,34,2,752.17,1504.34,completed,2026-04-04 01:44:12
ORD-001648,113,8,1,809.51,809.51,completed,2026-03-09 11:03:27
ORD-001649,337,23,3,690.42,2071.26,cancelled,2026-04-29 04:26:04
ORD-001650,132,14,4,24.48,97.92,cancelled,2026-03-01 00:11:42
ORD-001651,113,71,2,486.45,972.9,completed,2026-03-09 07:54:02
ORD-001652,414,35,2,25.35,50.7,shipped,2026-03-24 01:04:11
ORD-001653,189,20,4,887.59,3550.36,completed,2026-04-16 08:12:08
ORD-001654,236,62,1,853.93,853.93,completed,2026-03-30 17:23:29
ORD-001655,483,23,2,690.42,1380.84,completed,2026-03-25 06:08:27
ORD-001656,84,83,3,342.57,1027.71,completed,2026-04-29 12:42:27
ORD-001657,74,51,5,488.09,2440.45,completed,2026-04-18 21:28:17
ORD-001658,497,55,2,520.62,1041.24,shipped,2026-04-01 00:30:43
ORD-001659,309,13,5,727.19,3635.95,completed,2026-04-22 23:34:15
ORD-001660,424,49,4,224.04,896.16,completed,2026-04-29 19:59:38
ORD-001661,395,98,1,258.34,258.34,completed,2026-04-22 14:57:30
ORD-001662,308,35,2,25.35,50.7,completed,2026-03-01 01:09:28
ORD-001663,437,2,1,813.08,813.08,completed,2026-03-27 11:40:47
ORD-001664,457,26,2,406.44,812.88,shipped,2026-03-31 03:30:26
ORD-001665,80,21,3,33.4,100.2,completed,2026-04-09 06:33:49
ORD-001666,322,8,5,809.51,4047.55,cancelled,2026-03-17 14:15:44
ORD-001667,53,16,1,200.02,200.02,cancelled,2026-03-09 22:22:44
ORD-001668,73,38,1,344.45,344.45,completed,2026-03-29 08:52:48
ORD-001669,198,29,1,487.67,487.67,completed,2026-04-16 08:26:55
ORD-001670,352,46,3,95.3,285.9,completed,2026-04-16 09:59:31
ORD-001671,53,63,2,820.86,1641.72,completed,2026-04-23 15:49:32
ORD-001672,61,46,1,95.3,95.3,completed,2026-03-22 11:50:59
ORD-001673,92,11,1,413.83,413.83,shipped,2026-03-23 18:29:55
ORD-001674,348,68,3,290.27,870.81,shipped,2026-03-23 17:23:49
ORD-001675,179,20,3,887.59,2662.77,completed,2026-03-22 13:33:02
ORD-001676,478,35,4,25.35,101.4,completed,2026-03-19 10:33:40
ORD-001677,442,92,1,866.06,866.06,completed,2026-03-11 23:55:15
ORD-001678,200,100,2,281.04,562.08,shipped,2026-04-10 18:37:11
ORD-001679,58,93,4,673.46,2693.84,cancelled,2026-03-09 21:32:58
ORD-001680,166,55,3,520.62,1561.86,completed,2026-04-21 20:42:25
ORD-001681,254,24,4,583.06,2332.24,shipped,2026-04-08 12:22:27
ORD-001682,171,62,4,853.93,3415.72,completed,2026-03-23 00:49:20
ORD-001683,282,84,2,544.62,1089.24,shipped,2026-04-06 08:45:26
ORD-001684,275,69,5,370.39,1851.95,completed,2026-03-30 04:36:48
ORD-001685,270,50,1,365.03,365.03,cancelled,2026-03-24 08:38:29
ORD-001686,121,100,2,281.04,562.08,completed,2026-03-17 20:49:24
ORD-001687,186,1,2,60.27,120.54,cancelled,2026-03-07 23:22:32
ORD-001688,31,61,2,251.26,502.52,completed,2026-03-03 19:59:22
ORD-001689,74,47,2,404.56,809.12,cancelled,2026-04-12 07:14:16
ORD-001690,29,54,2,214.57,429.14,completed,2026-04-17 15:49:23
ORD-001691,357,16,2,200.02,400.04,shipped,2026-04-06 23:02:27
ORD-001692,340,48,1,634.44,634.44,cancelled,2026-03-17 20:08:26
ORD-001693,446,10,4,123.09,492.36,completed,2026-03-08 02:22:33
ORD-001694,41,4,2,152.26,304.52,completed,2026-04-07 18:51:23
ORD-001695,77,10,1,123.09,123.09,completed,2026-03-25 08:50:10
ORD-001696,358,61,2,251.26,502.52,completed,2026-03-14 04:47:47
ORD-001697,228,61,4,251.26,1005.04,completed,2026-03-15 11:43:05
ORD-001698,452,37,1,492.28,492.28,completed,2026-04-21 21:48:56
ORD-001699,6,78,2,186.99,373.98,shipped,2026-03-29 18:09:43
ORD-001700,471,55,4,520.62,2082.48,cancelled,2026-03-26 14:36:17
ORD-001701,217,65,3,448.58,1345.74,completed,2026-03-16 15:43:26
ORD-001702,487,35,1,25.35,25.35,completed,2026-03-28 10:15:13
ORD-001703,29,96,2,188.04,376.08,completed,2026-04-05 01:27:41
ORD-001704,310,51,2,488.09,976.18,completed,2026-03-09 03:38:13
ORD-001705,335,89,4,816.79,3267.16,shipped,2026-03-31 12:35:50
ORD-001706,332,49,2,224.04,448.08,shipped,2026-04-27 10:28:30
ORD-001707,40,25,3,340.14,1020.42,completed,2026-04-24 20:11:57
ORD-001708,145,78,3,186.99,560.97,completed,2026-04-29 15:16:45
ORD-001709,306,70,1,341.93,341.93,completed,2026-04-26 16:17:05
ORD-001710,104,97,3,499.11,1497.33,completed,2026-04-18 03:54:49
ORD-001711,290,31,3,164.73,494.19,completed,2026-04-25 03:14:33
ORD-001712,162,73,4,772.5,3090.0,completed,2026-04-28 22:15:03
ORD-001713,491,40,1,143.83,143.83,shipped,2026-04-08 13:43:05
ORD-001714,372,65,2,448.58,897.16,completed,2026-04-10 09:46:38
ORD-001715,460,17,1,45.53,45.53,cancelled,2026-04-09 09:10:17
ORD-001716,13,13,5,727.19,3635.95,cancelled,2026-03-10 18:31:55
ORD-001717,149,49,4,224.04,896.16,completed,2026-03-24 22:38:17
ORD-001718,48,20,4,887.59,3550.36,completed,2026-04-25 01:12:36
ORD-001719,494,28,2,867.91,1735.82,cancelled,2026-03-12 18:08:12
ORD-001720,477,67,5,346.13,1730.65,completed,2026-03-20 04:56:52
ORD-001721,185,58,2,275.08,550.16,cancelled,2026-04-09 13:24:39
ORD-001722,123,56,1,540.14,540.14,completed,2026-03-04 09:53:13
ORD-001723,291,79,5,75.77,378.85,shipped,2026-04-26 18:27:05
ORD-001724,281,13,1,727.19,727.19,completed,2026-04-21 12:43:48
ORD-001725,87,64,1,612.48,612.48,completed,2026-04-01 12:34:41
ORD-001726,187,21,1,33.4,33.4,completed,2026-04-13 03:00:36
ORD-001727,133,12,1,505.12,505.12,shipped,2026-04-19 07:13:30
ORD-001728,482,33,4,656.43,2625.72,completed,2026-03-20 18:53:12
ORD-001729,440,73,4,772.5,3090.0,completed,2026-04-28 10:45:59
ORD-001730,470,52,4,778.04,3112.16,completed,2026-03-07 01:26:17
ORD-001731,488,57,3,737.45,2212.35,completed,2026-03-29 01:15:29
ORD-001732,260,48,1,634.44,634.44,shipped,2026-03-18 08:57:22
ORD-001733,30,34,1,752.17,752.17,completed,2026-03-22 00:33:28
ORD-001734,437,90,5,861.53,4307.65,completed,2026-04-30 18:22:22
ORD-001735,205,38,4,344.45,1377.8,completed,2026-04-20 03:14:32
ORD-001736,343,29,4,487.67,1950.68,completed,2026-03-06 07:10:09
ORD-001737,274,45,4,220.4,881.6,shipped,2026-04-01 00:36:29
ORD-001738,470,14,1,24.48,24.48,shipped,2026-04-19 20:03:19
ORD-001739,169,99,4,482.62,1930.48,completed,2026-04-18 09:22:52
ORD-001740,109,41,3,843.98,2531.94,shipped,2026-03-23 06:17:41
ORD-001741,280,15,3,735.73,2207.19,completed,2026-04-01 22:36:23
ORD-001742,164,61,2,251.26,502.52,cancelled,2026-03-21 16:13:41
ORD-001743,32,5,5,470.71,2353.55,completed,2026-03-12 10:09:16
ORD-001744,109,56,4,540.14,2160.56,completed,2026-04-17 22:01:52
ORD-001745,326,98,4,258.34,1033.36,completed,2026-04-13 14:49:21
ORD-001746,208,11,2,413.83,827.66,completed,2026-04-26 14:01:39
ORD-001747,269,39,4,226.52,906.08,completed,2026-03-06 08:43:07
ORD-001748,48,86,3,686.72,2060.16,shipped,2026-04-19 22:02:36
ORD-001749,179,44,3,555.36,1666.08,shipped,2026-04-20 16:46:09
ORD-001750,495,62,4,853.93,3415.72,shipped,2026-03-27 18:08:59
ORD-001751,288,46,5,95.3,476.5,cancelled,2026-04-06 23:38:19
ORD-001752,316,26,1,406.44,406.44,completed,2026-03-15 02:56:17
ORD-001753,460,42,3,690.11,2070.33,shipped,2026-04-30 18:31:13
ORD-001754,59,19,4,894.74,3578.96,shipped,2026-03-06 12:28:48
ORD-001755,231,34,5,752.17,3760.85,completed,2026-03-15 23:51:59
ORD-001756,50,82,4,175.48,701.92,completed,2026-03-21 02:56:31
ORD-001757,397,28,2,867.91,1735.82,completed,2026-04-04 04:07:04
ORD-001758,108,77,4,352.64,1410.56,completed,2026-04-17 11:19:36
ORD-001759,417,87,5,605.95,3029.75,completed,2026-04-30 10:31:10
ORD-001760,258,3,3,517.57,1552.71,completed,2026-03-04 12:49:26
ORD-001761,212,90,4,861.53,3446.12,shipped,2026-03-20 07:23:52
ORD-001762,219,46,3,95.3,285.9,cancelled,2026-03-08 04:14:58
ORD-001763,235,98,3,258.34,775.02,shipped,2026-04-23 17:35:56
ORD-001764,84,48,2,634.44,1268.88,cancelled,2026-03-26 02:20:27
ORD-001765,325,56,4,540.14,2160.56,completed,2026-04-12 08:04:17
ORD-001766,45,90,5,861.53,4307.65,completed,2026-03-01 20:23:15
ORD-001767,54,12,1,505.12,505.12,shipped,2026-03-22 09:01:33
ORD-001768,52,96,5,188.04,940.2,shipped,2026-03-02 04:10:01
ORD-001769,342,65,5,448.58,2242.9,completed,2026-03-10 22:48:43
ORD-001770,283,54,2,214.57,429.14,shipped,2026-04-16 07:26:51
ORD-001771,487,15,2,735.73,1471.46,completed,2026-03-07 06:54:12
ORD-001772,361,45,4,220.4,881.6,shipped,2026-04-04 00:31:17
ORD-001773,260,1,3,60.27,180.81,completed,2026-03-11 15:50:49
ORD-001774,345,35,3,25.35,76.05,completed,2026-04-11 08:54:03
ORD-001775,14,1,4,60.27,241.08,completed,2026-04-28 23:26:05
ORD-001776,163,48,5,634.44,3172.2,completed,2026-03-09 02:09:24
ORD-001777,285,22,5,166.08,830.4,shipped,2026-04-03 15:11:43
ORD-001778,425,25,5,340.14,1700.7,completed,2026-03-20 09:40:48
ORD-001779,200,74,4,726.17,2904.68,completed,2026-04-22 00:50:03
ORD-001780,224,52,3,778.04,2334.12,completed,2026-03-28 18:13:53
ORD-001781,324,13,2,727.19,1454.38,cancelled,2026-03-29 19:41:25
ORD-001782,82,51,3,488.09,1464.27,completed,2026-03-08 03:52:10
ORD-001783,224,27,1,341.2,341.2,completed,2026-04-25 23:04:00
ORD-001784,317,81,5,484.39,2421.95,cancelled,2026-04-21 22:59:14
ORD-001785,381,11,5,413.83,2069.15,completed,2026-04-06 23:04:46
ORD-001786,335,59,3,887.2,2661.6,completed,2026-04-19 15:16:20
ORD-001787,372,39,2,226.52,453.04,shipped,2026-03-27 15:04:15
ORD-001788,141,99,3,482.62,1447.86,completed,2026-03-19 22:06:58
ORD-001789,444,19,1,894.74,894.74,completed,2026-03-21 02:54:23
ORD-001790,63,15,4,735.73,2942.92,completed,2026-03-02 02:18:15
ORD-001791,48,19,3,894.74,2684.22,completed,2026-04-14 17:25:25
ORD-001792,201,64,3,612.48,1837.44,completed,2026-03-03 16:25:41
ORD-001793,250,63,1,820.86,820.86,completed,2026-04-04 21:19:17
ORD-001794,325,27,4,341.2,1364.8,shipped,2026-04-06 12:34:58
ORD-001795,463,21,2,33.4,66.8,completed,2026-04-11 23:37:51
ORD-001796,438,85,5,70.14,350.7,completed,2026-03-21 01:54:45
ORD-001797,315,16,3,200.02,600.06,cancelled,2026-04-08 06:22:53
ORD-001798,380,70,1,341.93,341.93,completed,2026-04-20 05:00:14
ORD-001799,275,16,2,200.02,400.04,completed,2026-03-23 22:55:27
ORD-001800,111,67,5,346.13,1730.65,completed,2026-03-13 18:27:12
ORD-001801,71,15,2,735.73,1471.46,completed,2026-04-29 12:04:29
ORD-001802,247,11,2,413.83,827.66,completed,2026-04-13 14:02:10
ORD-001803,334,12,3,505.12,1515.36,completed,2026-03-16 03:55:15
ORD-001804,485,60,4,202.83,811.32,shipped,2026-04-03 05:20:06
ORD-001805,352,25,3,340.14,1020.42,completed,2026-04-19 16:47:44
ORD-001806,160,51,1,488.09,488.09,completed,2026-03-24 02:36:25
ORD-001807,217,27,4,341.2,1364.8,cancelled,2026-04-03 07:45:22
ORD-001808,319,96,3,188.04,564.12,completed,2026-03-09 12:23:41
ORD-001809,291,78,4,186.99,747.96,completed,2026-04-03 16:43:43
ORD-001810,456,48,1,634.44,634.44,completed,2026-04-02 17:54:39
ORD-001811,151,66,3,847.72,2543.16,cancelled,2026-03-24 09:04:46
ORD-001812,16,83,5,342.57,1712.85,completed,2026-04-08 09:29:54
ORD-001813,184,24,3,583.06,1749.18,completed,2026-04-03 17:13:52
ORD-001814,191,10,2,123.09,246.18,completed,2026-03-19 10:28:06
ORD-001815,164,100,3,281.04,843.12,completed,2026-04-23 23:38:58
ORD-001816,291,92,3,866.06,2598.18,completed,2026-04-17 07:03:23
ORD-001817,146,30,5,774.96,3874.8,cancelled,2026-04-26 09:57:40
ORD-001818,288,28,5,867.91,4339.55,completed,2026-04-17 20:15:11
ORD-001819,294,92,5,866.06,4330.3,shipped,2026-03-01 21:16:33
ORD-001820,102,88,4,434.06,1736.24,completed,2026-04-10 12:20:42
ORD-001821,141,7,4,526.92,2107.68,shipped,2026-03-30 22:17:47
ORD-001822,308,16,1,200.02,200.02,completed,2026-04-02 17:46:09
ORD-001823,11,76,4,503.77,2015.08,completed,2026-04-15 03:00:49
ORD-001824,146,3,5,517.57,2587.85,completed,2026-04-30 07:11:15
ORD-001825,471,52,1,778.04,778.04,cancelled,2026-03-04 04:34:38
ORD-001826,36,6,3,613.86,1841.58,shipped,2026-03-20 23:24:28
ORD-001827,141,13,4,727.19,2908.76,completed,2026-03-15 13:02:28
ORD-001828,285,97,3,499.11,1497.33,completed,2026-04-05 21:05:45
ORD-001829,153,64,5,612.48,3062.4,shipped,2026-04-27 09:40:46
ORD-001830,481,64,1,612.48,612.48,cancelled,2026-03-08 10:23:12
ORD-001831,423,14,1,24.48,24.48,completed,2026-04-16 22:15:31
ORD-001832,116,18,1,631.84,631.84,completed,2026-04-10 08:08:15
ORD-001833,418,12,2,505.12,1010.24,cancelled,2026-03-15 10:34:11
ORD-001834,57,1,1,60.27,60.27,completed,2026-04-14 22:25:54
ORD-001835,353,39,1,226.52,226.52,cancelled,2026-04-14 12:00:35
ORD-001836,474,49,3,224.04,672.12,completed,2026-03-17 17:47:54
ORD-001837,164,75,4,508.34,2033.36,completed,2026-04-23 19:24:08
ORD-001838,327,97,5,499.11,2495.55,shipped,2026-03-05 08:57:09
ORD-001839,124,86,1,686.72,686.72,cancelled,2026-03-28 04:47:28
ORD-001840,396,62,4,853.93,3415.72,shipped,2026-04-13 12:16:47
ORD-001841,365,29,1,487.67,487.67,completed,2026-04-14 13:12:52
ORD-001842,338,46,5,95.3,476.5,completed,2026-03-08 15:10:32
ORD-001843,31,89,1,816.79,816.79,completed,2026-04-26 05:59:32
ORD-001844,97,2,2,813.08,1626.16,shipped,2026-04-01 09:58:50
ORD-001845,390,14,3,24.48,73.44,cancelled,2026-04-17 02:29:59
ORD-001846,363,66,3,847.72,2543.16,shipped,2026-03-13 12:38:49
ORD-001847,55,84,2,544.62,1089.24,completed,2026-03-07 05:37:53
ORD-001848,445,29,3,487.67,1463.01,cancelled,2026-04-06 07:31:39
ORD-001849,97,66,2,847.72,1695.44,completed,2026-03-12 09:25:45
ORD-001850,488,36,4,419.39,1677.56,cancelled,2026-04-20 12:49:02
ORD-001851,449,83,1,342.57,342.57,completed,2026-04-21 07:13:02
ORD-001852,458,96,1,188.04,188.04,shipped,2026-04-15 23:23:46
ORD-001853,339,24,3,583.06,1749.18,cancelled,2026-04-29 06:39:39
ORD-001854,475,58,3,275.08,825.24,cancelled,2026-04-14 19:41:31
ORD-001855,78,11,3,413.83,1241.49,shipped,2026-04-03 16:16:45
ORD-001856,28,65,4,448.58,1794.32,shipped,2026-03-29 11:50:57
ORD-001857,333,35,3,25.35,76.05,shipped,2026-04-24 22:12:40
ORD-001858,97,94,4,433.63,1734.52,shipped,2026-04-18 13:17:45
ORD-001859,312,23,5,690.42,3452.1,shipped,2026-04-13 04:43:10
ORD-001860,331,67,4,346.13,1384.52,completed,2026-04-24 22:11:04
ORD-001861,459,15,2,735.73,1471.46,completed,2026-04-23 22:03:56
ORD-001862,273,74,3,726.17,2178.51,completed,2026-04-15 21:36:10
ORD-001863,359,36,2,419.39,838.78,shipped,2026-03-05 01:25:07
ORD-001864,376,51,4,488.09,1952.36,completed,2026-04-24 15:59:39
ORD-001865,178,64,2,612.48,1224.96,completed,2026-04-20 16:35:17
ORD-001866,49,91,5,194.57,972.85,completed,2026-04-12 23:53:13
ORD-001867,437,65,5,448.58,2242.9,completed,2026-03-31 12:53:01
ORD-001868,86,22,3,166.08,498.24,completed,2026-03-18 21:28:17
ORD-001869,342,43,4,729.48,2917.92,shipped,2026-04-21 23:32:11
ORD-001870,499,55,3,520.62,1561.86,completed,2026-04-29 17:32:13
ORD-001871,305,10,2,123.09,246.18,completed,2026-03-18 23:38:45
ORD-001872,448,61,5,251.26,1256.3,completed,2026-04-30 06:13:17
ORD-001873,291,61,1,251.26,251.26,completed,2026-04-28 23:22:01
ORD-001874,387,30,5,774.96,3874.8,completed,2026-03-29 17:54:32
ORD-001875,412,100,1,281.04,281.04,completed,2026-04-24 12:54:36
ORD-001876,280,58,4,275.08,1100.32,completed,2026-03-14 11:13:43
ORD-001877,235,85,4,70.14,280.56,completed,2026-04-14 10:44:12
ORD-001878,457,46,3,95.3,285.9,cancelled,2026-03-16 11:50:57
ORD-001879,139,100,5,281.04,1405.2,cancelled,2026-03-31 19:53:41
ORD-001880,439,94,1,433.63,433.63,completed,2026-04-21 09:03:39
ORD-001881,16,85,2,70.14,140.28,completed,2026-04-08 05:52:29
ORD-001882,382,74,4,726.17,2904.68,completed,2026-04-07 16:29:19
ORD-001883,495,25,4,340.14,1360.56,completed,2026-03-21 20:04:14
ORD-001884,491,81,5,484.39,2421.95,cancelled,2026-03-04 07:38:34
ORD-001885,455,23,3,690.42,2071.26,completed,2026-03-03 11:17:57
ORD-001886,159,51,5,488.09,2440.45,completed,2026-04-04 13:56:32
ORD-001887,428,6,5,613.86,3069.3,cancelled,2026-03-28 11:30:07
ORD-001888,291,16,4,200.02,800.08,completed,2026-03-11 07:25:59
ORD-001889,475,37,1,492.28,492.28,completed,2026-04-30 05:50:05
ORD-001890,320,60,2,202.83,405.66,cancelled,2026-03-28 13:26:58
ORD-001891,148,86,2,686.72,1373.44,completed,2026-04-11 06:16:31
ORD-001892,112,38,1,344.45,344.45,completed,2026-04-01 22:30:33
ORD-001893,157,76,1,503.77,503.77,completed,2026-04-27 06:13:09
ORD-001894,26,56,3,540.14,1620.42,completed,2026-03-19 23:58:36
ORD-001895,403,18,3,631.84,1895.52,cancelled,2026-03-05 13:41:12
ORD-001896,366,86,5,686.72,3433.6,completed,2026-04-21 20:52:08
ORD-001897,471,19,2,894.74,1789.48,completed,2026-04-03 02:41:34
ORD-001898,478,38,2,344.45,688.9,completed,2026-04-28 06:46:20
ORD-001899,496,32,4,356.79,1427.16,completed,2026-04-03 09:28:08
ORD-001900,89,34,3,752.17,2256.51,cancelled,2026-03-23 12:41:12
ORD-001901,72,56,3,540.14,1620.42,completed,2026-03-10 02:56:59
ORD-001902,103,33,2,656.43,1312.86,completed,2026-04-04 03:49:09
ORD-001903,475,40,1,143.83,143.83,shipped,2026-04-11 03:22:07
ORD-001904,50,70,2,341.93,683.86,completed,2026-04-06 08:05:36
ORD-001905,258,68,4,290.27,1161.08,completed,2026-03-17 12:35:41
ORD-001906,216,60,3,202.83,608.49,shipped,2026-04-03 07:00:49
ORD-001907,14,60,1,202.83,202.83,shipped,2026-03-03 03:39:03
ORD-001908,403,12,2,505.12,1010.24,completed,2026-03-22 12:59:26
ORD-001909,318,75,5,508.34,2541.7,cancelled,2026-04-07 19:21:58
ORD-001910,65,73,3,772.5,2317.5,shipped,2026-04-27 09:42:14
ORD-001911,236,86,1,686.72,686.72,completed,2026-04-01 05:08:24
ORD-001912,55,11,1,413.83,413.83,completed,2026-04-13 00:20:19
ORD-001913,290,77,1,352.64,352.64,shipped,2026-03-09 13:25:14
ORD-001914,63,89,3,816.79,2450.37,cancelled,2026-03-06 21:47:03
ORD-001915,360,87,5,605.95,3029.75,completed,2026-03-14 22:04:11
ORD-001916,70,67,2,346.13,692.26,completed,2026-03-26 05:58:00
ORD-001917,160,87,2,605.95,1211.9,completed,2026-04-11 01:07:36
ORD-001918,59,63,5,820.86,4104.3,completed,2026-03-17 16:41:34
ORD-001919,267,1,2,60.27,120.54,completed,2026-03-23 19:35:36
ORD-001920,13,32,2,356.79,713.58,cancelled,2026-04-24 06:45:06
ORD-001921,154,57,4,737.45,2949.8,shipped,2026-04-27 19:33:54
ORD-001922,431,62,2,853.93,1707.86,cancelled,2026-03-09 15:26:48
ORD-001923,440,34,5,752.17,3760.85,cancelled,2026-03-18 08:00:43
ORD-001924,12,16,4,200.02,800.08,completed,2026-04-21 00:50:13
ORD-001925,380,19,2,894.74,1789.48,cancelled,2026-04-20 05:22:35
ORD-001926,149,26,4,406.44,1625.76,completed,2026-03-31 13:26:25
ORD-001927,201,76,4,503.77,2015.08,shipped,2026-04-07 13:58:52
ORD-001928,417,90,1,861.53,861.53,shipped,2026-04-01 08:49:17
ORD-001929,62,19,1,894.74,894.74,cancelled,2026-04-12 07:21:30
ORD-001930,18,50,1,365.03,365.03,cancelled,2026-03-24 12:58:37
ORD-001931,493,57,1,737.45,737.45,completed,2026-03-03 11:05:06
ORD-001932,82,60,4,202.83,811.32,completed,2026-04-13 23:40:05
ORD-001933,463,65,5,448.58,2242.9,cancelled,2026-04-17 11:17:58
ORD-001934,336,50,5,365.03,1825.15,completed,2026-04-26 17:38:49
ORD-001935,367,46,5,95.3,476.5,completed,2026-04-09 07:16:15
ORD-001936,35,36,3,419.39,1258.17,shipped,2026-03-02 09:39:27
ORD-001937,93,49,4,224.04,896.16,cancelled,2026-03-23 00:00:28
ORD-001938,270,91,5,194.57,972.85,completed,2026-03-12 00:00:36
ORD-001939,179,17,3,45.53,136.59,cancelled,2026-03-24 02:51:24
ORD-001940,16,80,4,763.18,3052.72,completed,2026-04-26 22:21:52
ORD-001941,256,30,1,774.96,774.96,shipped,2026-03-19 20:07:58
ORD-001942,54,42,2,690.11,1380.22,completed,2026-03-12 15:23:07
ORD-001943,473,94,4,433.63,1734.52,completed,2026-03-13 08:42:23
ORD-001944,20,8,5,809.51,4047.55,completed,2026-04-14 19:49:56
ORD-001945,431,57,3,737.45,2212.35,completed,2026-03-23 01:00:56
ORD-001946,194,23,3,690.42,2071.26,completed,2026-04-24 07:38:02
ORD-001947,101,82,5,175.48,877.4,completed,2026-03-26 16:43:41
ORD-001948,116,63,4,820.86,3283.44,completed,2026-03-18 13:35:02
ORD-001949,415,95,2,627.59,1255.18,completed,2026-04-03 04:45:25
ORD-001950,492,12,5,505.12,2525.6,completed,2026-04-29 01:05:41
ORD-001951,458,27,1,341.2,341.2,completed,2026-03-10 18:52:57
ORD-001952,443,47,4,404.56,1618.24,completed,2026-03-25 04:05:59
ORD-001953,271,44,2,555.36,1110.72,shipped,2026-03-18 00:37:02
ORD-001954,257,25,2,340.14,680.28,completed,2026-03-25 06:45:07
ORD-001955,437,46,5,95.3,476.5,completed,2026-03-04 03:39:31
ORD-001956,193,9,4,728.78,2915.12,completed,2026-04-03 01:13:39
ORD-001957,153,73,1,772.5,772.5,completed,2026-04-22 05:10:04
ORD-001958,308,16,4,200.02,800.08,cancelled,2026-04-16 22:07:33
ORD-001959,473,43,1,729.48,729.48,completed,2026-04-16 13:26:43
ORD-001960,496,50,3,365.03,1095.09,completed,2026-04-26 18:15:09
ORD-001961,437,10,5,123.09,615.45,cancelled,2026-03-25 15:12:40
ORD-001962,317,79,5,75.77,378.85,completed,2026-04-11 09:27:54
ORD-001963,480,70,1,341.93,341.93,completed,2026-03-24 06:51:08
ORD-001964,216,84,1,544.62,544.62,completed,2026-04-28 11:41:32
ORD-001965,72,26,3,406.44,1219.32,completed,2026-03-05 21:50:16
ORD-001966,121,71,3,486.45,1459.35,shipped,2026-03-02 21:43:51
ORD-001967,360,10,5,123.09,615.45,completed,2026-03-04 01:47:26
ORD-001968,307,45,1,220.4,220.4,cancelled,2026-03-01 08:50:43
ORD-001969,139,11,5,413.83,2069.15,completed,2026-03-31 19:17:11
ORD-001970,116,14,1,24.48,24.48,completed,2026-03-30 05:31:08
ORD-001971,11,56,4,540.14,2160.56,completed,2026-04-11 15:42:28
ORD-001972,441,4,2,152.26,304.52,shipped,2026-03-27 01:51:31
ORD-001973,27,88,1,434.06,434.06,shipped,2026-03-26 06:26:41
ORD-001974,221,99,4,482.62,1930.48,shipped,2026-03-17 19:26:25
ORD-001975,61,71,2,486.45,972.9,cancelled,2026-04-23 08:03:17
ORD-001976,224,48,3,634.44,1903.32,completed,2026-04-18 11:30:26
ORD-001977,6,31,2,164.73,329.46,completed,2026-04-25 02:34:09
ORD-001978,411,53,5,130.42,652.1,completed,2026-03-25 22:20:00
ORD-001979,40,93,2,673.46,1346.92,completed,2026-03-09 21:55:45
ORD-001980,23,17,4,45.53,182.12,completed,2026-04-19 13:42:40
ORD-001981,150,45,5,220.4,1102.0,completed,2026-03-20 15:06:27
ORD-001982,63,78,4,186.99,747.96,completed,2026-03-31 00:03:30
ORD-001983,106,10,3,123.09,369.27,shipped,2026-03-01 04:12:24
ORD-001984,228,91,3,194.57,583.71,completed,2026-03-04 15:58:47
ORD-001985,126,47,5,404.56,2022.8,cancelled,2026-04-12 00:12:06
ORD-001986,258,35,3,25.35,76.05,completed,2026-03-17 04:17:16
ORD-001987,362,7,3,526.92,1580.76,cancelled,2026-03-04 09:02:32
ORD-001988,467,63,3,820.86,2462.58,completed,2026-04-25 16:35:20
ORD-001989,108,67,2,346.13,692.26,completed,2026-04-11 03:52:02
ORD-001990,358,48,2,634.44,1268.88,shipped,2026-04-28 15:26:25
ORD-001991,11,84,4,544.62,2178.48,shipped,2026-03-01 19:50:27
ORD-001992,197,5,3,470.71,1412.13,completed,2026-04-13 02:34:59
ORD-001993,197,11,1,413.83,413.83,shipped,2026-04-13 01:48:00
ORD-001994,23,3,4,517.57,2070.28,completed,2026-04-06 07:50:02
ORD-001995,273,27,4,341.2,1364.8,completed,2026-04-19 08:18:17
ORD-001996,391,85,3,70.14,210.42,completed,2026-04-28 04:16:59
ORD-001997,473,4,5,152.26,761.3,completed,2026-03-13 11:45:32
ORD-001998,175,97,5,499.11,2495.55,cancelled,2026-04-17 23:00:16
ORD-001999,414,56,4,540.14,2160.56,completed,2026-03-11 21:55:14
ORD-002000,440,71,4,486.45,1945.8,cancelled,2026-03-01 13:32:08
ORD-002001,394,60,4,202.83,811.32,cancelled,2026-03-25 03:18:32
ORD-002002,382,34,2,752.17,1504.34,completed,2026-04-06 06:59:06
ORD-002003,44,17,1,45.53,45.53,completed,2026-04-13 14:00:35
ORD-002004,293,99,5,482.62,2413.1,shipped,2026-04-12 11:42:39
ORD-002005,138,5,5,470.71,2353.55,completed,2026-04-13 10:49:52
ORD-002006,158,84,5,544.62,2723.1,cancelled,2026-04-30 19:28:27
ORD-002007,434,85,3,70.14,210.42,completed,2026-03-08 14:22:10
ORD-002008,5,57,4,737.45,2949.8,shipped,2026-04-29 07:59:01
ORD-002009,433,5,3,470.71,1412.13,cancelled,2026-03-31 00:46:50
ORD-002010,481,28,4,867.91,3471.64,completed,2026-04-27 02:53:55
ORD-002011,489,36,5,419.39,2096.95,completed,2026-03-26 12:34:00
ORD-002012,133,57,2,737.45,1474.9,shipped,2026-04-14 13:56:46
ORD-002013,76,17,2,45.53,91.06,cancelled,2026-03-21 17:38:49
ORD-002014,336,84,1,544.62,544.62,completed,2026-04-16 19:50:00
ORD-002015,297,24,5,583.06,2915.3,completed,2026-03-06 07:58:08
ORD-002016,32,6,5,613.86,3069.3,completed,2026-03-16 15:42:02
ORD-002017,277,33,1,656.43,656.43,completed,2026-03-18 11:08:08
ORD-002018,40,77,2,352.64,705.28,cancelled,2026-04-08 20:01:32
ORD-002019,122,57,1,737.45,737.45,completed,2026-03-29 21:10:49
ORD-002020,37,42,5,690.11,3450.55,shipped,2026-04-07 08:51:19
ORD-002021,311,37,2,492.28,984.56,completed,2026-04-29 12:06:40
ORD-002022,192,43,4,729.48,2917.92,shipped,2026-03-04 00:15:44
ORD-002023,189,38,5,344.45,1722.25,completed,2026-04-29 18:09:48
ORD-002024,14,38,2,344.45,688.9,completed,2026-03-03 02:28:27
ORD-002025,262,78,2,186.99,373.98,cancelled,2026-03-10 12:36:01
ORD-002026,194,75,3,508.34,1525.02,cancelled,2026-03-01 16:10:37
ORD-002027,41,5,2,470.71,941.42,completed,2026-04-06 00:21:47
ORD-002028,323,29,5,487.67,2438.35,cancelled,2026-03-29 03:05:08
ORD-002029,434,94,4,433.63,1734.52,cancelled,2026-03-27 19:35:09
ORD-002030,267,7,5,526.92,2634.6,shipped,2026-03-31 04:54:20
ORD-002031,151,41,3,843.98,2531.94,completed,2026-04-18 03:03:22
ORD-002032,119,43,2,729.48,1458.96,shipped,2026-03-10 10:49:17
ORD-002033,228,41,1,843.98,843.98,shipped,2026-03-17 15:13:26
ORD-002034,259,47,1,404.56,404.56,completed,2026-04-08 03:35:40
ORD-002035,230,47,4,404.56,1618.24,shipped,2026-03-23 15:36:48
ORD-002036,474,30,5,774.96,3874.8,cancelled,2026-03-09 19:26:20
ORD-002037,341,32,4,356.79,1427.16,completed,2026-03-18 02:42:35
ORD-002038,175,78,3,186.99,560.97,completed,2026-03-11 13:33:18
ORD-002039,259,16,1,200.02,200.02,completed,2026-04-04 08:40:16
ORD-002040,461,74,4,726.17,2904.68,completed,2026-03-21 16:47:15
ORD-002041,215,59,1,887.2,887.2,completed,2026-04-20 19:36:08
ORD-002042,381,98,5,258.34,1291.7,completed,2026-03-16 06:53:35
ORD-002043,13,17,1,45.53,45.53,completed,2026-03-08 08:17:33
ORD-002044,471,10,2,123.09,246.18,shipped,2026-03-29 04:43:43
ORD-002045,357,55,3,520.62,1561.86,cancelled,2026-04-22 09:21:08
ORD-002046,460,31,3,164.73,494.19,completed,2026-04-23 11:44:14
ORD-002047,370,76,5,503.77,2518.85,completed,2026-03-22 20:04:35
ORD-002048,467,10,3,123.09,369.27,shipped,2026-03-01 07:39:23
ORD-002049,149,81,4,484.39,1937.56,shipped,2026-03-14 08:08:14
ORD-002050,371,90,2,861.53,1723.06,cancelled,2026-03-15 17:19:15
ORD-002051,304,66,1,847.72,847.72,cancelled,2026-04-21 23:43:00
ORD-002052,225,48,4,634.44,2537.76,completed,2026-04-06 12:20:00
ORD-002053,119,66,5,847.72,4238.6,completed,2026-04-13 20:28:20
ORD-002054,266,64,3,612.48,1837.44,cancelled,2026-04-27 03:27:39
ORD-002055,147,75,5,508.34,2541.7,completed,2026-03-07 08:27:53
ORD-002056,489,50,3,365.03,1095.09,completed,2026-03-13 17:30:15
ORD-002057,143,6,2,613.86,1227.72,cancelled,2026-04-03 05:05:56
ORD-002058,146,79,3,75.77,227.31,completed,2026-04-24 11:21:13
ORD-002059,225,16,3,200.02,600.06,completed,2026-04-13 06:16:56
ORD-002060,311,22,3,166.08,498.24,completed,2026-03-01 14:33:17
ORD-002061,106,30,3,774.96,2324.88,cancelled,2026-04-21 20:30:21
ORD-002062,463,66,2,847.72,1695.44,completed,2026-04-29 02:12:48
ORD-002063,4,70,5,341.93,1709.65,shipped,2026-03-10 16:53:44
ORD-002064,483,4,3,152.26,456.78,cancelled,2026-04-17 13:44:19
ORD-002065,426,55,4,520.62,2082.48,shipped,2026-03-28 19:24:22
ORD-002066,228,38,1,344.45,344.45,shipped,2026-03-16 19:38:00
ORD-002067,143,64,3,612.48,1837.44,completed,2026-04-25 19:01:07
ORD-002068,373,46,1,95.3,95.3,completed,2026-03-14 15:54:05
ORD-002069,142,42,2,690.11,1380.22,shipped,2026-03-29 11:47:27
ORD-002070,362,81,5,484.39,2421.95,completed,2026-03-18 21:18:10
ORD-002071,163,5,4,470.71,1882.84,completed,2026-04-24 05:01:13
ORD-002072,322,72,1,765.16,765.16,completed,2026-03-01 00:53:56
ORD-002073,447,32,2,356.79,713.58,completed,2026-03-24 10:18:10
ORD-002074,78,87,2,605.95,1211.9,shipped,2026-04-14 06:53:02
ORD-002075,102,24,4,583.06,2332.24,completed,2026-04-12 19:12:06
ORD-002076,35,67,2,346.13,692.26,shipped,2026-04-30 08:11:13
ORD-002077,20,72,5,765.16,3825.8,shipped,2026-04-17 17:30:55
ORD-002078,324,89,3,816.79,2450.37,cancelled,2026-03-22 10:09:15
ORD-002079,337,31,3,164.73,494.19,completed,2026-03-31 04:41:12
ORD-002080,343,39,2,226.52,453.04,shipped,2026-03-05 13:21:52
ORD-002081,279,63,4,820.86,3283.44,shipped,2026-03-23 10:59:51
ORD-002082,494,38,1,344.45,344.45,completed,2026-04-16 19:54:32
ORD-002083,340,54,4,214.57,858.28,shipped,2026-04-10 14:59:34
ORD-002084,339,15,2,735.73,1471.46,completed,2026-04-01 12:23:21
ORD-002085,397,45,4,220.4,881.6,shipped,2026-03-16 19:20:16
ORD-002086,15,63,5,820.86,4104.3,completed,2026-04-04 15:26:57
ORD-002087,32,35,5,25.35,126.75,cancelled,2026-04-17 09:06:31
ORD-002088,211,99,3,482.62,1447.86,shipped,2026-04-14 12:26:10
ORD-002089,468,57,4,737.45,2949.8,completed,2026-04-05 14:30:30
ORD-002090,174,35,4,25.35,101.4,completed,2026-03-15 16:01:43
ORD-002091,294,40,4,143.83,575.32,completed,2026-04-04 15:56:33
ORD-002092,57,69,2,370.39,740.78,cancelled,2026-03-12 01:14:03
ORD-002093,277,79,3,75.77,227.31,completed,2026-04-22 01:58:27
ORD-002094,47,93,1,673.46,673.46,completed,2026-03-10 10:11:40
ORD-002095,26,46,5,95.3,476.5,cancelled,2026-04-26 00:09:17
ORD-002096,81,27,3,341.2,1023.6,cancelled,2026-03-27 16:46:31
ORD-002097,467,51,2,488.09,976.18,completed,2026-04-12 18:07:25
ORD-002098,376,43,4,729.48,2917.92,completed,2026-04-17 03:52:04
ORD-002099,387,2,1,813.08,813.08,cancelled,2026-03-07 23:16:15
ORD-002100,22,14,5,24.48,122.4,completed,2026-04-05 06:20:44
ORD-002101,324,37,3,492.28,1476.84,completed,2026-04-29 15:37:33
ORD-002102,417,5,3,470.71,1412.13,shipped,2026-03-14 19:29:54
ORD-002103,442,84,4,544.62,2178.48,completed,2026-04-22 14:10:11
ORD-002104,11,10,1,123.09,123.09,completed,2026-03-29 08:52:36
ORD-002105,49,96,5,188.04,940.2,cancelled,2026-03-23 18:28:18
ORD-002106,440,51,2,488.09,976.18,completed,2026-03-08 01:56:51
ORD-002107,155,42,4,690.11,2760.44,completed,2026-03-29 23:08:49
ORD-002108,497,59,2,887.2,1774.4,cancelled,2026-04-24 14:22:42
ORD-002109,48,61,4,251.26,1005.04,completed,2026-04-12 08:21:41
ORD-002110,146,53,5,130.42,652.1,cancelled,2026-04-13 06:24:07
ORD-002111,255,65,2,448.58,897.16,shipped,2026-04-06 23:22:24
ORD-002112,232,48,5,634.44,3172.2,completed,2026-03-16 20:03:25
ORD-002113,229,74,1,726.17,726.17,completed,2026-04-05 15:32:57
ORD-002114,160,62,5,853.93,4269.65,completed,2026-04-24 00:35:45
ORD-002115,87,19,1,894.74,894.74,completed,2026-04-24 03:34:44
ORD-002116,73,63,5,820.86,4104.3,shipped,2026-04-15 20:56:45
ORD-002117,390,79,4,75.77,303.08,completed,2026-03-28 03:22:10
ORD-002118,160,8,4,809.51,3238.04,completed,2026-04-14 09:00:17
ORD-002119,307,20,1,887.59,887.59,shipped,2026-04-10 03:25:04
ORD-002120,387,1,3,60.27,180.81,cancelled,2026-03-17 16:22:57
ORD-002121,492,63,5,820.86,4104.3,completed,2026-03-30 12:36:13
ORD-002122,264,42,4,690.11,2760.44,cancelled,2026-03-16 06:24:53
ORD-002123,218,95,1,627.59,627.59,completed,2026-03-03 20:10:32
ORD-002124,83,49,2,224.04,448.08,cancelled,2026-03-13 23:30:15
ORD-002125,225,96,1,188.04,188.04,completed,2026-04-20 16:48:51
ORD-002126,321,5,4,470.71,1882.84,cancelled,2026-03-30 17:47:04
ORD-002127,215,63,2,820.86,1641.72,shipped,2026-03-14 04:04:53
ORD-002128,151,2,3,813.08,2439.24,completed,2026-04-23 08:08:41
ORD-002129,289,67,3,346.13,1038.39,completed,2026-03-22 10:28:10
ORD-002130,412,19,3,894.74,2684.22,cancelled,2026-03-28 16:33:21
ORD-002131,129,92,3,866.06,2598.18,shipped,2026-03-28 01:59:25
ORD-002132,475,60,2,202.83,405.66,completed,2026-03-02 11:58:44
ORD-002133,6,22,5,166.08,830.4,completed,2026-03-16 06:44:49
ORD-002134,35,54,2,214.57,429.14,completed,2026-04-21 06:52:12
ORD-002135,276,40,2,143.83,287.66,shipped,2026-04-18 20:35:00
ORD-002136,240,43,1,729.48,729.48,cancelled,2026-04-27 01:14:44
ORD-002137,287,21,1,33.4,33.4,completed,2026-04-08 00:49:54
ORD-002138,141,45,1,220.4,220.4,completed,2026-03-02 16:59:11
ORD-002139,189,55,5,520.62,2603.1,cancelled,2026-03-15 12:52:05
ORD-002140,288,99,4,482.62,1930.48,cancelled,2026-03-02 14:43:30
ORD-002141,79,83,2,342.57,685.14,completed,2026-04-26 02:25:22
ORD-002142,135,94,2,433.63,867.26,cancelled,2026-04-13 17:30:27
ORD-002143,301,14,2,24.48,48.96,shipped,2026-03-10 04:58:59
ORD-002144,310,43,5,729.48,3647.4,completed,2026-03-12 02:26:24
ORD-002145,108,95,5,627.59,3137.95,completed,2026-03-19 06:45:50
ORD-002146,476,1,2,60.27,120.54,cancelled,2026-04-17 20:40:29
ORD-002147,448,19,2,894.74,1789.48,completed,2026-04-20 06:41:20
ORD-002148,71,42,1,690.11,690.11,cancelled,2026-03-04 22:06:00
ORD-002149,168,57,4,737.45,2949.8,completed,2026-03-19 06:49:35
ORD-002150,202,65,1,448.58,448.58,shipped,2026-04-15 03:36:21
ORD-002151,182,100,4,281.04,1124.16,completed,2026-03-16 06:43:30
ORD-002152,453,67,3,346.13,1038.39,cancelled,2026-03-28 21:09:11
ORD-002153,427,28,2,867.91,1735.82,completed,2026-03-01 00:55:31
ORD-002154,287,92,2,866.06,1732.12,shipped,2026-03-08 08:04:50
ORD-002155,286,63,3,820.86,2462.58,shipped,2026-03-18 19:37:20
ORD-002156,444,84,3,544.62,1633.86,completed,2026-04-19 23:04:45
ORD-002157,110,60,3,202.83,608.49,cancelled,2026-03-15 08:33:36
ORD-002158,92,72,2,765.16,1530.32,completed,2026-04-06 10:22:33
ORD-002159,100,26,4,406.44,1625.76,completed,2026-04-07 04:50:56
ORD-002160,467,76,3,503.77,1511.31,completed,2026-04-09 20:34:26
ORD-002161,311,33,5,656.43,3282.15,completed,2026-03-03 23:31:37
ORD-002162,204,5,3,470.71,1412.13,completed,2026-03-20 06:34:12
ORD-002163,30,90,3,861.53,2584.59,cancelled,2026-04-13 01:14:05
ORD-002164,233,4,4,152.26,609.04,shipped,2026-03-23 00:58:52
ORD-002165,385,23,4,690.42,2761.68,cancelled,2026-03-14 00:25:25
ORD-002166,314,14,1,24.48,24.48,completed,2026-04-07 22:57:01
ORD-002167,43,91,2,194.57,389.14,shipped,2026-03-06 19:12:25
ORD-002168,364,16,1,200.02,200.02,completed,2026-04-02 00:47:25
ORD-002169,143,41,1,843.98,843.98,completed,2026-03-07 04:11:26
ORD-002170,171,84,5,544.62,2723.1,completed,2026-03-14 23:23:35
ORD-002171,370,91,2,194.57,389.14,completed,2026-03-04 02:38:01
ORD-002172,214,67,1,346.13,346.13,completed,2026-03-01 09:19:16
ORD-002173,76,9,2,728.78,1457.56,completed,2026-03-09 05:44:25
ORD-002174,142,11,2,413.83,827.66,cancelled,2026-04-02 22:22:47
ORD-002175,326,26,5,406.44,2032.2,completed,2026-04-04 17:42:09
ORD-002176,61,40,3,143.83,431.49,completed,2026-03-26 11:13:56
ORD-002177,290,60,5,202.83,1014.15,shipped,2026-03-08 20:51:56
ORD-002178,94,12,1,505.12,505.12,completed,2026-03-03 20:42:10
ORD-002179,495,24,3,583.06,1749.18,completed,2026-03-24 01:11:08
ORD-002180,112,99,2,482.62,965.24,completed,2026-03-11 23:37:12
ORD-002181,158,59,1,887.2,887.2,completed,2026-03-05 15:01:01
ORD-002182,195,96,2,188.04,376.08,completed,2026-04-11 22:03:30
ORD-002183,162,23,3,690.42,2071.26,shipped,2026-04-22 03:25:40
ORD-002184,91,29,2,487.67,975.34,completed,2026-04-13 16:44:48
ORD-002185,251,34,4,752.17,3008.68,completed,2026-04-14 20:38:08
ORD-002186,268,75,3,508.34,1525.02,shipped,2026-04-08 00:37:55
ORD-002187,198,81,2,484.39,968.78,completed,2026-04-28 02:41:34
ORD-002188,178,69,5,370.39,1851.95,completed,2026-04-17 08:12:14
ORD-002189,283,27,3,341.2,1023.6,completed,2026-03-17 05:39:31
ORD-002190,133,12,5,505.12,2525.6,completed,2026-03-12 16:19:41
ORD-002191,265,60,3,202.83,608.49,completed,2026-04-28 19:48:08
ORD-002192,166,61,2,251.26,502.52,completed,2026-04-01 02:38:05
ORD-002193,462,73,4,772.5,3090.0,completed,2026-03-19 02:34:39
ORD-002194,446,42,1,690.11,690.11,completed,2026-03-21 10:56:01
ORD-002195,173,21,4,33.4,133.6,completed,2026-03-31 11:48:49
ORD-002196,240,24,3,583.06,1749.18,cancelled,2026-04-11 18:04:29
ORD-002197,234,24,1,583.06,583.06,cancelled,2026-04-02 01:33:00
ORD-002198,243,74,4,726.17,2904.68,completed,2026-03-15 09:27:39
ORD-002199,248,33,3,656.43,1969.29,shipped,2026-03-23 11:41:54
ORD-002200,391,39,1,226.52,226.52,cancelled,2026-03-02 15:28:10
ORD-002201,489,14,4,24.48,97.92,cancelled,2026-04-03 14:11:35
ORD-002202,263,52,5,778.04,3890.2,completed,2026-04-29 18:01:41
ORD-002203,102,39,5,226.52,1132.6,cancelled,2026-03-17 04:55:08
ORD-002204,404,97,2,499.11,998.22,completed,2026-04-22 11:52:14
ORD-002205,411,12,3,505.12,1515.36,completed,2026-03-11 18:50:59
ORD-002206,1,59,4,887.2,3548.8,completed,2026-04-20 07:13:50
ORD-002207,42,26,2,406.44,812.88,completed,2026-04-11 12:48:12
ORD-002208,371,31,2,164.73,329.46,completed,2026-04-03 20:43:02
ORD-002209,3,20,5,887.59,4437.95,shipped,2026-03-07 10:22:26
ORD-002210,282,21,3,33.4,100.2,shipped,2026-04-24 06:51:32
ORD-002211,343,90,2,861.53,1723.06,shipped,2026-03-03 06:48:14
ORD-002212,199,60,2,202.83,405.66,completed,2026-03-13 20:30:41
ORD-002213,460,41,2,843.98,1687.96,completed,2026-04-05 12:05:25
ORD-002214,274,87,4,605.95,2423.8,completed,2026-03-23 09:39:38
ORD-002215,14,45,4,220.4,881.6,completed,2026-03-19 02:38:56
ORD-002216,189,78,2,186.99,373.98,completed,2026-03-12 15:26:18
ORD-002217,313,44,5,555.36,2776.8,cancelled,2026-03-09 23:56:32
ORD-002218,331,97,4,499.11,1996.44,completed,2026-03-03 21:11:13
ORD-002219,109,18,4,631.84,2527.36,completed,2026-04-18 22:23:21
ORD-002220,335,56,1,540.14,540.14,completed,2026-04-09 10:01:00
ORD-002221,199,55,2,520.62,1041.24,shipped,2026-04-12 12:40:25
ORD-002222,84,5,3,470.71,1412.13,shipped,2026-04-04 17:27:51
ORD-002223,239,88,5,434.06,2170.3,completed,2026-03-08 20:07:30
ORD-002224,412,45,1,220.4,220.4,completed,2026-03-20 09:16:25
ORD-002225,260,21,3,33.4,100.2,shipped,2026-04-22 03:04:36
ORD-002226,335,88,4,434.06,1736.24,shipped,2026-04-30 06:18:01
ORD-002227,133,55,1,520.62,520.62,completed,2026-04-11 08:31:37
ORD-002228,400,78,4,186.99,747.96,shipped,2026-03-29 10:25:34
ORD-002229,498,92,3,866.06,2598.18,completed,2026-03-07 04:31:14
ORD-002230,389,15,2,735.73,1471.46,shipped,2026-04-03 04:38:28
ORD-002231,173,87,1,605.95,605.95,cancelled,2026-04-21 23:44:49
ORD-002232,373,34,2,752.17,1504.34,shipped,2026-03-29 01:37:34
ORD-002233,21,56,1,540.14,540.14,completed,2026-04-01 13:44:36
ORD-002234,456,63,4,820.86,3283.44,cancelled,2026-04-07 22:10:37
ORD-002235,173,88,3,434.06,1302.18,completed,2026-04-14 08:30:03
ORD-002236,92,99,1,482.62,482.62,completed,2026-03-27 14:16:13
ORD-002237,167,46,4,95.3,381.2,completed,2026-04-29 07:44:01
ORD-002238,183,82,1,175.48,175.48,completed,2026-03-23 19:56:02
ORD-002239,44,69,4,370.39,1481.56,cancelled,2026-04-15 17:37:12
ORD-002240,325,13,2,727.19,1454.38,shipped,2026-03-15 18:44:02
ORD-002241,353,56,3,540.14,1620.42,cancelled,2026-04-08 07:19:25
ORD-002242,21,32,5,356.79,1783.95,completed,2026-03-25 07:18:35
ORD-002243,312,42,3,690.11,2070.33,completed,2026-04-28 18:39:26
ORD-002244,173,49,5,224.04,1120.2,completed,2026-03-15 21:07:57
ORD-002245,487,55,4,520.62,2082.48,completed,2026-04-29 17:18:12
ORD-002246,495,93,1,673.46,673.46,completed,2026-03-08 08:13:09
ORD-002247,316,25,5,340.14,1700.7,cancelled,2026-04-14 12:57:39
ORD-002248,192,70,2,341.93,683.86,cancelled,2026-03-17 22:13:20
ORD-002249,141,61,2,251.26,502.52,completed,2026-03-13 08:05:29
ORD-002250,310,36,5,419.39,2096.95,shipped,2026-03-19 22:20:05
ORD-002251,209,24,3,583.06,1749.18,completed,2026-04-13 23:48:58
ORD-002252,141,3,4,517.57,2070.28,completed,2026-03-19 19:16:32
ORD-002253,163,60,5,202.83,1014.15,completed,2026-03-11 00:53:09
ORD-002254,114,29,2,487.67,975.34,completed,2026-04-29 12:10:53
ORD-002255,424,79,3,75.77,227.31,shipped,2026-03-15 01:48:56
ORD-002256,169,76,4,503.77,2015.08,cancelled,2026-03-21 02:19:42
ORD-002257,7,50,4,365.03,1460.12,completed,2026-03-02 03:41:47
ORD-002258,78,44,3,555.36,1666.08,shipped,2026-04-08 07:49:14
ORD-002259,358,96,4,188.04,752.16,completed,2026-04-17 04:37:19
ORD-002260,17,87,4,605.95,2423.8,cancelled,2026-04-14 09:19:47
ORD-002261,43,11,4,413.83,1655.32,completed,2026-03-26 11:25:41
ORD-002262,150,96,5,188.04,940.2,completed,2026-04-07 12:55:50
ORD-002263,320,58,4,275.08,1100.32,cancelled,2026-04-29 18:19:26
ORD-002264,221,22,5,166.08,830.4,shipped,2026-04-08 03:25:59
ORD-002265,285,98,1,258.34,258.34,shipped,2026-03-13 13:39:51
ORD-002266,68,31,4,164.73,658.92,shipped,2026-03-03 04:25:37
ORD-002267,112,78,1,186.99,186.99,completed,2026-04-24 09:35:29
ORD-002268,443,15,5,735.73,3678.65,completed,2026-04-12 17:29:48
ORD-002269,181,99,4,482.62,1930.48,completed,2026-03-26 09:07:35
ORD-002270,395,54,5,214.57,1072.85,completed,2026-04-13 12:22:16
ORD-002271,391,81,1,484.39,484.39,completed,2026-03-19 00:56:56
ORD-002272,116,65,5,448.58,2242.9,shipped,2026-03-27 09:43:18
ORD-002273,81,64,4,612.48,2449.92,completed,2026-04-12 07:38:09
ORD-002274,425,52,3,778.04,2334.12,completed,2026-04-30 04:36:23
ORD-002275,350,98,4,258.34,1033.36,completed,2026-03-20 17:43:41
ORD-002276,499,50,5,365.03,1825.15,shipped,2026-03-20 08:46:39
ORD-002277,317,53,2,130.42,260.84,completed,2026-03-21 22:56:34
ORD-002278,42,18,5,631.84,3159.2,cancelled,2026-03-22 05:40:24
ORD-002279,167,74,4,726.17,2904.68,cancelled,2026-03-01 23:10:08
ORD-002280,242,32,2,356.79,713.58,completed,2026-03-25 01:13:36
ORD-002281,453,48,1,634.44,634.44,shipped,2026-03-14 02:06:21
ORD-002282,436,71,5,486.45,2432.25,completed,2026-03-06 16:58:19
ORD-002283,90,59,3,887.2,2661.6,shipped,2026-03-15 15:17:13
ORD-002284,151,92,2,866.06,1732.12,completed,2026-04-10 19:10:14
ORD-002285,236,4,2,152.26,304.52,completed,2026-03-25 07:12:33
ORD-002286,408,88,5,434.06,2170.3,completed,2026-04-02 15:11:36
ORD-002287,412,60,5,202.83,1014.15,cancelled,2026-03-20 19:57:11
ORD-002288,370,43,2,729.48,1458.96,completed,2026-04-15 07:10:17
ORD-002289,444,1,1,60.27,60.27,cancelled,2026-03-18 09:12:20
ORD-002290,491,61,4,251.26,1005.04,completed,2026-04-26 08:48:52
ORD-002291,332,92,5,866.06,4330.3,cancelled,2026-04-23 01:54:03
ORD-002292,424,92,1,866.06,866.06,completed,2026-04-02 06:29:40
ORD-002293,187,38,4,344.45,1377.8,shipped,2026-03-08 22:32:50
ORD-002294,226,92,5,866.06,4330.3,shipped,2026-03-21 00:20:52
ORD-002295,389,16,1,200.02,200.02,cancelled,2026-04-21 14:26:34
ORD-002296,188,97,1,499.11,499.11,shipped,2026-03-15 17:50:55
ORD-002297,408,85,3,70.14,210.42,shipped,2026-04-21 15:09:01
ORD-002298,329,27,3,341.2,1023.6,completed,2026-04-24 11:59:03
ORD-002299,388,59,4,887.2,3548.8,completed,2026-03-13 15:05:23
ORD-002300,170,44,3,555.36,1666.08,shipped,2026-03-17 07:48:36
ORD-002301,305,90,3,861.53,2584.59,completed,2026-03-25 13:58:37
ORD-002302,148,98,2,258.34,516.68,completed,2026-04-21 05:00:10
ORD-002303,366,29,3,487.67,1463.01,completed,2026-03-25 10:47:38
ORD-002304,157,40,2,143.83,287.66,shipped,2026-03-25 00:55:15
ORD-002305,80,92,4,866.06,3464.24,completed,2026-03-18 13:15:50
ORD-002306,132,19,5,894.74,4473.7,completed,2026-04-12 10:00:39
ORD-002307,76,4,2,152.26,304.52,cancelled,2026-03-24 12:58:11
ORD-002308,382,2,3,813.08,2439.24,cancelled,2026-04-07 05:28:58
ORD-002309,498,52,4,778.04,3112.16,completed,2026-03-22 17:47:45
ORD-002310,161,83,2,342.57,685.14,cancelled,2026-03-24 05:45:21
ORD-002311,332,48,4,634.44,2537.76,completed,2026-03-06 06:19:58
ORD-002312,460,68,4,290.27,1161.08,shipped,2026-04-19 06:22:42
ORD-002313,159,2,1,813.08,813.08,completed,2026-04-09 15:48:52
ORD-002314,399,29,2,487.67,975.34,completed,2026-04-13 01:50:25
ORD-002315,236,84,2,544.62,1089.24,cancelled,2026-04-08 05:50:23
ORD-002316,460,82,1,175.48,175.48,completed,2026-03-08 04:55:03
ORD-002317,205,95,2,627.59,1255.18,completed,2026-04-07 22:48:16
ORD-002318,284,43,5,729.48,3647.4,cancelled,2026-04-26 14:06:58
ORD-002319,497,95,5,627.59,3137.95,completed,2026-03-06 21:06:27
ORD-002320,126,58,5,275.08,1375.4,completed,2026-03-28 14:58:18
ORD-002321,440,95,2,627.59,1255.18,completed,2026-03-17 00:18:18
ORD-002322,312,30,4,774.96,3099.84,completed,2026-04-19 22:32:07
ORD-002323,376,71,3,486.45,1459.35,completed,2026-04-25 17:04:55
ORD-002324,107,17,5,45.53,227.65,completed,2026-04-11 21:47:03
ORD-002325,245,32,5,356.79,1783.95,shipped,2026-03-13 02:50:12
ORD-002326,164,13,5,727.19,3635.95,completed,2026-03-05 22:08:25
ORD-002327,43,26,4,406.44,1625.76,shipped,2026-04-23 07:54:40
ORD-002328,111,26,1,406.44,406.44,cancelled,2026-03-27 02:32:30
ORD-002329,298,63,3,820.86,2462.58,shipped,2026-03-25 23:39:02
ORD-002330,100,15,4,735.73,2942.92,cancelled,2026-03-12 00:36:10
ORD-002331,1,82,5,175.48,877.4,completed,2026-03-13 07:23:18
ORD-002332,253,97,4,499.11,1996.44,completed,2026-03-23 14:08:34
ORD-002333,146,43,5,729.48,3647.4,completed,2026-03-31 05:16:43
ORD-002334,141,34,5,752.17,3760.85,cancelled,2026-04-15 11:34:46
ORD-002335,58,65,3,448.58,1345.74,completed,2026-03-21 07:58:43
ORD-002336,241,63,1,820.86,820.86,shipped,2026-04-10 05:26:53
ORD-002337,345,21,2,33.4,66.8,completed,2026-04-26 08:16:15
ORD-002338,352,13,4,727.19,2908.76,cancelled,2026-04-09 00:46:32
ORD-002339,391,24,2,583.06,1166.12,completed,2026-03-12 20:02:31
ORD-002340,164,28,3,867.91,2603.73,cancelled,2026-03-29 12:52:53
ORD-002341,475,61,1,251.26,251.26,cancelled,2026-03-18 13:04:31
ORD-002342,166,27,5,341.2,1706.0,completed,2026-03-18 18:22:17
ORD-002343,437,25,4,340.14,1360.56,completed,2026-03-11 17:44:45
ORD-002344,243,79,2,75.77,151.54,cancelled,2026-04-10 05:11:46
ORD-002345,242,54,3,214.57,643.71,completed,2026-04-16 14:25:48
ORD-002346,373,48,2,634.44,1268.88,completed,2026-04-11 11:50:59
ORD-002347,218,96,3,188.04,564.12,cancelled,2026-04-02 12:47:08
ORD-002348,29,51,4,488.09,1952.36,shipped,2026-04-30 09:17:17
ORD-002349,10,46,2,95.3,190.6,completed,2026-04-01 14:01:00
ORD-002350,13,27,3,341.2,1023.6,completed,2026-04-12 10:24:08
ORD-002351,287,55,4,520.62,2082.48,completed,2026-04-10 03:40:53
ORD-002352,439,28,5,867.91,4339.55,completed,2026-03-29 07:58:35
ORD-002353,167,14,1,24.48,24.48,shipped,2026-04-15 18:09:34
ORD-002354,400,93,5,673.46,3367.3,shipped,2026-03-31 22:19:31
ORD-002355,311,89,4,816.79,3267.16,cancelled,2026-04-15 13:48:02
ORD-002356,328,49,1,224.04,224.04,completed,2026-04-24 21:57:25
ORD-002357,473,36,5,419.39,2096.95,completed,2026-04-07 08:02:55
ORD-002358,167,15,4,735.73,2942.92,shipped,2026-04-22 21:18:23
ORD-002359,294,20,2,887.59,1775.18,completed,2026-03-24 13:07:09
ORD-002360,168,72,1,765.16,765.16,cancelled,2026-04-02 15:04:18
ORD-002361,419,70,3,341.93,1025.79,completed,2026-03-26 04:39:58
ORD-002362,446,89,1,816.79,816.79,completed,2026-04-22 21:31:27
ORD-002363,95,47,4,404.56,1618.24,completed,2026-03-14 16:10:45
ORD-002364,171,60,2,202.83,405.66,completed,2026-04-01 10:48:46
ORD-002365,383,87,3,605.95,1817.85,completed,2026-04-14 02:01:23
ORD-002366,219,18,1,631.84,631.84,shipped,2026-03-20 09:02:39
ORD-002367,31,63,1,820.86,820.86,cancelled,2026-03-08 04:45:42
ORD-002368,17,48,1,634.44,634.44,cancelled,2026-03-25 08:04:55
ORD-002369,295,42,5,690.11,3450.55,completed,2026-03-30 13:42:33
ORD-002370,290,82,1,175.48,175.48,completed,2026-03-14 21:14:58
ORD-002371,409,72,1,765.16,765.16,cancelled,2026-03-27 18:14:22
ORD-002372,313,12,5,505.12,2525.6,completed,2026-03-02 06:56:40
ORD-002373,419,97,1,499.11,499.11,completed,2026-03-12 08:18:35
ORD-002374,334,60,4,202.83,811.32,completed,2026-03-05 18:27:31
ORD-002375,174,10,2,123.09,246.18,shipped,2026-03-20 03:03:25
ORD-002376,206,68,4,290.27,1161.08,cancelled,2026-03-05 23:13:05
ORD-002377,10,38,1,344.45,344.45,completed,2026-03-22 09:48:09
ORD-002378,133,29,3,487.67,1463.01,completed,2026-04-03 18:31:15
ORD-002379,335,75,3,508.34,1525.02,completed,2026-03-27 07:20:02
ORD-002380,458,99,5,482.62,2413.1,cancelled,2026-03-02 11:05:16
ORD-002381,106,20,2,887.59,1775.18,completed,2026-03-12 18:36:05
ORD-002382,309,24,1,583.06,583.06,completed,2026-04-29 04:34:44
ORD-002383,489,100,2,281.04,562.08,completed,2026-03-27 11:18:39
ORD-002384,337,42,3,690.11,2070.33,completed,2026-03-02 15:37:20
ORD-002385,139,26,3,406.44,1219.32,completed,2026-04-20 08:33:09
ORD-002386,450,28,3,867.91,2603.73,shipped,2026-04-29 19:00:03
ORD-002387,445,16,4,200.02,800.08,completed,2026-04-29 07:50:11
ORD-002388,205,49,1,224.04,224.04,completed,2026-04-02 08:01:59
ORD-002389,48,27,4,341.2,1364.8,completed,2026-03-24 19:27:42
ORD-002390,63,65,5,448.58,2242.9,completed,2026-03-15 05:11:42
ORD-002391,380,97,2,499.11,998.22,cancelled,2026-04-23 06:11:32
ORD-002392,108,46,3,95.3,285.9,completed,2026-04-04 17:02:48
ORD-002393,261,65,3,448.58,1345.74,completed,2026-03-31 14:42:20
ORD-002394,412,59,1,887.2,887.2,shipped,2026-04-30 10:09:49
ORD-002395,485,52,1,778.04,778.04,completed,2026-04-08 10:52:43
ORD-002396,154,9,4,728.78,2915.12,completed,2026-03-01 00:15:41
ORD-002397,415,90,1,861.53,861.53,shipped,2026-03-20 00:34:05
ORD-002398,374,61,1,251.26,251.26,completed,2026-03-01 13:59:53
ORD-002399,91,6,2,613.86,1227.72,cancelled,2026-03-07 14:56:04
ORD-002400,72,2,2,813.08,1626.16,shipped,2026-03-28 18:19:45
ORD-002401,411,98,1,258.34,258.34,completed,2026-04-27 02:17:35
ORD-002402,213,95,3,627.59,1882.77,completed,2026-04-07 01:30:56
ORD-002403,495,54,2,214.57,429.14,completed,2026-04-19 05:07:07
ORD-002404,403,95,2,627.59,1255.18,completed,2026-04-07 20:01:02
ORD-002405,207,4,4,152.26,609.04,completed,2026-04-17 12:51:24
ORD-002406,402,34,5,752.17,3760.85,completed,2026-04-10 22:57:48
ORD-002407,18,43,1,729.48,729.48,completed,2026-03-05 06:52:11
ORD-002408,391,53,1,130.42,130.42,cancelled,2026-03-27 10:16:22
ORD-002409,52,93,5,673.46,3367.3,completed,2026-04-20 18:14:29
ORD-002410,34,45,2,220.4,440.8,completed,2026-04-25 08:42:46
ORD-002411,226,61,4,251.26,1005.04,completed,2026-04-04 04:27:31
ORD-002412,241,78,1,186.99,186.99,completed,2026-04-11 06:39:38
ORD-002413,188,17,3,45.53,136.59,cancelled,2026-03-19 04:20:23
ORD-002414,384,86,1,686.72,686.72,cancelled,2026-03-31 06:03:28
ORD-002415,67,26,2,406.44,812.88,completed,2026-04-16 05:15:33
ORD-002416,368,29,1,487.67,487.67,shipped,2026-03-14 20:32:56
ORD-002417,116,37,5,492.28,2461.4,completed,2026-04-24 14:54:21
ORD-002418,343,24,3,583.06,1749.18,cancelled,2026-04-09 07:10:26
ORD-002419,390,67,5,346.13,1730.65,completed,2026-03-25 14:17:20
ORD-002420,297,42,4,690.11,2760.44,completed,2026-04-07 18:42:46
ORD-002421,407,96,4,188.04,752.16,completed,2026-03-21 22:15:07
ORD-002422,18,24,1,583.06,583.06,completed,2026-04-21 00:53:38
ORD-002423,293,21,4,33.4,133.6,shipped,2026-04-10 23:34:25
ORD-002424,446,62,3,853.93,2561.79,cancelled,2026-04-18 01:06:34
ORD-002425,319,52,4,778.04,3112.16,completed,2026-04-17 07:30:00
ORD-002426,336,70,4,341.93,1367.72,cancelled,2026-04-23 13:49:51
ORD-002427,131,44,3,555.36,1666.08,completed,2026-03-04 17:12:59
ORD-002428,343,63,5,820.86,4104.3,completed,2026-04-01 20:29:12
ORD-002429,401,98,5,258.34,1291.7,completed,2026-04-14 21:42:08
ORD-002430,49,55,1,520.62,520.62,completed,2026-03-27 19:24:16
ORD-002431,365,59,1,887.2,887.2,completed,2026-04-23 03:57:30
ORD-002432,224,17,3,45.53,136.59,cancelled,2026-04-11 07:31:22
ORD-002433,420,11,5,413.83,2069.15,cancelled,2026-04-19 09:31:32
ORD-002434,398,25,2,340.14,680.28,completed,2026-03-08 15:55:21
ORD-002435,400,26,3,406.44,1219.32,completed,2026-03-28 02:07:15
ORD-002436,410,73,5,772.5,3862.5,cancelled,2026-03-28 22:17:21
ORD-002437,86,47,5,404.56,2022.8,completed,2026-04-16 04:40:18
ORD-002438,326,21,1,33.4,33.4,cancelled,2026-03-18 17:58:10
ORD-002439,218,29,2,487.67,975.34,completed,2026-03-27 01:48:10
ORD-002440,152,36,1,419.39,419.39,shipped,2026-03-01 09:24:17
ORD-002441,240,67,4,346.13,1384.52,completed,2026-03-04 06:38:59
ORD-002442,129,18,3,631.84,1895.52,cancelled,2026-04-30 21:16:27
ORD-002443,305,86,3,686.72,2060.16,completed,2026-04-17 01:40:38
ORD-002444,247,8,4,809.51,3238.04,completed,2026-04-22 18:45:53
ORD-002445,331,98,2,258.34,516.68,shipped,2026-04-05 18:11:42
ORD-002446,428,51,5,488.09,2440.45,completed,2026-04-18 14:57:00
ORD-002447,72,10,2,123.09,246.18,shipped,2026-03-01 13:56:36
ORD-002448,106,16,5,200.02,1000.1,shipped,2026-03-01 18:28:18
ORD-002449,6,19,3,894.74,2684.22,completed,2026-03-13 12:04:38
ORD-002450,396,67,3,346.13,1038.39,cancelled,2026-03-28 20:15:51
ORD-002451,153,61,2,251.26,502.52,completed,2026-03-19 08:02:35
ORD-002452,37,70,5,341.93,1709.65,completed,2026-04-01 18:24:18
ORD-002453,58,35,1,25.35,25.35,shipped,2026-04-06 14:41:58
ORD-002454,389,55,5,520.62,2603.1,completed,2026-04-20 06:15:29
ORD-002455,375,29,5,487.67,2438.35,cancelled,2026-04-24 20:46:31
ORD-002456,429,77,3,352.64,1057.92,shipped,2026-04-15 05:59:41
ORD-002457,443,54,1,214.57,214.57,completed,2026-03-21 20:10:13
ORD-002458,328,93,3,673.46,2020.38,cancelled,2026-03-04 14:50:14
ORD-002459,183,43,4,729.48,2917.92,completed,2026-03-19 14:51:09
ORD-002460,125,2,1,813.08,813.08,cancelled,2026-03-16 06:19:19
ORD-002461,341,64,2,612.48,1224.96,completed,2026-03-24 08:12:26
ORD-002462,429,14,4,24.48,97.92,cancelled,2026-03-26 01:54:47
ORD-002463,22,49,5,224.04,1120.2,cancelled,2026-03-28 10:04:14
ORD-002464,489,14,5,24.48,122.4,completed,2026-03-08 00:36:03
ORD-002465,185,74,1,726.17,726.17,cancelled,2026-04-23 15:18:45
ORD-002466,368,87,5,605.95,3029.75,completed,2026-04-04 09:39:52
ORD-002467,294,45,4,220.4,881.6,cancelled,2026-03-07 07:13:30
ORD-002468,382,5,4,470.71,1882.84,shipped,2026-03-09 01:07:52
ORD-002469,93,86,1,686.72,686.72,completed,2026-04-17 03:21:32
ORD-002470,472,81,3,484.39,1453.17,shipped,2026-04-24 13:21:31
ORD-002471,184,4,4,152.26,609.04,completed,2026-03-07 14:46:12
ORD-002472,402,46,2,95.3,190.6,completed,2026-04-13 07:45:41
ORD-002473,135,42,4,690.11,2760.44,completed,2026-03-17 00:53:15
ORD-002474,332,27,5,341.2,1706.0,completed,2026-03-12 04:04:28
ORD-002475,400,95,4,627.59,2510.36,completed,2026-03-13 11:18:37
ORD-002476,316,64,1,612.48,612.48,cancelled,2026-04-09 11:11:29
ORD-002477,52,95,2,627.59,1255.18,completed,2026-04-10 12:51:54
ORD-002478,255,82,4,175.48,701.92,completed,2026-04-10 01:21:40
ORD-002479,439,97,4,499.11,1996.44,shipped,2026-04-18 14:21:48
ORD-002480,459,45,3,220.4,661.2,completed,2026-03-10 08:03:41
ORD-002481,9,97,2,499.11,998.22,completed,2026-04-20 12:14:56
ORD-002482,359,25,5,340.14,1700.7,cancelled,2026-04-11 05:34:22
ORD-002483,204,38,5,344.45,1722.25,cancelled,2026-03-27 17:31:22
ORD-002484,47,90,1,861.53,861.53,cancelled,2026-04-18 20:36:03
ORD-002485,75,85,4,70.14,280.56,completed,2026-03-07 14:24:40
ORD-002486,472,69,3,370.39,1111.17,shipped,2026-04-05 19:09:24
ORD-002487,498,14,3,24.48,73.44,completed,2026-03-22 03:14:35
ORD-002488,126,42,2,690.11,1380.22,cancelled,2026-04-02 22:30:56
ORD-002489,115,20,3,887.59,2662.77,completed,2026-04-29 05:59:46
ORD-002490,416,32,2,356.79,713.58,completed,2026-04-02 00:24:40
ORD-002491,494,19,1,894.74,894.74,completed,2026-04-12 15:07:41
ORD-002492,213,79,4,75.77,303.08,cancelled,2026-03-08 08:01:06
ORD-002493,96,71,5,486.45,2432.25,cancelled,2026-04-18 08:59:16
ORD-002494,455,75,4,508.34,2033.36,shipped,2026-03-21 03:02:54
ORD-002495,412,96,3,188.04,564.12,completed,2026-03-16 10:44:54
ORD-002496,164,56,3,540.14,1620.42,cancelled,2026-04-07 15:27:17
ORD-002497,165,46,1,95.3,95.3,completed,2026-03-17 19:06:12
ORD-002498,470,69,5,370.39,1851.95,cancelled,2026-04-22 20:28:56
ORD-002499,54,91,4,194.57,778.28,cancelled,2026-03-27 12:35:11
ORD-002500,500,30,3,774.96,2324.88,cancelled,2026-03-16 00:31:04
ORD-002501,429,29,4,487.67,1950.68,completed,2026-04-13 03:05:31
ORD-002502,303,59,5,887.2,4436.0,shipped,2026-04-02 05:54:00
ORD-002503,230,9,2,728.78,1457.56,cancelled,2026-04-29 03:36:46
ORD-002504,245,84,1,544.62,544.62,completed,2026-03-04 11:20:39
ORD-002505,292,9,3,728.78,2186.34,completed,2026-04-26 13:56:53
ORD-002506,252,94,1,433.63,433.63,shipped,2026-03-16 02:14:14
ORD-002507,339,91,2,194.57,389.14,shipped,2026-04-05 16:09:53
ORD-002508,170,40,5,143.83,719.15,completed,2026-03-17 12:54:28
ORD-002509,74,73,5,772.5,3862.5,cancelled,2026-03-01 09:10:36
ORD-002510,498,88,5,434.06,2170.3,cancelled,2026-04-10 23:45:12
ORD-002511,397,7,3,526.92,1580.76,completed,2026-03-24 19:38:33
ORD-002512,374,79,1,75.77,75.77,completed,2026-03-28 08:56:15
ORD-002513,397,94,2,433.63,867.26,completed,2026-04-15 02:05:57
ORD-002514,374,24,1,583.06,583.06,completed,2026-03-20 05:58:43
ORD-002515,294,43,1,729.48,729.48,shipped,2026-04-24 09:18:26
ORD-002516,71,53,4,130.42,521.68,completed,2026-03-17 06:43:39
ORD-002517,91,24,1,583.06,583.06,shipped,2026-04-11 11:04:09
ORD-002518,134,33,4,656.43,2625.72,shipped,2026-04-25 17:16:49
ORD-002519,325,26,2,406.44,812.88,completed,2026-04-08 00:26:07
ORD-002520,269,44,4,555.36,2221.44,completed,2026-03-13 20:34:36
ORD-002521,31,3,5,517.57,2587.85,completed,2026-04-27 03:42:57
ORD-002522,7,13,2,727.19,1454.38,completed,2026-04-30 04:44:08
ORD-002523,410,42,4,690.11,2760.44,cancelled,2026-04-11 22:59:36
ORD-002524,490,73,3,772.5,2317.5,completed,2026-03-07 21:28:26
ORD-002525,275,25,5,340.14,1700.7,completed,2026-03-30 17:22:53
ORD-002526,308,45,1,220.4,220.4,completed,2026-03-06 18:22:07
ORD-002527,362,74,2,726.17,1452.34,completed,2026-03-04 07:57:17
ORD-002528,16,65,2,448.58,897.16,cancelled,2026-03-09 07:47:40
ORD-002529,414,5,5,470.71,2353.55,completed,2026-03-05 19:37:15
ORD-002530,303,38,1,344.45,344.45,cancelled,2026-04-08 17:25:53
ORD-002531,309,22,1,166.08,166.08,completed,2026-03-30 16:58:03
ORD-002532,476,79,3,75.77,227.31,cancelled,2026-03-01 07:26:46
ORD-002533,343,50,4,365.03,1460.12,cancelled,2026-03-01 19:45:46
ORD-002534,73,9,3,728.78,2186.34,completed,2026-04-15 10:41:08
ORD-002535,22,63,2,820.86,1641.72,completed,2026-03-11 09:16:50
ORD-002536,51,8,4,809.51,3238.04,cancelled,2026-03-10 02:28:39
ORD-002537,289,12,3,505.12,1515.36,cancelled,2026-03-03 04:48:01
ORD-002538,388,90,5,861.53,4307.65,cancelled,2026-03-28 09:38:54
ORD-002539,70,83,2,342.57,685.14,shipped,2026-04-12 12:20:16
ORD-002540,219,98,2,258.34,516.68,shipped,2026-04-12 01:11:45
ORD-002541,13,56,4,540.14,2160.56,shipped,2026-04-25 06:08:34
ORD-002542,313,14,3,24.48,73.44,shipped,2026-03-26 06:22:28
ORD-002543,395,40,4,143.83,575.32,completed,2026-03-11 13:32:37
ORD-002544,158,68,1,290.27,290.27,cancelled,2026-04-18 20:45:11
ORD-002545,329,96,5,188.04,940.2,completed,2026-03-27 17:41:18
ORD-002546,25,95,1,627.59,627.59,completed,2026-03-27 22:58:55
ORD-002547,27,50,2,365.03,730.06,shipped,2026-04-08 04:25:15
ORD-002548,261,95,5,627.59,3137.95,completed,2026-03-28 17:30:32
ORD-002549,51,88,1,434.06,434.06,shipped,2026-03-03 16:11:26
ORD-002550,38,24,2,583.06,1166.12,completed,2026-03-16 12:20:17
ORD-002551,314,64,2,612.48,1224.96,completed,2026-03-25 00:40:59
ORD-002552,474,6,4,613.86,2455.44,completed,2026-04-17 19:45:53
ORD-002553,91,1,2,60.27,120.54,shipped,2026-03-19 11:57:28
ORD-002554,23,30,3,774.96,2324.88,completed,2026-03-03 09:21:55
ORD-002555,343,19,5,894.74,4473.7,completed,2026-04-15 01:21:45
ORD-002556,159,55,5,520.62,2603.1,completed,2026-03-16 01:12:04
ORD-002557,213,84,3,544.62,1633.86,shipped,2026-04-04 23:37:40
ORD-002558,419,49,3,224.04,672.12,shipped,2026-03-08 17:06:03
ORD-002559,355,33,5,656.43,3282.15,shipped,2026-04-30 01:11:19
ORD-002560,37,6,4,613.86,2455.44,completed,2026-04-22 15:52:55
ORD-002561,35,15,2,735.73,1471.46,completed,2026-03-04 06:12:47
ORD-002562,490,69,3,370.39,1111.17,shipped,2026-04-20 14:39:41
ORD-002563,439,37,5,492.28,2461.4,cancelled,2026-04-12 13:38:04
ORD-002564,203,34,1,752.17,752.17,completed,2026-03-13 19:39:10
ORD-002565,103,12,5,505.12,2525.6,completed,2026-03-07 05:52:11
ORD-002566,56,67,1,346.13,346.13,completed,2026-03-31 06:34:01
ORD-002567,95,30,1,774.96,774.96,completed,2026-03-08 09:52:16
ORD-002568,316,98,1,258.34,258.34,completed,2026-04-15 08:07:40
ORD-002569,394,57,2,737.45,1474.9,completed,2026-04-02 02:15:50
ORD-002570,394,85,5,70.14,350.7,completed,2026-03-12 17:07:12
ORD-002571,8,93,3,673.46,2020.38,completed,2026-04-28 03:17:27
ORD-002572,180,44,3,555.36,1666.08,shipped,2026-03-03 17:36:34
ORD-002573,79,26,1,406.44,406.44,completed,2026-04-05 10:09:49
ORD-002574,322,65,1,448.58,448.58,completed,2026-04-16 17:18:08
ORD-002575,36,43,4,729.48,2917.92,completed,2026-04-29 07:57:39
ORD-002576,83,78,5,186.99,934.95,completed,2026-04-12 03:43:33
ORD-002577,351,71,3,486.45,1459.35,completed,2026-04-27 19:56:44
ORD-002578,317,53,5,130.42,652.1,completed,2026-03-27 23:21:52
ORD-002579,74,93,3,673.46,2020.38,completed,2026-04-07 22:36:03
ORD-002580,2,88,2,434.06,868.12,cancelled,2026-04-30 10:07:14
ORD-002581,62,8,4,809.51,3238.04,completed,2026-03-12 03:21:29
ORD-002582,38,98,1,258.34,258.34,completed,2026-03-25 04:08:10
ORD-002583,331,84,4,544.62,2178.48,shipped,2026-03-02 03:11:34
ORD-002584,467,37,5,492.28,2461.4,completed,2026-04-06 07:37:41
ORD-002585,177,88,4,434.06,1736.24,shipped,2026-03-22 14:53:47
ORD-002586,451,62,2,853.93,1707.86,completed,2026-04-01 04:28:06
ORD-002587,375,29,2,487.67,975.34,completed,2026-04-12 00:48:15
ORD-002588,189,50,3,365.03,1095.09,completed,2026-03-05 18:09:47
ORD-002589,236,56,3,540.14,1620.42,shipped,2026-04-21 22:27:03
ORD-002590,206,91,5,194.57,972.85,completed,2026-03-07 15:44:09
ORD-002591,216,81,3,484.39,1453.17,shipped,2026-04-17 09:13:32
ORD-002592,238,59,4,887.2,3548.8,completed,2026-04-02 09:51:27
ORD-002593,69,44,3,555.36,1666.08,cancelled,2026-03-19 09:28:38
ORD-002594,292,27,2,341.2,682.4,completed,2026-04-17 17:02:50
ORD-002595,281,94,5,433.63,2168.15,shipped,2026-04-07 07:07:45
ORD-002596,73,48,3,634.44,1903.32,shipped,2026-04-17 09:41:52
ORD-002597,154,14,5,24.48,122.4,cancelled,2026-03-20 07:31:54
ORD-002598,173,53,1,130.42,130.42,cancelled,2026-04-18 16:05:35
ORD-002599,222,21,4,33.4,133.6,completed,2026-03-02 05:09:31
ORD-002600,198,57,1,737.45,737.45,cancelled,2026-03-17 16:29:00
ORD-002601,394,86,2,686.72,1373.44,completed,2026-04-13 03:29:19
ORD-002602,78,83,4,342.57,1370.28,shipped,2026-03-25 16:47:53
ORD-002603,391,41,4,843.98,3375.92,shipped,2026-04-15 19:14:48
ORD-002604,272,41,5,843.98,4219.9,completed,2026-03-02 01:42:22
ORD-002605,44,87,1,605.95,605.95,completed,2026-03-11 21:37:14
ORD-002606,161,2,1,813.08,813.08,completed,2026-04-09 20:43:31
ORD-002607,431,26,2,406.44,812.88,completed,2026-04-17 12:48:08
ORD-002608,299,47,5,404.56,2022.8,shipped,2026-03-03 12:30:47
ORD-002609,149,61,3,251.26,753.78,completed,2026-03-16 17:37:14
ORD-002610,84,13,5,727.19,3635.95,shipped,2026-04-20 18:27:55
ORD-002611,210,16,5,200.02,1000.1,completed,2026-03-03 01:29:20
ORD-002612,359,72,5,765.16,3825.8,completed,2026-03-21 06:54:13
ORD-002613,466,89,2,816.79,1633.58,shipped,2026-04-23 18:39:39
ORD-002614,243,13,1,727.19,727.19,shipped,2026-04-22 10:07:49
ORD-002615,301,62,2,853.93,1707.86,completed,2026-03-12 23:16:25
ORD-002616,230,57,5,737.45,3687.25,completed,2026-03-25 17:22:47
ORD-002617,44,63,5,820.86,4104.3,completed,2026-04-08 11:37:45
ORD-002618,154,9,2,728.78,1457.56,shipped,2026-04-22 01:16:47
ORD-002619,493,20,1,887.59,887.59,completed,2026-03-02 16:49:22
ORD-002620,410,38,1,344.45,344.45,shipped,2026-04-08 02:03:09
ORD-002621,214,3,5,517.57,2587.85,completed,2026-03-04 02:30:26
ORD-002622,144,47,3,404.56,1213.68,cancelled,2026-04-18 05:18:25
ORD-002623,27,4,4,152.26,609.04,completed,2026-04-10 17:55:27
ORD-002624,222,90,3,861.53,2584.59,completed,2026-04-14 07:39:18
ORD-002625,235,6,3,613.86,1841.58,completed,2026-03-14 00:05:26
ORD-002626,447,43,5,729.48,3647.4,cancelled,2026-04-28 19:14:36
ORD-002627,195,2,5,813.08,4065.4,completed,2026-04-29 12:58:44
ORD-002628,356,61,4,251.26,1005.04,completed,2026-04-06 22:41:24
ORD-002629,412,90,4,861.53,3446.12,cancelled,2026-04-09 10:38:44
ORD-002630,68,55,4,520.62,2082.48,completed,2026-03-16 11:32:37
ORD-002631,251,93,3,673.46,2020.38,completed,2026-03-26 16:58:36
ORD-002632,471,35,1,25.35,25.35,completed,2026-03-03 07:37:15
ORD-002633,459,86,3,686.72,2060.16,completed,2026-03-06 05:28:32
ORD-002634,125,3,2,517.57,1035.14,completed,2026-03-10 20:06:09
ORD-002635,293,23,3,690.42,2071.26,completed,2026-04-26 18:23:35
ORD-002636,5,100,1,281.04,281.04,completed,2026-03-06 21:15:16
ORD-002637,37,95,3,627.59,1882.77,completed,2026-03-06 01:31:09
ORD-002638,403,75,4,508.34,2033.36,completed,2026-03-21 11:57:09
ORD-002639,103,79,1,75.77,75.77,completed,2026-04-27 18:56:59
ORD-002640,2,24,1,583.06,583.06,shipped,2026-03-16 20:39:56
ORD-002641,368,88,2,434.06,868.12,completed,2026-04-17 22:10:47
ORD-002642,99,50,3,365.03,1095.09,shipped,2026-03-21 04:43:40
ORD-002643,241,26,4,406.44,1625.76,completed,2026-03-23 17:13:33
ORD-002644,227,94,5,433.63,2168.15,completed,2026-03-06 21:46:10
ORD-002645,499,65,1,448.58,448.58,completed,2026-04-25 17:35:51
ORD-002646,295,34,2,752.17,1504.34,completed,2026-03-05 04:16:00
ORD-002647,97,90,1,861.53,861.53,completed,2026-03-17 21:14:28
ORD-002648,326,42,2,690.11,1380.22,cancelled,2026-04-20 09:37:51
ORD-002649,328,38,5,344.45,1722.25,completed,2026-04-04 05:33:12
ORD-002650,377,28,4,867.91,3471.64,completed,2026-04-14 11:26:52
ORD-002651,145,68,1,290.27,290.27,completed,2026-03-20 14:50:14
ORD-002652,177,9,1,728.78,728.78,completed,2026-04-26 06:01:01
ORD-002653,7,80,4,763.18,3052.72,completed,2026-04-25 07:45:51
ORD-002654,358,41,5,843.98,4219.9,cancelled,2026-03-12 10:50:21
ORD-002655,373,87,1,605.95,605.95,completed,2026-03-25 14:26:42
ORD-002656,190,58,3,275.08,825.24,shipped,2026-03-14 06:30:27
ORD-002657,382,39,4,226.52,906.08,completed,2026-04-10 04:07:26
ORD-002658,354,30,5,774.96,3874.8,completed,2026-04-20 22:26:44
ORD-002659,167,53,4,130.42,521.68,shipped,2026-03-05 07:11:32
ORD-002660,73,60,4,202.83,811.32,shipped,2026-04-02 18:26:28
ORD-002661,404,54,1,214.57,214.57,completed,2026-03-06 18:55:25
ORD-002662,8,49,2,224.04,448.08,shipped,2026-04-05 10:41:06
ORD-002663,485,85,2,70.14,140.28,completed,2026-04-21 02:24:43
ORD-002664,242,28,1,867.91,867.91,completed,2026-04-29 09:45:13
ORD-002665,255,35,3,25.35,76.05,shipped,2026-04-18 23:12:39
ORD-002666,143,21,3,33.4,100.2,completed,2026-03-08 03:59:59
ORD-002667,222,25,4,340.14,1360.56,shipped,2026-03-23 05:49:38
ORD-002668,181,21,4,33.4,133.6,completed,2026-03-19 21:49:28
ORD-002669,312,9,3,728.78,2186.34,completed,2026-03-16 06:38:38
ORD-002670,412,19,2,894.74,1789.48,completed,2026-03-28 06:00:21
ORD-002671,324,54,4,214.57,858.28,completed,2026-04-30 12:47:09
ORD-002672,220,44,3,555.36,1666.08,cancelled,2026-03-18 01:28:55
ORD-002673,145,16,5,200.02,1000.1,completed,2026-04-22 04:43:00
ORD-002674,190,93,3,673.46,2020.38,cancelled,2026-03-10 19:20:06
ORD-002675,190,61,1,251.26,251.26,shipped,2026-04-29 07:43:21
ORD-002676,353,32,2,356.79,713.58,completed,2026-03-01 12:07:25
ORD-002677,285,41,4,843.98,3375.92,completed,2026-03-11 13:47:11
ORD-002678,462,74,3,726.17,2178.51,completed,2026-03-17 16:55:23
ORD-002679,363,42,5,690.11,3450.55,cancelled,2026-03-03 15:39:55
ORD-002680,251,79,2,75.77,151.54,cancelled,2026-03-09 14:55:51
ORD-002681,451,61,1,251.26,251.26,completed,2026-04-10 05:23:48
ORD-002682,42,50,2,365.03,730.06,cancelled,2026-03-22 12:17:21
ORD-002683,35,63,4,820.86,3283.44,shipped,2026-03-23 14:18:54
ORD-002684,365,50,2,365.03,730.06,completed,2026-03-11 13:56:37
ORD-002685,115,47,1,404.56,404.56,completed,2026-03-31 15:01:20
ORD-002686,248,42,3,690.11,2070.33,cancelled,2026-03-09 01:24:10
ORD-002687,161,19,3,894.74,2684.22,cancelled,2026-04-10 06:21:10
ORD-002688,97,69,2,370.39,740.78,cancelled,2026-03-09 00:29:09
ORD-002689,377,78,1,186.99,186.99,completed,2026-04-12 21:47:42
ORD-002690,405,68,5,290.27,1451.35,shipped,2026-04-12 14:57:45
ORD-002691,105,55,1,520.62,520.62,completed,2026-04-11 14:29:52
ORD-002692,330,38,1,344.45,344.45,shipped,2026-04-29 00:16:29
ORD-002693,229,11,3,413.83,1241.49,shipped,2026-04-01 18:37:32
ORD-002694,389,72,2,765.16,1530.32,completed,2026-03-23 07:49:46
ORD-002695,102,14,3,24.48,73.44,cancelled,2026-04-01 13:57:11
ORD-002696,66,59,3,887.2,2661.6,completed,2026-04-20 02:38:49
ORD-002697,283,3,1,517.57,517.57,shipped,2026-04-27 12:06:41
ORD-002698,282,48,2,634.44,1268.88,completed,2026-04-10 10:20:45
ORD-002699,203,81,4,484.39,1937.56,completed,2026-03-20 12:12:28
ORD-002700,330,42,5,690.11,3450.55,completed,2026-03-08 22:44:34
ORD-002701,21,42,5,690.11,3450.55,cancelled,2026-03-13 03:18:02
ORD-002702,475,8,2,809.51,1619.02,completed,2026-03-30 21:40:28
ORD-002703,84,18,2,631.84,1263.68,completed,2026-04-24 04:57:59
ORD-002704,42,12,3,505.12,1515.36,shipped,2026-04-08 11:41:17
ORD-002705,280,44,1,555.36,555.36,completed,2026-03-30 09:24:58
ORD-002706,356,68,4,290.27,1161.08,completed,2026-03-20 09:34:57
ORD-002707,230,71,1,486.45,486.45,completed,2026-03-09 16:27:15
ORD-002708,29,15,3,735.73,2207.19,cancelled,2026-04-16 15:17:20
ORD-002709,246,4,1,152.26,152.26,completed,2026-03-20 15:47:21
ORD-002710,487,6,2,613.86,1227.72,completed,2026-03-13 15:31:45
ORD-002711,199,18,5,631.84,3159.2,shipped,2026-04-10 12:14:31
ORD-002712,253,3,5,517.57,2587.85,completed,2026-03-13 13:27:17
ORD-002713,21,86,4,686.72,2746.88,completed,2026-03-26 21:31:33
ORD-002714,299,76,1,503.77,503.77,shipped,2026-04-17 15:38:39
ORD-002715,298,1,3,60.27,180.81,completed,2026-03-17 21:03:53
ORD-002716,78,66,2,847.72,1695.44,cancelled,2026-04-05 16:15:11
ORD-002717,285,1,5,60.27,301.35,completed,2026-04-12 14:19:42
ORD-002718,387,66,4,847.72,3390.88,cancelled,2026-04-20 16:39:38
ORD-002719,460,33,3,656.43,1969.29,completed,2026-04-18 12:05:32
ORD-002720,232,51,1,488.09,488.09,completed,2026-03-20 13:36:35
ORD-002721,395,58,5,275.08,1375.4,shipped,2026-03-20 05:21:57
ORD-002722,199,27,2,341.2,682.4,completed,2026-04-23 22:29:00
ORD-002723,377,96,2,188.04,376.08,completed,2026-04-18 03:14:22
ORD-002724,419,89,2,816.79,1633.58,completed,2026-03-05 02:24:01
ORD-002725,321,47,4,404.56,1618.24,completed,2026-04-27 00:24:48
ORD-002726,13,73,3,772.5,2317.5,completed,2026-04-17 05:23:30
ORD-002727,441,2,2,813.08,1626.16,completed,2026-03-08 17:24:47
ORD-002728,369,27,4,341.2,1364.8,completed,2026-03-01 09:51:10
ORD-002729,472,59,4,887.2,3548.8,shipped,2026-03-23 17:59:00
ORD-002730,408,62,5,853.93,4269.65,completed,2026-03-23 13:36:40
ORD-002731,437,10,5,123.09,615.45,completed,2026-04-24 23:59:25
ORD-002732,485,80,1,763.18,763.18,completed,2026-03-07 23:35:31
ORD-002733,374,1,3,60.27,180.81,cancelled,2026-04-02 10:06:47
ORD-002734,111,21,1,33.4,33.4,completed,2026-04-27 10:35:59
ORD-002735,214,55,3,520.62,1561.86,completed,2026-04-26 13:48:23
ORD-002736,155,39,1,226.52,226.52,completed,2026-03-04 19:37:42
ORD-002737,62,34,4,752.17,3008.68,completed,2026-03-02 16:32:55
ORD-002738,45,61,2,251.26,502.52,completed,2026-04-30 19:54:04
ORD-002739,140,59,5,887.2,4436.0,completed,2026-03-17 03:42:15
ORD-002740,375,3,5,517.57,2587.85,completed,2026-03-31 21:41:46
ORD-002741,16,28,1,867.91,867.91,completed,2026-04-05 10:15:31
ORD-002742,212,64,4,612.48,2449.92,completed,2026-03-08 07:02:40
ORD-002743,337,2,5,813.08,4065.4,completed,2026-03-04 22:23:49
ORD-002744,369,99,3,482.62,1447.86,shipped,2026-03-16 13:44:55
ORD-002745,494,26,3,406.44,1219.32,completed,2026-04-29 14:05:54
ORD-002746,333,31,4,164.73,658.92,completed,2026-03-10 23:55:45
ORD-002747,406,73,4,772.5,3090.0,completed,2026-03-26 06:12:48
ORD-002748,46,92,1,866.06,866.06,cancelled,2026-04-12 10:44:46
ORD-002749,279,48,4,634.44,2537.76,completed,2026-03-09 06:47:52
ORD-002750,277,48,3,634.44,1903.32,completed,2026-03-15 03:56:17
ORD-002751,298,42,3,690.11,2070.33,shipped,2026-04-04 17:39:59
ORD-002752,76,48,4,634.44,2537.76,shipped,2026-04-08 13:21:09
ORD-002753,493,87,5,605.95,3029.75,shipped,2026-04-04 10:52:51
ORD-002754,171,12,5,505.12,2525.6,completed,2026-04-14 18:59:20
ORD-002755,442,83,4,342.57,1370.28,completed,2026-04-02 04:22:05
ORD-002756,75,6,3,613.86,1841.58,cancelled,2026-03-29 01:14:32
ORD-002757,436,44,5,555.36,2776.8,cancelled,2026-03-21 18:11:44
ORD-002758,42,18,2,631.84,1263.68,shipped,2026-03-09 09:34:10
ORD-002759,267,15,5,735.73,3678.65,completed,2026-03-27 22:28:18
ORD-002760,341,74,1,726.17,726.17,completed,2026-04-14 03:57:32
ORD-002761,251,95,2,627.59,1255.18,completed,2026-03-18 11:48:25
ORD-002762,268,42,3,690.11,2070.33,shipped,2026-03-26 09:37:12
ORD-002763,353,29,5,487.67,2438.35,completed,2026-04-08 09:08:43
ORD-002764,367,29,4,487.67,1950.68,completed,2026-04-21 17:08:36
ORD-002765,469,65,1,448.58,448.58,completed,2026-03-30 18:44:40
ORD-002766,156,89,3,816.79,2450.37,completed,2026-04-15 09:12:50
ORD-002767,13,70,1,341.93,341.93,completed,2026-03-01 17:02:45
ORD-002768,96,4,3,152.26,456.78,completed,2026-04-23 16:27:37
ORD-002769,217,9,3,728.78,2186.34,completed,2026-04-02 19:40:09
ORD-002770,154,85,4,70.14,280.56,completed,2026-04-30 02:14:37
ORD-002771,220,50,3,365.03,1095.09,cancelled,2026-04-17 12:56:23
ORD-002772,304,76,4,503.77,2015.08,completed,2026-03-21 01:36:57
ORD-002773,164,87,4,605.95,2423.8,completed,2026-04-28 05:47:45
ORD-002774,441,4,3,152.26,456.78,shipped,2026-03-17 06:45:25
ORD-002775,217,97,5,499.11,2495.55,cancelled,2026-03-12 20:25:55
ORD-002776,14,80,3,763.18,2289.54,shipped,2026-03-01 06:08:55
ORD-002777,244,5,4,470.71,1882.84,completed,2026-03-13 20:50:20
ORD-002778,371,70,1,341.93,341.93,completed,2026-04-25 15:03:57
ORD-002779,124,59,4,887.2,3548.8,cancelled,2026-03-14 11:42:59
ORD-002780,283,61,1,251.26,251.26,shipped,2026-04-10 12:43:13
ORD-002781,6,28,5,867.91,4339.55,completed,2026-04-04 20:32:35
ORD-002782,228,76,1,503.77,503.77,completed,2026-03-02 05:33:59
ORD-002783,357,65,2,448.58,897.16,cancelled,2026-04-01 13:59:50
ORD-002784,130,50,5,365.03,1825.15,cancelled,2026-03-20 22:13:35
ORD-002785,462,16,5,200.02,1000.1,shipped,2026-03-30 17:40:05
ORD-002786,308,38,2,344.45,688.9,completed,2026-04-28 13:25:52
ORD-002787,496,55,1,520.62,520.62,completed,2026-03-18 18:21:51
ORD-002788,3,26,4,406.44,1625.76,shipped,2026-03-30 14:55:58
ORD-002789,23,100,2,281.04,562.08,completed,2026-03-12 10:17:03
ORD-002790,433,24,2,583.06,1166.12,shipped,2026-04-09 02:45:11
ORD-002791,52,30,4,774.96,3099.84,completed,2026-03-10 19:46:24
ORD-002792,289,18,2,631.84,1263.68,completed,2026-03-14 01:57:55
ORD-002793,11,57,4,737.45,2949.8,cancelled,2026-04-07 08:20:43
ORD-002794,55,89,3,816.79,2450.37,shipped,2026-03-21 04:12:45
ORD-002795,286,61,1,251.26,251.26,shipped,2026-04-13 08:06:55
ORD-002796,450,9,1,728.78,728.78,completed,2026-04-25 14:25:58
ORD-002797,465,61,4,251.26,1005.04,completed,2026-03-29 15:08:40
ORD-002798,293,16,1,200.02,200.02,completed,2026-04-20 20:51:19
ORD-002799,192,86,2,686.72,1373.44,cancelled,2026-04-02 04:07:26
ORD-002800,95,34,4,752.17,3008.68,cancelled,2026-04-26 00:06:23
ORD-002801,119,53,1,130.42,130.42,completed,2026-03-26 22:33:10
ORD-002802,6,19,3,894.74,2684.22,completed,2026-04-22 09:46:29
ORD-002803,58,8,5,809.51,4047.55,cancelled,2026-03-11 23:33:26
ORD-002804,5,86,3,686.72,2060.16,completed,2026-03-24 04:41:04
ORD-002805,441,18,3,631.84,1895.52,shipped,2026-03-03 15:07:41
ORD-002806,245,28,2,867.91,1735.82,shipped,2026-03-19 06:42:53
ORD-002807,284,28,1,867.91,867.91,cancelled,2026-04-19 09:52:43
ORD-002808,440,10,2,123.09,246.18,cancelled,2026-03-19 19:22:40
ORD-002809,38,19,1,894.74,894.74,cancelled,2026-03-31 05:18:30
ORD-002810,430,22,2,166.08,332.16,completed,2026-03-21 08:56:41
ORD-002811,386,29,3,487.67,1463.01,shipped,2026-04-04 21:49:39
ORD-002812,15,6,3,613.86,1841.58,completed,2026-03-12 09:37:56
ORD-002813,311,86,3,686.72,2060.16,completed,2026-04-05 07:37:21
ORD-002814,487,96,2,188.04,376.08,cancelled,2026-03-31 01:36:45
ORD-002815,267,53,2,130.42,260.84,completed,2026-04-15 02:11:31
ORD-002816,16,64,1,612.48,612.48,shipped,2026-04-03 02:09:41
ORD-002817,396,9,5,728.78,3643.9,completed,2026-04-25 18:42:01
ORD-002818,238,48,3,634.44,1903.32,completed,2026-04-05 13:46:31
ORD-002819,471,39,5,226.52,1132.6,completed,2026-03-23 12:05:28
ORD-002820,388,61,5,251.26,1256.3,cancelled,2026-03-30 09:56:34
ORD-002821,307,89,5,816.79,4083.95,cancelled,2026-03-02 01:57:55
ORD-002822,355,18,4,631.84,2527.36,shipped,2026-04-09 20:41:15
ORD-002823,324,44,5,555.36,2776.8,completed,2026-03-28 01:33:32
ORD-002824,448,33,3,656.43,1969.29,completed,2026-03-02 14:07:27
ORD-002825,475,77,5,352.64,1763.2,completed,2026-04-16 12:36:08
ORD-002826,498,31,5,164.73,823.65,completed,2026-04-18 11:18:40
ORD-002827,143,25,3,340.14,1020.42,completed,2026-03-28 09:00:59
ORD-002828,97,77,4,352.64,1410.56,cancelled,2026-03-19 00:00:09
ORD-002829,365,18,3,631.84,1895.52,cancelled,2026-04-18 10:50:20
ORD-002830,298,71,3,486.45,1459.35,cancelled,2026-04-17 07:09:15
ORD-002831,327,23,1,690.42,690.42,completed,2026-03-15 13:23:18
ORD-002832,426,27,5,341.2,1706.0,completed,2026-03-11 00:56:14
ORD-002833,201,24,4,583.06,2332.24,shipped,2026-04-07 15:03:25
ORD-002834,236,92,3,866.06,2598.18,cancelled,2026-03-02 03:18:47
ORD-002835,37,44,2,555.36,1110.72,completed,2026-04-14 01:56:13
ORD-002836,202,16,4,200.02,800.08,completed,2026-03-09 03:57:01
ORD-002837,476,9,2,728.78,1457.56,shipped,2026-03-10 14:43:22
ORD-002838,262,59,5,887.2,4436.0,cancelled,2026-03-24 13:54:42
ORD-002839,219,54,2,214.57,429.14,shipped,2026-04-13 22:08:37
ORD-002840,199,77,1,352.64,352.64,completed,2026-03-31 08:04:59
ORD-002841,186,16,2,200.02,400.04,completed,2026-04-19 19:31:30
ORD-002842,281,6,1,613.86,613.86,cancelled,2026-04-13 20:05:15
ORD-002843,474,35,2,25.35,50.7,shipped,2026-03-11 20:30:32
ORD-002844,31,27,1,341.2,341.2,completed,2026-03-04 03:22:19
ORD-002845,146,15,3,735.73,2207.19,shipped,2026-03-22 13:54:31
ORD-002846,310,31,2,164.73,329.46,cancelled,2026-04-16 01:29:17
ORD-002847,182,97,3,499.11,1497.33,completed,2026-03-02 03:52:48
ORD-002848,163,20,1,887.59,887.59,completed,2026-03-26 02:43:59
ORD-002849,316,22,4,166.08,664.32,completed,2026-04-17 04:16:37
ORD-002850,499,21,1,33.4,33.4,completed,2026-03-25 01:38:25
ORD-002851,433,63,1,820.86,820.86,shipped,2026-04-24 15:02:11
ORD-002852,85,29,2,487.67,975.34,completed,2026-04-01 01:48:18
ORD-002853,123,29,3,487.67,1463.01,completed,2026-04-24 23:53:05
ORD-002854,435,56,5,540.14,2700.7,shipped,2026-03-06 02:09:54
ORD-002855,434,58,2,275.08,550.16,completed,2026-04-16 20:20:45
ORD-002856,379,53,4,130.42,521.68,shipped,2026-04-02 18:31:29
ORD-002857,392,79,4,75.77,303.08,completed,2026-04-29 04:17:36
ORD-002858,176,27,4,341.2,1364.8,completed,2026-04-03 04:55:27
ORD-002859,199,3,4,517.57,2070.28,shipped,2026-03-29 01:35:08
ORD-002860,361,78,2,186.99,373.98,completed,2026-04-07 18:44:19
ORD-002861,107,77,4,352.64,1410.56,completed,2026-04-20 09:17:27
ORD-002862,128,41,3,843.98,2531.94,completed,2026-04-05 14:01:08
ORD-002863,492,30,4,774.96,3099.84,completed,2026-03-23 06:53:54
ORD-002864,358,88,5,434.06,2170.3,completed,2026-04-15 00:29:57
ORD-002865,177,58,1,275.08,275.08,completed,2026-04-06 03:11:12
ORD-002866,371,49,1,224.04,224.04,shipped,2026-03-30 08:06:55
ORD-002867,179,55,1,520.62,520.62,completed,2026-04-03 14:43:07
ORD-002868,246,35,3,25.35,76.05,completed,2026-03-03 14:32:20
ORD-002869,331,22,2,166.08,332.16,cancelled,2026-03-07 02:40:59
ORD-002870,434,77,5,352.64,1763.2,completed,2026-03-10 16:52:28
ORD-002871,47,49,3,224.04,672.12,completed,2026-04-27 15:40:40
ORD-002872,26,12,5,505.12,2525.6,completed,2026-03-17 03:52:21
ORD-002873,232,11,5,413.83,2069.15,completed,2026-03-02 14:42:38
ORD-002874,143,38,2,344.45,688.9,completed,2026-03-07 08:07:47
ORD-002875,267,30,4,774.96,3099.84,completed,2026-04-11 17:56:00
ORD-002876,294,30,1,774.96,774.96,completed,2026-03-22 22:06:06
ORD-002877,459,37,5,492.28,2461.4,completed,2026-03-31 08:35:22
ORD-002878,309,31,1,164.73,164.73,completed,2026-03-10 16:53:11
ORD-002879,274,9,1,728.78,728.78,completed,2026-04-13 17:29:34
ORD-002880,371,100,4,281.04,1124.16,completed,2026-03-26 10:34:04
ORD-002881,126,20,5,887.59,4437.95,completed,2026-03-02 17:11:55
ORD-002882,263,42,2,690.11,1380.22,completed,2026-03-12 14:05:05
ORD-002883,202,65,5,448.58,2242.9,completed,2026-03-04 21:55:49
ORD-002884,434,22,1,166.08,166.08,completed,2026-03-31 18:19:25
ORD-002885,294,31,5,164.73,823.65,completed,2026-03-08 10:37:52
ORD-002886,364,60,2,202.83,405.66,completed,2026-04-01 17:37:24
ORD-002887,311,92,2,866.06,1732.12,completed,2026-04-20 00:41:37
ORD-002888,148,9,4,728.78,2915.12,shipped,2026-04-22 23:58:45
ORD-002889,282,68,4,290.27,1161.08,cancelled,2026-03-18 09:37:05
ORD-002890,239,93,4,673.46,2693.84,cancelled,2026-03-05 04:53:01
ORD-002891,385,46,5,95.3,476.5,completed,2026-03-25 09:14:50
ORD-002892,440,68,4,290.27,1161.08,shipped,2026-04-20 05:40:51
ORD-002893,308,17,1,45.53,45.53,completed,2026-04-17 21:19:38
ORD-002894,196,39,1,226.52,226.52,shipped,2026-03-23 08:59:05
ORD-002895,250,39,3,226.52,679.56,completed,2026-04-29 12:32:52
ORD-002896,397,97,1,499.11,499.11,completed,2026-04-17 08:08:34
ORD-002897,333,58,5,275.08,1375.4,completed,2026-03-11 18:54:31
ORD-002898,462,51,2,488.09,976.18,completed,2026-04-21 23:24:14
ORD-002899,239,57,3,737.45,2212.35,shipped,2026-03-30 09:27:51
ORD-002900,213,48,2,634.44,1268.88,completed,2026-04-01 19:15:07
ORD-002901,473,32,2,356.79,713.58,completed,2026-03-04 00:41:51
ORD-002902,239,38,3,344.45,1033.35,shipped,2026-04-27 11:14:13
ORD-002903,151,84,4,544.62,2178.48,completed,2026-04-26 02:13:08
ORD-002904,479,66,5,847.72,4238.6,shipped,2026-03-31 22:31:29
ORD-002905,159,9,3,728.78,2186.34,cancelled,2026-04-09 16:57:21
ORD-002906,382,22,1,166.08,166.08,cancelled,2026-04-24 18:41:12
ORD-002907,112,35,1,25.35,25.35,cancelled,2026-04-29 05:26:58
ORD-002908,172,48,1,634.44,634.44,cancelled,2026-04-02 09:18:44
ORD-002909,146,59,3,887.2,2661.6,completed,2026-03-22 12:06:40
ORD-002910,453,7,5,526.92,2634.6,shipped,2026-03-24 19:30:40
ORD-002911,19,98,4,258.34,1033.36,cancelled,2026-04-03 05:17:13
ORD-002912,496,94,5,433.63,2168.15,completed,2026-03-29 21:33:01
ORD-002913,375,49,3,224.04,672.12,completed,2026-03-19 07:59:07
ORD-002914,48,19,2,894.74,1789.48,cancelled,2026-03-13 16:51:07
ORD-002915,22,50,3,365.03,1095.09,completed,2026-04-05 15:58:54
ORD-002916,215,39,1,226.52,226.52,cancelled,2026-04-22 16:55:08
ORD-002917,219,25,4,340.14,1360.56,cancelled,2026-03-10 18:28:44
ORD-002918,1,73,3,772.5,2317.5,completed,2026-03-03 16:19:55
ORD-002919,403,21,1,33.4,33.4,completed,2026-04-14 06:25:37
ORD-002920,474,29,4,487.67,1950.68,shipped,2026-03-03 17:58:14
ORD-002921,416,15,1,735.73,735.73,completed,2026-03-19 07:15:59
ORD-002922,490,79,3,75.77,227.31,completed,2026-03-07 06:55:37
ORD-002923,324,74,5,726.17,3630.85,completed,2026-03-26 11:57:48
ORD-002924,267,68,2,290.27,580.54,completed,2026-03-19 02:31:37
ORD-002925,223,77,2,352.64,705.28,shipped,2026-04-16 23:11:27
ORD-002926,154,35,3,25.35,76.05,shipped,2026-03-01 05:28:26
ORD-002927,154,93,4,673.46,2693.84,completed,2026-04-27 02:27:26
ORD-002928,433,14,2,24.48,48.96,completed,2026-03-26 15:51:29
ORD-002929,475,32,4,356.79,1427.16,completed,2026-03-04 18:25:13
ORD-002930,212,90,5,861.53,4307.65,shipped,2026-03-29 10:47:02
ORD-002931,42,54,5,214.57,1072.85,completed,2026-04-09 13:06:39
ORD-002932,397,21,5,33.4,167.0,completed,2026-03-31 21:35:08
ORD-002933,79,8,4,809.51,3238.04,shipped,2026-04-05 08:15:55
ORD-002934,61,61,1,251.26,251.26,completed,2026-04-09 10:30:54
ORD-002935,476,31,4,164.73,658.92,shipped,2026-03-05 06:05:31
ORD-002936,435,76,2,503.77,1007.54,completed,2026-04-05 08:20:26
ORD-002937,173,37,2,492.28,984.56,completed,2026-03-22 17:59:47
ORD-002938,437,77,3,352.64,1057.92,completed,2026-03-24 10:16:46
ORD-002939,77,13,1,727.19,727.19,cancelled,2026-04-25 23:41:28
ORD-002940,479,55,4,520.62,2082.48,completed,2026-03-04 20:38:21
ORD-002941,17,7,1,526.92,526.92,completed,2026-03-31 17:32:06
ORD-002942,342,38,3,344.45,1033.35,cancelled,2026-03-18 10:59:35
ORD-002943,170,12,1,505.12,505.12,completed,2026-04-20 12:43:19
ORD-002944,315,5,5,470.71,2353.55,completed,2026-04-25 22:33:41
ORD-002945,422,25,2,340.14,680.28,shipped,2026-03-04 09:46:09
ORD-002946,316,14,3,24.48,73.44,cancelled,2026-03-24 13:23:22
ORD-002947,34,10,5,123.09,615.45,shipped,2026-04-12 18:57:12
ORD-002948,398,78,3,186.99,560.97,cancelled,2026-04-20 00:34:20
ORD-002949,353,13,4,727.19,2908.76,completed,2026-03-23 15:51:08
ORD-002950,341,5,4,470.71,1882.84,completed,2026-03-07 11:40:12
ORD-002951,184,89,4,816.79,3267.16,cancelled,2026-03-10 07:31:29
ORD-002952,215,40,3,143.83,431.49,completed,2026-03-20 09:23:48
ORD-002953,237,40,3,143.83,431.49,completed,2026-04-17 15:14:14
ORD-002954,31,91,2,194.57,389.14,cancelled,2026-04-28 21:06:26
ORD-002955,65,16,2,200.02,400.04,completed,2026-04-24 07:39:20
ORD-002956,353,93,1,673.46,673.46,completed,2026-04-12 11:53:09
ORD-002957,223,75,2,508.34,1016.68,shipped,2026-03-16 06:27:57
ORD-002958,155,16,5,200.02,1000.1,completed,2026-03-15 02:36:13
ORD-002959,201,61,1,251.26,251.26,completed,2026-04-07 18:18:04
ORD-002960,431,45,1,220.4,220.4,completed,2026-04-27 22:51:28
ORD-002961,238,50,2,365.03,730.06,shipped,2026-03-09 05:52:57
ORD-002962,418,91,3,194.57,583.71,completed,2026-04-02 19:09:41
ORD-002963,491,96,4,188.04,752.16,cancelled,2026-03-19 12:32:21
ORD-002964,489,90,2,861.53,1723.06,completed,2026-04-30 18:01:21
ORD-002965,76,54,1,214.57,214.57,completed,2026-03-30 11:49:10
ORD-002966,254,18,2,631.84,1263.68,completed,2026-03-29 02:00:43
ORD-002967,395,26,2,406.44,812.88,completed,2026-04-04 22:36:01
ORD-002968,410,81,3,484.39,1453.17,cancelled,2026-03-16 11:30:48
ORD-002969,248,48,3,634.44,1903.32,cancelled,2026-04-30 20:11:31
ORD-002970,349,26,2,406.44,812.88,cancelled,2026-04-21 11:53:37
ORD-002971,303,36,5,419.39,2096.95,cancelled,2026-04-05 04:44:58
ORD-002972,233,79,2,75.77,151.54,cancelled,2026-04-03 22:33:53
ORD-002973,23,71,3,486.45,1459.35,completed,2026-03-27 07:22:54
ORD-002974,322,43,1,729.48,729.48,completed,2026-04-04 02:32:37
ORD-002975,469,61,4,251.26,1005.04,cancelled,2026-03-02 07:07:23
ORD-002976,428,74,2,726.17,1452.34,cancelled,2026-03-02 12:31:29
ORD-002977,457,29,4,487.67,1950.68,completed,2026-04-14 13:04:02
ORD-002978,136,30,5,774.96,3874.8,completed,2026-04-14 09:37:32
ORD-002979,488,68,2,290.27,580.54,shipped,2026-04-28 15:55:29
ORD-002980,25,31,4,164.73,658.92,completed,2026-04-30 08:20:38
ORD-002981,482,36,5,419.39,2096.95,shipped,2026-03-09 04:06:04
ORD-002982,404,3,5,517.57,2587.85,completed,2026-03-06 00:41:52
ORD-002983,255,99,5,482.62,2413.1,cancelled,2026-03-19 22:08:10
ORD-002984,148,28,5,867.91,4339.55,completed,2026-03-19 03:53:22
ORD-002985,91,31,4,164.73,658.92,cancelled,2026-03-26 12:02:12
ORD-002986,41,84,2,544.62,1089.24,completed,2026-04-30 08:21:45
ORD-002987,11,83,2,342.57,685.14,completed,2026-03-01 06:31:44
ORD-002988,150,17,3,45.53,136.59,completed,2026-04-20 00:03:46
ORD-002989,105,54,2,214.57,429.14,completed,2026-03-04 08:28:25
ORD-002990,159,47,1,404.56,404.56,cancelled,2026-03-13 13:29:10
ORD-002991,40,89,5,816.79,4083.95,completed,2026-03-21 21:30:10
ORD-002992,399,16,1,200.02,200.02,completed,2026-04-15 21:35:52
ORD-002993,173,23,1,690.42,690.42,completed,2026-03-13 07:34:09
ORD-002994,63,65,5,448.58,2242.9,shipped,2026-04-01 05:24:12
ORD-002995,183,86,5,686.72,3433.6,completed,2026-04-13 20:58:06
ORD-002996,280,46,2,95.3,190.6,completed,2026-04-06 17:06:29
ORD-002997,412,93,1,673.46,673.46,completed,2026-03-03 01:24:51
ORD-002998,83,9,2,728.78,1457.56,cancelled,2026-04-21 11:32:41
ORD-002999,474,89,5,816.79,4083.95,completed,2026-04-18 06:34:18
ORD-003000,406,4,3,152.26,456.78,shipped,2026-03-07 09:49:37
ORD-003001,109,14,5,24.48,122.4,completed,2026-03-12 09:20:49
ORD-003002,397,25,5,340.14,1700.7,cancelled,2026-03-21 06:23:57
ORD-003003,428,96,1,188.04,188.04,shipped,2026-03-14 15:44:40
ORD-003004,329,72,4,765.16,3060.64,completed,2026-04-06 12:16:07
ORD-003005,97,26,1,406.44,406.44,completed,2026-04-28 07:30:37
ORD-003006,333,74,3,726.17,2178.51,completed,2026-04-29 10:26:11
ORD-003007,44,54,1,214.57,214.57,completed,2026-04-10 07:07:31
ORD-003008,393,13,5,727.19,3635.95,completed,2026-03-28 03:33:35
ORD-003009,284,76,2,503.77,1007.54,cancelled,2026-03-31 06:00:06
ORD-003010,416,93,3,673.46,2020.38,completed,2026-04-23 01:14:48
ORD-003011,275,82,3,175.48,526.44,shipped,2026-04-15 12:38:18
ORD-003012,29,38,1,344.45,344.45,completed,2026-03-07 20:07:12
ORD-003013,418,86,2,686.72,1373.44,shipped,2026-03-17 14:35:47
ORD-003014,39,20,3,887.59,2662.77,cancelled,2026-04-09 08:59:55
ORD-003015,379,47,1,404.56,404.56,completed,2026-03-30 12:46:20
ORD-003016,168,53,1,130.42,130.42,completed,2026-04-29 13:37:05
ORD-003017,477,92,1,866.06,866.06,cancelled,2026-03-06 18:59:48
ORD-003018,186,78,5,186.99,934.95,completed,2026-03-07 20:21:17
ORD-003019,163,13,3,727.19,2181.57,completed,2026-03-12 11:50:51
ORD-003020,410,24,5,583.06,2915.3,completed,2026-04-17 02:48:07
ORD-003021,431,30,1,774.96,774.96,cancelled,2026-04-13 12:39:33
ORD-003022,416,97,5,499.11,2495.55,cancelled,2026-03-03 21:05:59
ORD-003023,337,74,5,726.17,3630.85,completed,2026-04-11 03:53:21
ORD-003024,160,13,4,727.19,2908.76,shipped,2026-03-13 22:31:01
ORD-003025,71,12,3,505.12,1515.36,completed,2026-04-13 22:06:18
ORD-003026,457,13,5,727.19,3635.95,shipped,2026-04-30 20:06:38
ORD-003027,208,6,4,613.86,2455.44,cancelled,2026-03-10 10:51:07
ORD-003028,482,14,3,24.48,73.44,cancelled,2026-04-20 02:29:16
ORD-003029,95,32,1,356.79,356.79,cancelled,2026-04-09 17:52:11
ORD-003030,241,90,1,861.53,861.53,completed,2026-03-21 23:23:13
ORD-003031,123,94,2,433.63,867.26,shipped,2026-04-20 05:26:35
ORD-003032,296,1,5,60.27,301.35,completed,2026-03-05 14:02:57
ORD-003033,221,64,5,612.48,3062.4,completed,2026-04-15 21:50:19
ORD-003034,150,79,4,75.77,303.08,completed,2026-04-18 04:47:03
ORD-003035,467,18,4,631.84,2527.36,cancelled,2026-03-24 09:00:59
ORD-003036,439,37,3,492.28,1476.84,completed,2026-04-15 01:33:30
ORD-003037,310,91,4,194.57,778.28,shipped,2026-04-14 00:23:42
ORD-003038,98,1,1,60.27,60.27,completed,2026-04-05 02:29:31
ORD-003039,417,89,2,816.79,1633.58,cancelled,2026-03-25 17:17:16
ORD-003040,119,16,2,200.02,400.04,completed,2026-04-22 22:32:11
ORD-003041,351,96,1,188.04,188.04,shipped,2026-03-15 21:22:17
ORD-003042,295,18,2,631.84,1263.68,completed,2026-04-13 19:54:00
ORD-003043,425,84,2,544.62,1089.24,completed,2026-03-16 19:58:01
ORD-003044,229,53,1,130.42,130.42,completed,2026-04-09 16:29:16
ORD-003045,167,19,1,894.74,894.74,shipped,2026-03-06 10:34:27
ORD-003046,228,49,5,224.04,1120.2,completed,2026-03-18 13:59:07
ORD-003047,181,82,2,175.48,350.96,completed,2026-04-17 09:49:46
ORD-003048,486,86,2,686.72,1373.44,completed,2026-03-30 06:11:58
ORD-003049,222,56,1,540.14,540.14,shipped,2026-04-14 23:53:20
ORD-003050,384,21,1,33.4,33.4,shipped,2026-03-11 21:49:50
ORD-003051,57,68,3,290.27,870.81,completed,2026-04-17 08:56:55
ORD-003052,219,19,3,894.74,2684.22,completed,2026-04-13 17:33:13
ORD-003053,233,61,5,251.26,1256.3,completed,2026-04-26 02:38:49
ORD-003054,353,39,2,226.52,453.04,completed,2026-04-02 16:41:05
ORD-003055,246,62,4,853.93,3415.72,completed,2026-04-13 18:09:29
ORD-003056,331,57,2,737.45,1474.9,shipped,2026-04-29 15:27:54
ORD-003057,261,50,2,365.03,730.06,completed,2026-03-01 03:54:42
ORD-003058,268,15,3,735.73,2207.19,completed,2026-03-15 10:29:55
ORD-003059,265,89,1,816.79,816.79,completed,2026-04-13 00:01:57
ORD-003060,291,96,4,188.04,752.16,completed,2026-04-29 21:42:27
ORD-003061,388,31,3,164.73,494.19,cancelled,2026-04-14 15:06:20
ORD-003062,472,79,5,75.77,378.85,completed,2026-03-10 04:42:23
ORD-003063,77,81,4,484.39,1937.56,completed,2026-03-28 23:52:39
ORD-003064,175,42,5,690.11,3450.55,completed,2026-04-04 03:19:18
ORD-003065,376,62,2,853.93,1707.86,completed,2026-04-19 20:03:04
ORD-003066,301,93,4,673.46,2693.84,completed,2026-04-14 14:05:57
ORD-003067,290,81,4,484.39,1937.56,cancelled,2026-03-19 02:05:51
ORD-003068,320,46,1,95.3,95.3,completed,2026-04-06 06:49:14
ORD-003069,183,32,3,356.79,1070.37,shipped,2026-04-28 11:45:41
ORD-003070,253,98,2,258.34,516.68,completed,2026-03-27 11:51:37
ORD-003071,53,56,5,540.14,2700.7,cancelled,2026-04-29 21:13:24
ORD-003072,105,18,2,631.84,1263.68,shipped,2026-04-04 22:24:09
ORD-003073,53,53,5,130.42,652.1,cancelled,2026-03-14 21:21:24
ORD-003074,112,57,2,737.45,1474.9,completed,2026-04-16 16:11:21
ORD-003075,471,13,1,727.19,727.19,cancelled,2026-04-14 23:34:27
ORD-003076,302,53,1,130.42,130.42,shipped,2026-04-13 00:35:19
ORD-003077,314,27,1,341.2,341.2,completed,2026-04-09 15:22:55
ORD-003078,275,12,3,505.12,1515.36,completed,2026-03-11 02:12:57
ORD-003079,278,6,4,613.86,2455.44,completed,2026-03-17 13:54:43
ORD-003080,419,85,1,70.14,70.14,completed,2026-03-02 06:10:34
ORD-003081,258,53,3,130.42,391.26,cancelled,2026-04-24 20:46:13
ORD-003082,219,30,5,774.96,3874.8,completed,2026-04-13 23:59:48
ORD-003083,14,46,4,95.3,381.2,completed,2026-03-26 18:01:06
ORD-003084,99,81,5,484.39,2421.95,completed,2026-04-29 13:58:42
ORD-003085,376,21,2,33.4,66.8,completed,2026-03-14 22:21:15
ORD-003086,152,26,2,406.44,812.88,shipped,2026-04-18 19:10:17
ORD-003087,69,8,4,809.51,3238.04,completed,2026-04-16 01:28:33
ORD-003088,388,16,2,200.02,400.04,completed,2026-04-07 01:10:01
ORD-003089,427,88,4,434.06,1736.24,completed,2026-04-21 21:41:48
ORD-003090,192,61,4,251.26,1005.04,completed,2026-04-30 17:45:38
ORD-003091,56,69,2,370.39,740.78,completed,2026-03-18 08:41:44
ORD-003092,79,98,2,258.34,516.68,shipped,2026-04-17 21:20:04
ORD-003093,137,14,4,24.48,97.92,cancelled,2026-04-16 17:56:58
ORD-003094,487,92,5,866.06,4330.3,cancelled,2026-03-05 04:40:19
ORD-003095,81,75,3,508.34,1525.02,cancelled,2026-03-05 07:30:18
ORD-003096,218,69,5,370.39,1851.95,completed,2026-04-17 07:39:01
ORD-003097,134,79,4,75.77,303.08,cancelled,2026-04-13 12:30:17
ORD-003098,152,28,1,867.91,867.91,shipped,2026-04-18 09:13:29
ORD-003099,448,99,5,482.62,2413.1,cancelled,2026-04-01 20:41:10
ORD-003100,118,15,2,735.73,1471.46,cancelled,2026-03-04 22:02:30
ORD-003101,466,15,5,735.73,3678.65,cancelled,2026-03-31 09:37:59
ORD-003102,93,92,2,866.06,1732.12,cancelled,2026-04-27 05:08:31
ORD-003103,261,30,2,774.96,1549.92,cancelled,2026-04-15 22:09:08
ORD-003104,283,70,1,341.93,341.93,completed,2026-04-15 04:22:32
ORD-003105,133,44,5,555.36,2776.8,completed,2026-03-27 20:35:40
ORD-003106,23,43,5,729.48,3647.4,shipped,2026-04-22 17:30:29
ORD-003107,358,63,2,820.86,1641.72,completed,2026-04-22 15:58:18
ORD-003108,37,67,2,346.13,692.26,shipped,2026-03-22 07:53:41
ORD-003109,236,93,5,673.46,3367.3,completed,2026-04-25 12:16:56
ORD-003110,16,88,3,434.06,1302.18,completed,2026-03-07 11:42:20
ORD-003111,397,98,1,258.34,258.34,completed,2026-03-12 23:00:19
ORD-003112,85,93,1,673.46,673.46,cancelled,2026-04-25 12:15:30
ORD-003113,247,11,1,413.83,413.83,completed,2026-03-17 17:04:02
ORD-003114,30,57,5,737.45,3687.25,cancelled,2026-03-20 10:28:22
ORD-003115,195,4,2,152.26,304.52,completed,2026-04-08 12:36:35
ORD-003116,134,65,3,448.58,1345.74,completed,2026-03-13 13:21:49
ORD-003117,308,11,5,413.83,2069.15,cancelled,2026-03-09 18:36:49
ORD-003118,268,70,4,341.93,1367.72,completed,2026-04-12 06:07:06
ORD-003119,257,20,2,887.59,1775.18,cancelled,2026-03-09 13:28:44
ORD-003120,21,6,3,613.86,1841.58,cancelled,2026-04-06 06:55:44
ORD-003121,307,56,4,540.14,2160.56,completed,2026-04-29 22:23:34
ORD-003122,194,1,3,60.27,180.81,completed,2026-03-05 15:03:28
ORD-003123,371,82,3,175.48,526.44,cancelled,2026-04-25 10:50:22
ORD-003124,194,36,5,419.39,2096.95,cancelled,2026-04-21 09:14:52
ORD-003125,409,16,2,200.02,400.04,completed,2026-04-04 18:33:55
ORD-003126,339,66,2,847.72,1695.44,completed,2026-04-10 10:32:41
ORD-003127,402,47,3,404.56,1213.68,cancelled,2026-03-09 17:48:07
ORD-003128,321,49,1,224.04,224.04,shipped,2026-03-26 22:33:59
ORD-003129,211,7,4,526.92,2107.68,cancelled,2026-04-17 15:14:52
ORD-003130,182,79,5,75.77,378.85,completed,2026-04-01 01:29:46
ORD-003131,488,99,5,482.62,2413.1,cancelled,2026-03-12 00:50:07
ORD-003132,138,24,2,583.06,1166.12,completed,2026-04-26 21:47:23
ORD-003133,64,16,4,200.02,800.08,cancelled,2026-04-14 04:45:19
ORD-003134,376,68,1,290.27,290.27,completed,2026-04-14 01:13:25
ORD-003135,256,83,2,342.57,685.14,completed,2026-03-26 06:45:19
ORD-003136,271,67,2,346.13,692.26,completed,2026-04-06 17:10:00
ORD-003137,345,52,3,778.04,2334.12,completed,2026-04-15 18:21:43
ORD-003138,372,19,4,894.74,3578.96,completed,2026-03-22 13:15:14
ORD-003139,209,67,5,346.13,1730.65,completed,2026-03-20 12:48:16
ORD-003140,388,21,1,33.4,33.4,completed,2026-04-15 08:42:57
ORD-003141,54,48,5,634.44,3172.2,completed,2026-04-03 16:12:48
ORD-003142,448,100,3,281.04,843.12,completed,2026-04-25 07:10:50
ORD-003143,200,50,3,365.03,1095.09,completed,2026-03-01 01:00:11
ORD-003144,444,46,3,95.3,285.9,completed,2026-03-13 13:25:09
ORD-003145,370,24,4,583.06,2332.24,completed,2026-03-11 15:39:35
ORD-003146,151,44,5,555.36,2776.8,completed,2026-03-18 17:11:36
ORD-003147,241,94,1,433.63,433.63,shipped,2026-03-19 20:55:11
ORD-003148,442,40,4,143.83,575.32,completed,2026-03-11 13:48:48
ORD-003149,259,66,5,847.72,4238.6,completed,2026-03-09 04:41:26
ORD-003150,189,99,2,482.62,965.24,completed,2026-03-15 20:01:58
ORD-003151,426,72,5,765.16,3825.8,completed,2026-03-28 17:30:10
ORD-003152,426,43,2,729.48,1458.96,completed,2026-04-01 01:47:14
ORD-003153,352,87,3,605.95,1817.85,completed,2026-04-28 13:27:09
ORD-003154,107,38,2,344.45,688.9,completed,2026-04-17 16:07:51
ORD-003155,162,25,5,340.14,1700.7,completed,2026-04-14 02:37:25
ORD-003156,413,51,2,488.09,976.18,completed,2026-03-10 18:51:05
ORD-003157,233,12,1,505.12,505.12,cancelled,2026-03-16 02:09:36
ORD-003158,311,60,1,202.83,202.83,completed,2026-03-27 22:14:26
ORD-003159,348,31,5,164.73,823.65,completed,2026-04-25 01:01:51
ORD-003160,330,64,2,612.48,1224.96,completed,2026-04-22 09:15:17
ORD-003161,438,29,1,487.67,487.67,completed,2026-03-05 09:11:40
ORD-003162,390,93,1,673.46,673.46,cancelled,2026-04-25 01:43:21
ORD-003163,237,64,3,612.48,1837.44,cancelled,2026-04-06 20:31:48
ORD-003164,457,53,5,130.42,652.1,completed,2026-03-15 04:54:17
ORD-003165,416,2,2,813.08,1626.16,completed,2026-04-17 23:01:58
ORD-003166,58,76,1,503.77,503.77,cancelled,2026-04-09 08:53:23
ORD-003167,126,17,5,45.53,227.65,shipped,2026-03-28 23:31:21
ORD-003168,136,43,4,729.48,2917.92,completed,2026-03-21 05:53:32
ORD-003169,470,77,1,352.64,352.64,completed,2026-03-15 08:52:19
ORD-003170,313,80,2,763.18,1526.36,completed,2026-04-05 10:36:18
ORD-003171,310,18,1,631.84,631.84,completed,2026-04-26 12:40:07
ORD-003172,147,16,5,200.02,1000.1,completed,2026-03-21 03:03:50
ORD-003173,204,70,3,341.93,1025.79,cancelled,2026-04-16 15:34:37
ORD-003174,301,62,3,853.93,2561.79,completed,2026-03-08 23:02:23
ORD-003175,418,97,4,499.11,1996.44,completed,2026-04-18 17:47:20
ORD-003176,76,28,5,867.91,4339.55,completed,2026-03-23 05:34:57
ORD-003177,173,31,4,164.73,658.92,shipped,2026-04-13 11:47:46
ORD-003178,357,10,1,123.09,123.09,completed,2026-04-14 22:40:19
ORD-003179,482,17,5,45.53,227.65,completed,2026-03-27 09:10:22
ORD-003180,122,47,1,404.56,404.56,shipped,2026-03-12 11:42:45
ORD-003181,266,51,4,488.09,1952.36,completed,2026-04-03 22:18:44
ORD-003182,481,15,2,735.73,1471.46,completed,2026-04-03 23:20:45
ORD-003183,185,25,1,340.14,340.14,shipped,2026-03-28 16:36:09
ORD-003184,198,51,5,488.09,2440.45,completed,2026-04-25 23:00:26
ORD-003185,482,88,4,434.06,1736.24,completed,2026-04-26 12:20:08
ORD-003186,131,13,2,727.19,1454.38,completed,2026-03-12 16:02:28
ORD-003187,261,46,1,95.3,95.3,cancelled,2026-03-09 08:21:07
ORD-003188,249,24,4,583.06,2332.24,shipped,2026-03-25 20:02:23
ORD-003189,319,55,5,520.62,2603.1,completed,2026-03-20 18:48:30
ORD-003190,60,68,3,290.27,870.81,completed,2026-04-12 22:31:53
ORD-003191,230,39,5,226.52,1132.6,completed,2026-04-30 04:46:59
ORD-003192,442,44,3,555.36,1666.08,cancelled,2026-04-15 06:38:14
ORD-003193,24,95,5,627.59,3137.95,completed,2026-04-22 09:09:54
ORD-003194,28,30,3,774.96,2324.88,completed,2026-03-22 19:28:50
ORD-003195,311,86,3,686.72,2060.16,completed,2026-04-02 23:20:34
ORD-003196,363,65,3,448.58,1345.74,completed,2026-03-25 02:51:08
ORD-003197,479,38,3,344.45,1033.35,completed,2026-03-25 17:22:54
ORD-003198,414,92,4,866.06,3464.24,completed,2026-04-14 02:46:39
ORD-003199,320,52,5,778.04,3890.2,shipped,2026-03-16 03:08:44
ORD-003200,446,99,5,482.62,2413.1,completed,2026-03-25 10:18:55
ORD-003201,382,71,5,486.45,2432.25,shipped,2026-03-13 02:08:37
ORD-003202,275,12,5,505.12,2525.6,completed,2026-04-12 18:42:51
ORD-003203,128,75,4,508.34,2033.36,completed,2026-03-21 03:17:32
ORD-003204,11,43,5,729.48,3647.4,cancelled,2026-04-24 13:16:52
ORD-003205,489,40,5,143.83,719.15,completed,2026-03-22 16:55:13
ORD-003206,151,25,1,340.14,340.14,completed,2026-04-19 15:52:48
ORD-003207,287,100,4,281.04,1124.16,completed,2026-04-05 03:28:07
ORD-003208,286,53,5,130.42,652.1,shipped,2026-03-17 23:09:51
ORD-003209,235,20,4,887.59,3550.36,shipped,2026-03-21 19:42:51
ORD-003210,159,4,4,152.26,609.04,cancelled,2026-04-19 16:08:21
ORD-003211,113,93,2,673.46,1346.92,completed,2026-03-28 01:54:35
ORD-003212,333,86,5,686.72,3433.6,completed,2026-03-03 10:49:38
ORD-003213,388,67,2,346.13,692.26,completed,2026-03-19 03:34:09
ORD-003214,492,37,1,492.28,492.28,shipped,2026-03-04 11:27:02
ORD-003215,313,85,1,70.14,70.14,shipped,2026-04-21 03:22:59
ORD-003216,208,44,1,555.36,555.36,cancelled,2026-03-26 18:38:21
ORD-003217,223,98,3,258.34,775.02,completed,2026-03-27 18:39:44
ORD-003218,194,12,5,505.12,2525.6,completed,2026-04-06 03:08:28
ORD-003219,8,53,1,130.42,130.42,cancelled,2026-03-02 16:06:46
ORD-003220,393,62,4,853.93,3415.72,completed,2026-04-24 18:41:41
ORD-003221,473,68,3,290.27,870.81,completed,2026-03-25 11:44:09
ORD-003222,205,33,2,656.43,1312.86,cancelled,2026-03-12 14:16:38
ORD-003223,436,20,2,887.59,1775.18,cancelled,2026-03-24 12:41:11
ORD-003224,427,35,1,25.35,25.35,completed,2026-03-07 22:55:40
ORD-003225,342,62,2,853.93,1707.86,cancelled,2026-04-30 23:45:47
ORD-003226,33,56,5,540.14,2700.7,completed,2026-04-05 09:49:36
ORD-003227,39,15,4,735.73,2942.92,completed,2026-03-29 16:38:36
ORD-003228,172,86,2,686.72,1373.44,completed,2026-03-09 01:43:19
ORD-003229,29,7,1,526.92,526.92,cancelled,2026-04-06 04:46:59
ORD-003230,323,83,3,342.57,1027.71,cancelled,2026-04-25 13:19:52
ORD-003231,209,10,3,123.09,369.27,completed,2026-04-27 07:30:07
ORD-003232,487,81,5,484.39,2421.95,shipped,2026-04-18 02:47:36
ORD-003233,26,83,4,342.57,1370.28,completed,2026-03-21 18:46:12
ORD-003234,459,29,3,487.67,1463.01,shipped,2026-04-13 23:23:16
ORD-003235,201,57,4,737.45,2949.8,completed,2026-03-23 13:45:04
ORD-003236,372,8,4,809.51,3238.04,shipped,2026-03-05 18:54:46
ORD-003237,306,98,4,258.34,1033.36,completed,2026-03-19 19:15:57
ORD-003238,382,45,1,220.4,220.4,shipped,2026-03-26 20:38:53
ORD-003239,473,93,4,673.46,2693.84,completed,2026-03-02 10:00:07
ORD-003240,35,21,5,33.4,167.0,completed,2026-03-17 02:05:22
ORD-003241,346,3,4,517.57,2070.28,cancelled,2026-03-02 04:55:21
ORD-003242,104,34,1,752.17,752.17,shipped,2026-04-18 16:46:31
ORD-003243,489,30,1,774.96,774.96,completed,2026-03-02 19:10:12
ORD-003244,469,46,2,95.3,190.6,shipped,2026-04-18 11:26:55
ORD-003245,238,14,4,24.48,97.92,completed,2026-03-27 21:07:06
ORD-003246,41,27,2,341.2,682.4,cancelled,2026-03-18 20:17:56
ORD-003247,113,21,1,33.4,33.4,shipped,2026-04-06 19:53:59
ORD-003248,68,31,5,164.73,823.65,shipped,2026-03-19 12:25:52
ORD-003249,193,64,5,612.48,3062.4,completed,2026-03-25 11:26:25
ORD-003250,457,25,2,340.14,680.28,cancelled,2026-04-02 21:17:37
ORD-003251,26,38,3,344.45,1033.35,completed,2026-04-14 02:25:33
ORD-003252,443,75,3,508.34,1525.02,shipped,2026-04-27 18:52:19
ORD-003253,221,38,5,344.45,1722.25,completed,2026-04-28 20:33:32
ORD-003254,105,37,1,492.28,492.28,completed,2026-04-15 07:33:10
ORD-003255,56,14,4,24.48,97.92,completed,2026-03-31 04:33:04
ORD-003256,88,60,4,202.83,811.32,completed,2026-03-19 05:18:29
ORD-003257,328,10,1,123.09,123.09,completed,2026-03-08 18:07:15
ORD-003258,53,63,5,820.86,4104.3,completed,2026-03-27 17:21:34
ORD-003259,88,34,5,752.17,3760.85,cancelled,2026-03-02 08:42:48
ORD-003260,402,70,3,341.93,1025.79,cancelled,2026-03-14 06:06:44
ORD-003261,444,57,2,737.45,1474.9,completed,2026-03-13 08:29:21
ORD-003262,435,70,2,341.93,683.86,cancelled,2026-03-05 19:48:49
ORD-003263,210,23,5,690.42,3452.1,completed,2026-03-18 12:24:22
ORD-003264,492,44,2,555.36,1110.72,completed,2026-03-25 07:37:45
ORD-003265,220,64,5,612.48,3062.4,shipped,2026-03-27 00:49:13
ORD-003266,359,88,1,434.06,434.06,completed,2026-04-01 06:35:06
ORD-003267,266,52,4,778.04,3112.16,completed,2026-04-15 09:15:05
ORD-003268,193,2,3,813.08,2439.24,cancelled,2026-03-13 23:55:05
ORD-003269,93,19,1,894.74,894.74,completed,2026-03-19 17:46:35
ORD-003270,45,81,3,484.39,1453.17,shipped,2026-04-10 18:12:12
ORD-003271,277,87,3,605.95,1817.85,shipped,2026-04-30 11:48:05
ORD-003272,77,14,3,24.48,73.44,completed,2026-04-05 03:16:04
ORD-003273,72,67,2,346.13,692.26,completed,2026-04-26 03:13:28
ORD-003274,489,73,4,772.5,3090.0,completed,2026-04-01 02:22:01
ORD-003275,121,72,5,765.16,3825.8,shipped,2026-03-27 14:13:25
ORD-003276,402,80,5,763.18,3815.9,cancelled,2026-03-27 13:29:06
ORD-003277,436,3,2,517.57,1035.14,completed,2026-04-22 22:37:28
ORD-003278,340,5,5,470.71,2353.55,cancelled,2026-03-17 15:38:00
ORD-003279,260,56,5,540.14,2700.7,completed,2026-03-16 14:52:11
ORD-003280,173,83,2,342.57,685.14,cancelled,2026-04-11 01:57:04
ORD-003281,332,66,5,847.72,4238.6,completed,2026-03-21 21:35:47
ORD-003282,280,37,3,492.28,1476.84,cancelled,2026-04-02 01:12:21
ORD-003283,226,59,1,887.2,887.2,completed,2026-03-17 00:09:30
ORD-003284,206,46,2,95.3,190.6,shipped,2026-04-15 04:11:41
ORD-003285,394,50,4,365.03,1460.12,completed,2026-04-18 04:21:57
ORD-003286,195,4,5,152.26,761.3,completed,2026-04-02 13:59:29
ORD-003287,340,79,1,75.77,75.77,shipped,2026-03-15 01:08:31
ORD-003288,197,64,5,612.48,3062.4,cancelled,2026-03-27 06:04:11
ORD-003289,259,20,5,887.59,4437.95,shipped,2026-03-25 08:06:32
ORD-003290,164,92,2,866.06,1732.12,cancelled,2026-03-08 19:17:08
ORD-003291,405,74,2,726.17,1452.34,cancelled,2026-03-30 22:36:36
ORD-003292,330,41,5,843.98,4219.9,completed,2026-04-30 09:29:16
ORD-003293,357,88,2,434.06,868.12,completed,2026-04-07 22:06:42
ORD-003294,196,4,3,152.26,456.78,cancelled,2026-03-13 09:47:42
ORD-003295,16,43,4,729.48,2917.92,completed,2026-03-25 22:36:18
ORD-003296,91,22,3,166.08,498.24,completed,2026-03-04 04:16:30
ORD-003297,479,48,3,634.44,1903.32,cancelled,2026-04-14 17:21:13
ORD-003298,101,51,4,488.09,1952.36,completed,2026-03-24 09:39:09
ORD-003299,327,46,5,95.3,476.5,completed,2026-04-12 17:14:22
ORD-003300,379,82,2,175.48,350.96,cancelled,2026-03-18 04:36:18
ORD-003301,444,35,4,25.35,101.4,completed,2026-03-08 15:54:37
ORD-003302,175,70,5,341.93,1709.65,shipped,2026-03-02 20:14:47
ORD-003303,96,22,3,166.08,498.24,cancelled,2026-04-25 12:03:45
ORD-003304,92,98,3,258.34,775.02,completed,2026-03-15 06:24:13
ORD-003305,207,50,2,365.03,730.06,cancelled,2026-03-25 17:44:35
ORD-003306,312,29,2,487.67,975.34,completed,2026-04-09 04:42:46
ORD-003307,55,14,2,24.48,48.96,cancelled,2026-03-06 05:37:57
ORD-003308,14,91,4,194.57,778.28,shipped,2026-04-07 10:40:54
ORD-003309,167,67,3,346.13,1038.39,completed,2026-04-06 03:39:33
ORD-003310,396,79,3,75.77,227.31,completed,2026-03-13 06:14:28
ORD-003311,157,34,2,752.17,1504.34,cancelled,2026-04-30 16:55:52
ORD-003312,39,16,5,200.02,1000.1,completed,2026-03-09 02:59:37
ORD-003313,25,62,5,853.93,4269.65,completed,2026-03-31 17:59:58
ORD-003314,138,67,3,346.13,1038.39,completed,2026-03-24 15:24:25
ORD-003315,158,12,3,505.12,1515.36,completed,2026-04-17 09:38:09
ORD-003316,168,42,3,690.11,2070.33,completed,2026-04-01 20:05:07
ORD-003317,188,26,1,406.44,406.44,cancelled,2026-04-17 17:40:58
ORD-003318,50,28,4,867.91,3471.64,completed,2026-03-31 04:54:10
ORD-003319,24,55,4,520.62,2082.48,completed,2026-03-07 12:26:49
ORD-003320,357,80,3,763.18,2289.54,completed,2026-03-01 18:33:01
ORD-003321,91,37,1,492.28,492.28,shipped,2026-04-28 11:06:59
ORD-003322,357,50,5,365.03,1825.15,cancelled,2026-03-28 19:33:28
ORD-003323,310,68,4,290.27,1161.08,completed,2026-03-26 21:48:38
ORD-003324,185,97,4,499.11,1996.44,completed,2026-04-30 14:06:31
ORD-003325,439,31,5,164.73,823.65,completed,2026-03-28 03:41:28
ORD-003326,479,52,2,778.04,1556.08,completed,2026-03-05 19:01:03
ORD-003327,490,72,4,765.16,3060.64,completed,2026-04-04 21:52:30
ORD-003328,406,99,5,482.62,2413.1,shipped,2026-03-29 08:52:18
ORD-003329,442,69,4,370.39,1481.56,completed,2026-04-13 13:07:36
ORD-003330,262,18,4,631.84,2527.36,completed,2026-03-16 11:41:53
ORD-003331,174,95,3,627.59,1882.77,cancelled,2026-03-27 00:59:00
ORD-003332,404,55,3,520.62,1561.86,cancelled,2026-03-11 12:26:48
ORD-003333,156,37,2,492.28,984.56,cancelled,2026-03-29 19:18:26
ORD-003334,171,16,1,200.02,200.02,completed,2026-03-10 08:24:48
ORD-003335,22,18,1,631.84,631.84,completed,2026-03-05 22:33:56
ORD-003336,301,40,3,143.83,431.49,completed,2026-03-21 15:38:30
ORD-003337,450,10,2,123.09,246.18,completed,2026-04-22 00:36:07
ORD-003338,3,42,3,690.11,2070.33,completed,2026-04-26 16:24:52
ORD-003339,105,44,4,555.36,2221.44,shipped,2026-04-28 05:00:09
ORD-003340,146,72,2,765.16,1530.32,completed,2026-03-18 20:20:45
ORD-003341,197,37,5,492.28,2461.4,shipped,2026-03-28 01:32:21
ORD-003342,74,76,5,503.77,2518.85,shipped,2026-03-16 06:08:13
ORD-003343,461,89,2,816.79,1633.58,shipped,2026-04-03 07:39:09
ORD-003344,77,93,3,673.46,2020.38,completed,2026-03-20 08:57:11
ORD-003345,379,17,3,45.53,136.59,completed,2026-03-07 05:14:17
ORD-003346,270,48,3,634.44,1903.32,completed,2026-04-17 21:27:59
ORD-003347,378,23,5,690.42,3452.1,completed,2026-03-10 20:08:45
ORD-003348,311,25,1,340.14,340.14,completed,2026-04-22 16:42:42
ORD-003349,320,83,1,342.57,342.57,completed,2026-03-21 12:54:01
ORD-003350,454,8,4,809.51,3238.04,completed,2026-03-14 23:42:17
ORD-003351,251,67,2,346.13,692.26,completed,2026-04-04 14:26:48
ORD-003352,13,27,5,341.2,1706.0,cancelled,2026-04-01 11:26:20
ORD-003353,362,22,4,166.08,664.32,completed,2026-04-05 05:06:56
ORD-003354,461,86,4,686.72,2746.88,completed,2026-04-19 17:25:20
ORD-003355,383,62,4,853.93,3415.72,completed,2026-04-10 14:31:17
ORD-003356,195,72,3,765.16,2295.48,completed,2026-03-31 19:03:38
ORD-003357,317,74,1,726.17,726.17,completed,2026-04-10 18:48:50
ORD-003358,284,66,4,847.72,3390.88,completed,2026-04-06 00:03:17
ORD-003359,282,94,1,433.63,433.63,completed,2026-04-05 22:04:01
ORD-003360,241,92,4,866.06,3464.24,completed,2026-04-23 00:30:04
ORD-003361,102,9,4,728.78,2915.12,shipped,2026-03-18 16:10:11
ORD-003362,336,92,2,866.06,1732.12,cancelled,2026-03-02 03:26:52
ORD-003363,89,24,1,583.06,583.06,completed,2026-04-10 17:22:53
ORD-003364,110,74,5,726.17,3630.85,shipped,2026-03-03 01:36:56
ORD-003365,410,22,1,166.08,166.08,completed,2026-03-15 08:27:00
ORD-003366,156,85,5,70.14,350.7,completed,2026-04-26 00:41:08
ORD-003367,460,71,5,486.45,2432.25,completed,2026-04-21 15:23:28
ORD-003368,405,42,3,690.11,2070.33,cancelled,2026-03-17 15:05:51
ORD-003369,482,70,2,341.93,683.86,completed,2026-04-10 03:45:32
ORD-003370,372,35,4,25.35,101.4,shipped,2026-04-23 06:11:33
ORD-003371,414,95,4,627.59,2510.36,shipped,2026-04-16 18:07:04
ORD-003372,293,38,2,344.45,688.9,completed,2026-03-01 23:17:17
ORD-003373,313,34,3,752.17,2256.51,completed,2026-03-25 05:51:51
ORD-003374,225,24,4,583.06,2332.24,completed,2026-03-23 02:48:02
ORD-003375,36,24,5,583.06,2915.3,completed,2026-04-19 07:58:30
ORD-003376,240,8,3,809.51,2428.53,cancelled,2026-04-15 02:18:15
ORD-003377,363,64,1,612.48,612.48,completed,2026-04-17 06:08:52
ORD-003378,485,18,5,631.84,3159.2,cancelled,2026-03-01 03:40:21
ORD-003379,416,32,2,356.79,713.58,completed,2026-04-21 22:58:40
ORD-003380,281,18,3,631.84,1895.52,completed,2026-04-05 22:01:25
ORD-003381,136,23,1,690.42,690.42,cancelled,2026-03-05 22:22:52
ORD-003382,266,63,5,820.86,4104.3,cancelled,2026-03-10 07:02:53
ORD-003383,351,65,5,448.58,2242.9,completed,2026-04-02 11:16:55
ORD-003384,183,89,3,816.79,2450.37,completed,2026-03-19 05:16:26
ORD-003385,409,31,5,164.73,823.65,completed,2026-04-05 21:47:01
ORD-003386,121,26,1,406.44,406.44,shipped,2026-04-13 13:00:03
ORD-003387,438,83,1,342.57,342.57,cancelled,2026-03-09 03:09:00
ORD-003388,178,42,1,690.11,690.11,completed,2026-04-01 21:34:56
ORD-003389,12,27,5,341.2,1706.0,completed,2026-03-04 20:35:36
ORD-003390,384,83,5,342.57,1712.85,completed,2026-04-20 02:37:57
ORD-003391,102,85,1,70.14,70.14,shipped,2026-04-25 12:58:33
ORD-003392,314,36,5,419.39,2096.95,completed,2026-04-18 21:56:10
ORD-003393,43,1,5,60.27,301.35,completed,2026-04-04 06:53:04
ORD-003394,312,88,5,434.06,2170.3,completed,2026-03-30 20:37:00
ORD-003395,78,19,4,894.74,3578.96,completed,2026-04-27 00:56:34
ORD-003396,444,15,2,735.73,1471.46,shipped,2026-04-20 19:42:04
ORD-003397,28,53,4,130.42,521.68,completed,2026-03-13 18:54:58
ORD-003398,196,78,1,186.99,186.99,shipped,2026-04-23 19:53:47
ORD-003399,22,14,2,24.48,48.96,completed,2026-03-03 17:25:15
ORD-003400,371,80,1,763.18,763.18,completed,2026-04-02 19:02:56
ORD-003401,478,85,5,70.14,350.7,completed,2026-03-13 08:03:59
ORD-003402,19,26,5,406.44,2032.2,completed,2026-03-14 16:12:19
ORD-003403,173,74,2,726.17,1452.34,completed,2026-04-03 10:09:16
ORD-003404,234,69,1,370.39,370.39,completed,2026-03-19 17:29:20
ORD-003405,392,100,5,281.04,1405.2,completed,2026-04-24 18:33:08
ORD-003406,12,23,1,690.42,690.42,cancelled,2026-04-25 13:38:37
ORD-003407,72,88,4,434.06,1736.24,completed,2026-03-21 04:53:32
ORD-003408,69,2,5,813.08,4065.4,completed,2026-03-19 12:06:27
ORD-003409,9,77,3,352.64,1057.92,cancelled,2026-04-06 19:18:37
ORD-003410,430,25,3,340.14,1020.42,completed,2026-04-08 10:08:48
ORD-003411,367,95,1,627.59,627.59,cancelled,2026-03-10 16:11:10
ORD-003412,255,77,3,352.64,1057.92,completed,2026-04-22 02:45:25
ORD-003413,61,100,1,281.04,281.04,completed,2026-04-16 07:28:49
ORD-003414,282,36,2,419.39,838.78,completed,2026-04-03 10:55:44
ORD-003415,391,70,3,341.93,1025.79,completed,2026-04-06 12:49:29
ORD-003416,455,28,1,867.91,867.91,completed,2026-04-14 21:16:17
ORD-003417,217,4,2,152.26,304.52,completed,2026-03-31 22:02:27
ORD-003418,119,47,5,404.56,2022.8,cancelled,2026-04-20 06:32:56
ORD-003419,307,64,3,612.48,1837.44,cancelled,2026-04-27 17:56:36
ORD-003420,221,8,4,809.51,3238.04,shipped,2026-03-15 20:53:30
ORD-003421,67,76,1,503.77,503.77,completed,2026-04-04 15:41:30
ORD-003422,176,37,5,492.28,2461.4,completed,2026-03-20 20:06:11
ORD-003423,329,34,2,752.17,1504.34,completed,2026-03-09 00:59:58
ORD-003424,31,29,3,487.67,1463.01,completed,2026-04-28 14:54:32
ORD-003425,490,3,5,517.57,2587.85,shipped,2026-04-07 09:14:06
ORD-003426,458,73,4,772.5,3090.0,completed,2026-04-07 08:35:32
ORD-003427,303,80,1,763.18,763.18,completed,2026-04-07 07:52:40
ORD-003428,485,48,3,634.44,1903.32,completed,2026-04-03 17:43:13
ORD-003429,71,33,4,656.43,2625.72,completed,2026-03-08 20:07:31
ORD-003430,23,60,4,202.83,811.32,cancelled,2026-04-30 19:58:29
ORD-003431,63,8,1,809.51,809.51,completed,2026-03-10 05:16:46
ORD-003432,284,27,1,341.2,341.2,completed,2026-03-10 08:58:44
ORD-003433,391,13,4,727.19,2908.76,completed,2026-04-05 13:56:42
ORD-003434,22,63,2,820.86,1641.72,cancelled,2026-04-03 05:12:11
ORD-003435,230,2,5,813.08,4065.4,completed,2026-04-24 10:39:56
ORD-003436,499,19,5,894.74,4473.7,completed,2026-04-29 20:03:41
ORD-003437,101,91,1,194.57,194.57,cancelled,2026-04-01 20:55:33
ORD-003438,127,6,4,613.86,2455.44,completed,2026-04-02 20:17:55
ORD-003439,497,60,2,202.83,405.66,completed,2026-04-09 21:05:53
ORD-003440,252,37,3,492.28,1476.84,completed,2026-03-28 13:58:04
ORD-003441,361,26,4,406.44,1625.76,completed,2026-04-19 19:50:31
ORD-003442,94,4,1,152.26,152.26,completed,2026-03-25 08:09:32
ORD-003443,229,69,5,370.39,1851.95,shipped,2026-03-18 11:03:46
ORD-003444,255,91,4,194.57,778.28,completed,2026-03-23 14:45:40
ORD-003445,171,27,1,341.2,341.2,completed,2026-03-26 23:48:04
ORD-003446,81,86,2,686.72,1373.44,shipped,2026-03-23 09:20:34
ORD-003447,224,33,4,656.43,2625.72,completed,2026-03-05 09:40:07
ORD-003448,269,11,3,413.83,1241.49,completed,2026-03-24 21:40:02
ORD-003449,30,18,4,631.84,2527.36,completed,2026-04-29 22:49:55
ORD-003450,160,52,4,778.04,3112.16,completed,2026-04-03 20:21:11
ORD-003451,408,81,5,484.39,2421.95,completed,2026-04-29 21:31:52
ORD-003452,342,7,4,526.92,2107.68,shipped,2026-03-24 06:19:05
ORD-003453,384,16,3,200.02,600.06,completed,2026-04-28 23:17:05
ORD-003454,35,75,2,508.34,1016.68,cancelled,2026-03-27 03:54:04
ORD-003455,162,97,3,499.11,1497.33,completed,2026-03-25 23:53:24
ORD-003456,22,86,1,686.72,686.72,completed,2026-04-10 17:44:00
ORD-003457,414,79,5,75.77,378.85,cancelled,2026-03-29 22:37:13
ORD-003458,476,39,5,226.52,1132.6,shipped,2026-03-09 05:54:30
ORD-003459,115,78,5,186.99,934.95,completed,2026-03-30 00:44:21
ORD-003460,351,26,4,406.44,1625.76,completed,2026-03-24 08:00:58
ORD-003461,384,54,4,214.57,858.28,completed,2026-03-23 03:44:13
ORD-003462,490,14,4,24.48,97.92,completed,2026-03-03 10:05:30
ORD-003463,488,20,2,887.59,1775.18,completed,2026-03-30 13:33:48
ORD-003464,128,63,4,820.86,3283.44,completed,2026-03-25 14:18:33
ORD-003465,108,23,3,690.42,2071.26,cancelled,2026-04-03 17:20:12
ORD-003466,299,86,5,686.72,3433.6,cancelled,2026-03-23 13:28:27
ORD-003467,35,15,5,735.73,3678.65,completed,2026-04-02 23:27:59
ORD-003468,14,22,4,166.08,664.32,completed,2026-03-07 18:55:07
ORD-003469,420,60,1,202.83,202.83,cancelled,2026-03-29 07:13:30
ORD-003470,29,22,1,166.08,166.08,completed,2026-04-25 09:02:44
ORD-003471,133,85,1,70.14,70.14,completed,2026-03-21 01:08:37
ORD-003472,351,70,1,341.93,341.93,cancelled,2026-04-15 10:33:06
ORD-003473,454,74,5,726.17,3630.85,cancelled,2026-03-23 05:38:00
ORD-003474,43,58,2,275.08,550.16,shipped,2026-03-04 19:55:26
ORD-003475,301,3,5,517.57,2587.85,completed,2026-03-29 01:12:35
ORD-003476,497,85,5,70.14,350.7,cancelled,2026-04-29 21:25:46
ORD-003477,71,52,3,778.04,2334.12,completed,2026-04-11 04:31:03
ORD-003478,268,98,1,258.34,258.34,cancelled,2026-04-02 11:02:12
ORD-003479,498,95,2,627.59,1255.18,cancelled,2026-03-25 07:58:02
ORD-003480,277,48,4,634.44,2537.76,completed,2026-03-02 23:34:49
ORD-003481,24,8,1,809.51,809.51,shipped,2026-04-14 04:20:09
ORD-003482,425,61,3,251.26,753.78,completed,2026-03-31 20:35:19
ORD-003483,154,25,4,340.14,1360.56,cancelled,2026-03-25 20:54:03
ORD-003484,343,52,1,778.04,778.04,completed,2026-03-13 00:24:32
ORD-003485,346,21,5,33.4,167.0,cancelled,2026-03-04 05:48:26
ORD-003486,287,35,2,25.35,50.7,cancelled,2026-03-23 08:34:55
ORD-003487,297,20,4,887.59,3550.36,shipped,2026-03-15 09:43:27
ORD-003488,302,86,1,686.72,686.72,completed,2026-04-13 22:25:47
ORD-003489,405,30,1,774.96,774.96,cancelled,2026-04-14 20:46:49
ORD-003490,23,55,1,520.62,520.62,shipped,2026-04-08 08:26:53
ORD-003491,146,71,2,486.45,972.9,cancelled,2026-04-19 06:15:02
ORD-003492,182,72,2,765.16,1530.32,completed,2026-04-09 10:15:36
ORD-003493,344,100,4,281.04,1124.16,shipped,2026-03-24 00:01:12
ORD-003494,454,24,3,583.06,1749.18,cancelled,2026-03-21 22:21:20
ORD-003495,193,54,3,214.57,643.71,shipped,2026-03-08 01:47:50
ORD-003496,480,70,2,341.93,683.86,cancelled,2026-03-15 14:21:29
ORD-003497,262,55,1,520.62,520.62,completed,2026-04-13 07:30:17
ORD-003498,79,20,1,887.59,887.59,cancelled,2026-04-02 23:34:38
ORD-003499,82,44,1,555.36,555.36,completed,2026-04-06 18:49:04
ORD-003500,209,75,2,508.34,1016.68,completed,2026-03-09 01:03:04
ORD-003501,258,70,5,341.93,1709.65,cancelled,2026-04-22 23:59:16
ORD-003502,205,100,2,281.04,562.08,cancelled,2026-04-13 04:32:07
ORD-003503,22,90,5,861.53,4307.65,shipped,2026-04-16 01:38:32
ORD-003504,78,18,3,631.84,1895.52,cancelled,2026-04-05 06:32:28
ORD-003505,218,57,5,737.45,3687.25,completed,2026-03-25 21:31:08
ORD-003506,38,80,1,763.18,763.18,completed,2026-04-25 13:04:52
ORD-003507,184,15,5,735.73,3678.65,cancelled,2026-03-04 14:57:37
ORD-003508,366,82,2,175.48,350.96,shipped,2026-03-09 16:33:07
ORD-003509,369,14,2,24.48,48.96,shipped,2026-04-17 06:42:07
ORD-003510,23,1,3,60.27,180.81,completed,2026-04-19 14:56:53
ORD-003511,206,42,5,690.11,3450.55,completed,2026-03-29 20:33:48
ORD-003512,185,100,1,281.04,281.04,completed,2026-03-03 17:58:18
ORD-003513,135,97,3,499.11,1497.33,completed,2026-03-30 18:44:02
ORD-003514,333,79,1,75.77,75.77,completed,2026-04-03 12:25:35
ORD-003515,404,25,3,340.14,1020.42,cancelled,2026-04-13 22:58:17
ORD-003516,241,54,4,214.57,858.28,shipped,2026-03-07 21:41:59
ORD-003517,65,96,1,188.04,188.04,completed,2026-03-12 05:13:15
ORD-003518,323,77,5,352.64,1763.2,completed,2026-03-25 04:05:54
ORD-003519,444,70,5,341.93,1709.65,shipped,2026-03-03 23:53:47
ORD-003520,140,60,5,202.83,1014.15,completed,2026-04-21 20:28:20
ORD-003521,435,57,3,737.45,2212.35,completed,2026-04-04 05:10:40
ORD-003522,471,29,3,487.67,1463.01,shipped,2026-03-22 17:16:30
ORD-003523,280,81,4,484.39,1937.56,shipped,2026-03-01 14:21:03
ORD-003524,358,79,5,75.77,378.85,cancelled,2026-03-22 14:56:07
ORD-003525,160,51,5,488.09,2440.45,cancelled,2026-03-26 07:58:03
ORD-003526,168,49,5,224.04,1120.2,completed,2026-04-11 20:42:45
ORD-003527,57,76,3,503.77,1511.31,completed,2026-04-10 22:12:19
ORD-003528,348,79,2,75.77,151.54,completed,2026-03-15 02:11:14
ORD-003529,357,8,4,809.51,3238.04,shipped,2026-04-07 15:01:45
ORD-003530,37,89,1,816.79,816.79,shipped,2026-04-08 19:52:18
ORD-003531,117,11,4,413.83,1655.32,cancelled,2026-03-18 21:44:51
ORD-003532,107,69,5,370.39,1851.95,shipped,2026-03-10 09:37:22
ORD-003533,65,41,2,843.98,1687.96,completed,2026-04-04 00:25:16
ORD-003534,191,66,5,847.72,4238.6,cancelled,2026-04-14 12:04:14
ORD-003535,26,8,4,809.51,3238.04,completed,2026-03-30 23:43:14
ORD-003536,153,77,5,352.64,1763.2,cancelled,2026-04-11 19:03:10
ORD-003537,151,75,3,508.34,1525.02,shipped,2026-04-19 22:17:26
ORD-003538,315,49,3,224.04,672.12,shipped,2026-03-11 03:43:46
ORD-003539,168,56,4,540.14,2160.56,shipped,2026-04-04 22:10:47
ORD-003540,162,34,2,752.17,1504.34,shipped,2026-04-30 12:41:11
ORD-003541,175,47,4,404.56,1618.24,cancelled,2026-03-13 07:52:03
ORD-003542,394,4,5,152.26,761.3,completed,2026-04-02 12:46:02
ORD-003543,413,29,2,487.67,975.34,cancelled,2026-03-11 05:33:43
ORD-003544,439,4,4,152.26,609.04,completed,2026-04-22 15:10:13
ORD-003545,402,34,4,752.17,3008.68,completed,2026-03-05 10:07:08
ORD-003546,173,82,2,175.48,350.96,completed,2026-03-12 08:45:16
ORD-003547,172,7,1,526.92,526.92,cancelled,2026-04-05 00:58:01
ORD-003548,5,78,3,186.99,560.97,shipped,2026-04-16 22:02:42
ORD-003549,78,21,2,33.4,66.8,completed,2026-04-23 17:37:55
ORD-003550,356,24,4,583.06,2332.24,shipped,2026-04-03 06:35:00
ORD-003551,314,40,4,143.83,575.32,completed,2026-04-22 12:29:41
ORD-003552,91,50,1,365.03,365.03,completed,2026-04-24 21:07:17
ORD-003553,467,91,1,194.57,194.57,cancelled,2026-04-25 10:26:15
ORD-003554,328,33,5,656.43,3282.15,shipped,2026-03-10 05:10:27
ORD-003555,8,8,1,809.51,809.51,completed,2026-03-13 04:27:14
ORD-003556,247,61,5,251.26,1256.3,shipped,2026-03-28 09:34:45
ORD-003557,89,72,2,765.16,1530.32,cancelled,2026-04-18 21:07:08
ORD-003558,477,77,3,352.64,1057.92,completed,2026-04-02 23:30:15
ORD-003559,406,58,2,275.08,550.16,completed,2026-03-16 09:07:31
ORD-003560,374,22,4,166.08,664.32,completed,2026-04-26 18:38:17
ORD-003561,129,22,1,166.08,166.08,completed,2026-04-17 04:44:55
ORD-003562,221,95,4,627.59,2510.36,completed,2026-04-09 15:41:59
ORD-003563,444,90,5,861.53,4307.65,cancelled,2026-03-15 09:57:04
ORD-003564,499,7,4,526.92,2107.68,completed,2026-03-26 11:14:39
ORD-003565,90,48,3,634.44,1903.32,completed,2026-03-01 05:17:02
ORD-003566,356,17,1,45.53,45.53,completed,2026-03-19 03:42:09
ORD-003567,186,65,3,448.58,1345.74,completed,2026-03-05 14:46:51
ORD-003568,131,7,1,526.92,526.92,completed,2026-03-18 08:22:20
ORD-003569,240,84,3,544.62,1633.86,completed,2026-04-12 00:15:14
ORD-003570,433,95,2,627.59,1255.18,completed,2026-03-06 16:50:04
ORD-003571,79,15,2,735.73,1471.46,shipped,2026-03-01 16:57:12
ORD-003572,350,37,5,492.28,2461.4,cancelled,2026-03-22 06:06:51
ORD-003573,462,94,1,433.63,433.63,shipped,2026-04-02 08:02:20
ORD-003574,331,98,2,258.34,516.68,completed,2026-04-15 13:18:55
ORD-003575,445,63,2,820.86,1641.72,cancelled,2026-04-29 17:01:23
ORD-003576,420,69,4,370.39,1481.56,completed,2026-03-18 17:49:15
ORD-003577,336,61,3,251.26,753.78,cancelled,2026-03-16 23:32:27
ORD-003578,493,8,1,809.51,809.51,completed,2026-03-23 09:54:32
ORD-003579,100,6,3,613.86,1841.58,completed,2026-04-09 00:52:05
ORD-003580,167,50,5,365.03,1825.15,cancelled,2026-03-11 15:38:34
ORD-003581,458,65,2,448.58,897.16,completed,2026-04-13 01:16:35
ORD-003582,7,43,2,729.48,1458.96,completed,2026-03-05 12:52:27
ORD-003583,367,90,1,861.53,861.53,shipped,2026-03-29 21:29:00
ORD-003584,264,57,4,737.45,2949.8,completed,2026-03-29 13:33:55
ORD-003585,131,55,3,520.62,1561.86,completed,2026-04-19 13:50:51
ORD-003586,219,86,3,686.72,2060.16,completed,2026-04-14 14:27:54
ORD-003587,451,69,2,370.39,740.78,completed,2026-03-09 04:31:06
ORD-003588,318,89,1,816.79,816.79,completed,2026-03-31 02:03:15
ORD-003589,329,58,5,275.08,1375.4,completed,2026-04-24 23:26:00
ORD-003590,275,31,5,164.73,823.65,shipped,2026-04-23 18:38:42
ORD-003591,448,65,5,448.58,2242.9,cancelled,2026-03-19 14:41:57
ORD-003592,291,95,4,627.59,2510.36,cancelled,2026-03-10 01:21:01
ORD-003593,398,55,5,520.62,2603.1,completed,2026-03-28 05:16:05
ORD-003594,162,98,5,258.34,1291.7,shipped,2026-04-27 12:51:23
ORD-003595,54,75,2,508.34,1016.68,completed,2026-03-08 06:32:52
ORD-003596,120,58,2,275.08,550.16,completed,2026-04-14 10:16:47
ORD-003597,364,12,5,505.12,2525.6,completed,2026-03-27 10:06:58
ORD-003598,426,23,3,690.42,2071.26,cancelled,2026-04-22 16:34:57
ORD-003599,84,84,2,544.62,1089.24,cancelled,2026-03-24 07:38:00
ORD-003600,78,31,2,164.73,329.46,completed,2026-03-25 20:14:33
ORD-003601,201,83,5,342.57,1712.85,completed,2026-03-30 22:54:17
ORD-003602,444,73,2,772.5,1545.0,cancelled,2026-04-19 05:10:26
ORD-003603,86,7,5,526.92,2634.6,completed,2026-03-26 16:16:41
ORD-003604,8,16,1,200.02,200.02,completed,2026-03-09 19:44:29
ORD-003605,9,30,2,774.96,1549.92,completed,2026-03-05 23:55:24
ORD-003606,223,89,5,816.79,4083.95,shipped,2026-04-06 07:12:16
ORD-003607,261,15,1,735.73,735.73,cancelled,2026-03-03 22:54:54
ORD-003608,367,86,5,686.72,3433.6,shipped,2026-03-03 06:29:35
ORD-003609,419,16,1,200.02,200.02,completed,2026-03-26 20:57:21
ORD-003610,148,25,3,340.14,1020.42,completed,2026-04-06 20:36:59
ORD-003611,149,93,2,673.46,1346.92,completed,2026-03-04 03:51:53
ORD-003612,302,84,2,544.62,1089.24,cancelled,2026-03-20 20:54:13
ORD-003613,142,97,1,499.11,499.11,shipped,2026-03-11 06:25:47
ORD-003614,100,97,5,499.11,2495.55,completed,2026-03-20 18:57:59
ORD-003615,162,40,4,143.83,575.32,completed,2026-03-06 02:33:58
ORD-003616,235,5,1,470.71,470.71,shipped,2026-04-18 23:23:05
ORD-003617,484,24,1,583.06,583.06,completed,2026-04-07 13:50:38
ORD-003618,428,96,5,188.04,940.2,completed,2026-04-06 08:04:12
ORD-003619,224,43,1,729.48,729.48,shipped,2026-03-04 22:19:21
ORD-003620,48,86,4,686.72,2746.88,completed,2026-04-03 14:13:05
ORD-003621,154,2,4,813.08,3252.32,completed,2026-03-03 10:29:37
ORD-003622,145,91,1,194.57,194.57,completed,2026-03-16 15:48:56
ORD-003623,205,58,5,275.08,1375.4,cancelled,2026-04-10 20:20:18
ORD-003624,241,76,3,503.77,1511.31,completed,2026-03-12 01:28:38
ORD-003625,396,67,5,346.13,1730.65,cancelled,2026-04-30 10:37:40
ORD-003626,281,98,2,258.34,516.68,completed,2026-04-03 08:43:11
ORD-003627,274,38,5,344.45,1722.25,cancelled,2026-04-21 10:14:26
ORD-003628,199,73,5,772.5,3862.5,cancelled,2026-04-05 18:12:00
ORD-003629,277,59,1,887.2,887.2,shipped,2026-03-28 15:28:39
ORD-003630,290,72,5,765.16,3825.8,completed,2026-03-28 00:52:13
ORD-003631,249,61,5,251.26,1256.3,cancelled,2026-03-18 00:40:04
ORD-003632,412,10,3,123.09,369.27,cancelled,2026-04-29 10:29:33
ORD-003633,433,55,2,520.62,1041.24,completed,2026-04-07 07:29:15
ORD-003634,12,73,4,772.5,3090.0,cancelled,2026-03-04 10:16:19
ORD-003635,68,31,2,164.73,329.46,shipped,2026-04-29 20:50:00
ORD-003636,268,90,3,861.53,2584.59,cancelled,2026-04-01 01:01:26
ORD-003637,155,72,2,765.16,1530.32,completed,2026-04-06 23:27:55
ORD-003638,189,71,1,486.45,486.45,completed,2026-03-13 03:11:15
ORD-003639,262,10,4,123.09,492.36,completed,2026-04-07 11:46:51
ORD-003640,149,16,4,200.02,800.08,completed,2026-03-30 07:21:51
ORD-003641,198,86,2,686.72,1373.44,cancelled,2026-03-30 13:11:39
ORD-003642,345,24,1,583.06,583.06,cancelled,2026-04-24 04:16:24
ORD-003643,365,19,3,894.74,2684.22,cancelled,2026-04-25 01:50:36
ORD-003644,91,52,2,778.04,1556.08,completed,2026-04-03 14:18:20
ORD-003645,172,19,5,894.74,4473.7,cancelled,2026-03-01 06:36:50
ORD-003646,416,76,1,503.77,503.77,completed,2026-04-02 22:03:22
ORD-003647,54,93,3,673.46,2020.38,cancelled,2026-04-13 19:11:53
ORD-003648,427,45,3,220.4,661.2,completed,2026-04-07 06:18:06
ORD-003649,65,41,4,843.98,3375.92,completed,2026-03-12 05:35:05
ORD-003650,255,74,2,726.17,1452.34,completed,2026-04-22 10:37:55
ORD-003651,33,91,5,194.57,972.85,shipped,2026-04-29 22:11:16
ORD-003652,487,29,3,487.67,1463.01,completed,2026-04-04 13:59:01
ORD-003653,143,59,2,887.2,1774.4,shipped,2026-04-17 19:02:53
ORD-003654,313,23,5,690.42,3452.1,completed,2026-04-20 03:36:41
ORD-003655,46,93,3,673.46,2020.38,shipped,2026-04-30 21:52:24
ORD-003656,353,67,5,346.13,1730.65,completed,2026-04-19 18:08:29
ORD-003657,70,92,4,866.06,3464.24,shipped,2026-04-15 20:43:12
ORD-003658,474,10,4,123.09,492.36,completed,2026-03-01 04:15:27
ORD-003659,403,1,4,60.27,241.08,completed,2026-04-26 21:51:18
ORD-003660,295,72,1,765.16,765.16,completed,2026-04-25 19:46:14
ORD-003661,454,1,5,60.27,301.35,completed,2026-04-19 07:06:46
ORD-003662,219,85,1,70.14,70.14,completed,2026-04-10 17:13:50
ORD-003663,117,96,1,188.04,188.04,shipped,2026-03-14 10:47:37
ORD-003664,23,7,5,526.92,2634.6,completed,2026-04-22 16:43:57
ORD-003665,304,60,1,202.83,202.83,completed,2026-03-10 08:20:15
ORD-003666,132,88,1,434.06,434.06,completed,2026-04-30 06:22:59
ORD-003667,288,65,5,448.58,2242.9,completed,2026-03-11 12:37:52
ORD-003668,73,90,3,861.53,2584.59,cancelled,2026-04-16 00:29:06
ORD-003669,285,67,4,346.13,1384.52,cancelled,2026-04-04 02:24:22
ORD-003670,305,28,4,867.91,3471.64,completed,2026-04-08 19:12:44
ORD-003671,212,36,4,419.39,1677.56,completed,2026-03-12 19:47:33
ORD-003672,243,80,5,763.18,3815.9,completed,2026-03-02 18:51:26
ORD-003673,462,40,5,143.83,719.15,completed,2026-04-25 16:14:14
ORD-003674,79,5,3,470.71,1412.13,completed,2026-04-09 22:20:49
ORD-003675,207,100,5,281.04,1405.2,completed,2026-03-19 01:45:45
ORD-003676,457,88,2,434.06,868.12,completed,2026-04-26 06:57:03
ORD-003677,269,28,3,867.91,2603.73,completed,2026-04-02 14:40:42
ORD-003678,31,44,2,555.36,1110.72,shipped,2026-04-04 04:42:20
ORD-003679,382,35,5,25.35,126.75,shipped,2026-04-03 22:34:59
ORD-003680,113,58,2,275.08,550.16,completed,2026-03-24 04:02:59
ORD-003681,281,39,5,226.52,1132.6,completed,2026-03-29 16:53:31
ORD-003682,196,23,3,690.42,2071.26,completed,2026-03-10 15:42:16
ORD-003683,170,52,2,778.04,1556.08,completed,2026-03-27 22:16:23
ORD-003684,475,7,4,526.92,2107.68,completed,2026-03-09 07:49:21
ORD-003685,230,91,1,194.57,194.57,cancelled,2026-04-05 10:53:21
ORD-003686,492,43,3,729.48,2188.44,shipped,2026-04-25 10:44:21
ORD-003687,374,21,2,33.4,66.8,completed,2026-03-25 17:20:44
ORD-003688,462,77,1,352.64,352.64,completed,2026-03-27 11:51:53
ORD-003689,359,14,1,24.48,24.48,completed,2026-03-30 01:06:04
ORD-003690,53,94,1,433.63,433.63,completed,2026-03-19 02:09:06
ORD-003691,399,13,1,727.19,727.19,cancelled,2026-04-24 07:09:14
ORD-003692,73,50,1,365.03,365.03,completed,2026-03-23 23:18:17
ORD-003693,28,38,4,344.45,1377.8,completed,2026-03-18 09:50:05
ORD-003694,190,22,1,166.08,166.08,completed,2026-04-05 01:23:27
ORD-003695,350,41,3,843.98,2531.94,completed,2026-03-17 20:58:21
ORD-003696,94,1,1,60.27,60.27,shipped,2026-03-19 19:04:35
ORD-003697,6,41,5,843.98,4219.9,completed,2026-04-08 21:49:59
ORD-003698,57,54,1,214.57,214.57,completed,2026-04-25 12:22:02
ORD-003699,495,28,2,867.91,1735.82,cancelled,2026-03-03 11:21:55
ORD-003700,174,34,4,752.17,3008.68,completed,2026-03-21 01:30:46
ORD-003701,52,57,3,737.45,2212.35,shipped,2026-04-28 06:04:32
ORD-003702,238,91,2,194.57,389.14,cancelled,2026-03-07 19:17:54
ORD-003703,363,71,1,486.45,486.45,cancelled,2026-03-02 11:06:59
ORD-003704,468,87,3,605.95,1817.85,completed,2026-03-20 22:58:44
ORD-003705,202,86,1,686.72,686.72,completed,2026-04-27 23:38:46
ORD-003706,396,87,5,605.95,3029.75,completed,2026-04-17 12:55:46
ORD-003707,143,27,5,341.2,1706.0,completed,2026-04-23 23:53:27
ORD-003708,220,17,1,45.53,45.53,completed,2026-03-05 16:11:24
ORD-003709,33,65,5,448.58,2242.9,completed,2026-03-17 13:39:08
ORD-003710,466,70,3,341.93,1025.79,completed,2026-03-21 01:39:57
ORD-003711,316,29,3,487.67,1463.01,completed,2026-03-05 01:35:42
ORD-003712,466,70,3,341.93,1025.79,completed,2026-04-08 15:07:47
ORD-003713,24,88,5,434.06,2170.3,completed,2026-04-09 18:39:57
ORD-003714,209,50,1,365.03,365.03,shipped,2026-04-28 21:50:25
ORD-003715,10,73,5,772.5,3862.5,shipped,2026-04-30 00:32:54
ORD-003716,31,74,4,726.17,2904.68,completed,2026-03-01 04:03:59
ORD-003717,245,70,4,341.93,1367.72,completed,2026-03-16 08:00:29
ORD-003718,137,6,2,613.86,1227.72,completed,2026-03-31 05:45:39
ORD-003719,292,92,2,866.06,1732.12,completed,2026-03-19 16:56:33
ORD-003720,442,40,5,143.83,719.15,completed,2026-03-17 10:20:53
ORD-003721,235,3,1,517.57,517.57,shipped,2026-04-05 06:07:53
ORD-003722,5,98,2,258.34,516.68,completed,2026-04-09 12:03:17
ORD-003723,38,21,3,33.4,100.2,shipped,2026-03-08 23:35:52
ORD-003724,67,28,4,867.91,3471.64,shipped,2026-04-10 14:42:44
ORD-003725,276,24,3,583.06,1749.18,completed,2026-04-24 07:16:29
ORD-003726,96,24,5,583.06,2915.3,cancelled,2026-04-27 01:08:42
ORD-003727,158,90,2,861.53,1723.06,completed,2026-04-16 15:56:31
ORD-003728,293,13,1,727.19,727.19,completed,2026-04-30 22:50:13
ORD-003729,183,83,4,342.57,1370.28,completed,2026-03-08 22:18:39
ORD-003730,262,1,5,60.27,301.35,completed,2026-03-26 08:55:36
ORD-003731,46,32,1,356.79,356.79,shipped,2026-04-21 19:45:11
ORD-003732,316,51,4,488.09,1952.36,completed,2026-04-16 19:02:44
ORD-003733,172,37,3,492.28,1476.84,cancelled,2026-03-02 07:22:41
ORD-003734,439,72,5,765.16,3825.8,cancelled,2026-04-02 12:13:48
ORD-003735,378,24,1,583.06,583.06,cancelled,2026-04-20 02:23:40
ORD-003736,203,99,4,482.62,1930.48,completed,2026-04-11 17:54:08
ORD-003737,409,30,2,774.96,1549.92,completed,2026-04-04 17:28:35
ORD-003738,182,89,2,816.79,1633.58,cancelled,2026-04-01 10:31:38
ORD-003739,238,24,1,583.06,583.06,completed,2026-04-14 07:10:53
ORD-003740,465,89,5,816.79,4083.95,shipped,2026-04-22 23:57:37
ORD-003741,432,15,1,735.73,735.73,completed,2026-03-10 11:27:59
ORD-003742,97,29,5,487.67,2438.35,shipped,2026-04-30 17:24:45
ORD-003743,408,90,2,861.53,1723.06,cancelled,2026-04-24 00:26:32
ORD-003744,465,93,2,673.46,1346.92,cancelled,2026-04-26 11:09:48
ORD-003745,371,16,5,200.02,1000.1,completed,2026-03-25 06:12:08
ORD-003746,223,88,3,434.06,1302.18,completed,2026-03-25 20:33:39
ORD-003747,109,99,1,482.62,482.62,cancelled,2026-03-29 08:06:24
ORD-003748,42,48,3,634.44,1903.32,cancelled,2026-03-26 03:57:12
ORD-003749,354,41,5,843.98,4219.9,shipped,2026-03-14 07:06:56
ORD-003750,265,22,1,166.08,166.08,completed,2026-04-06 03:45:23
ORD-003751,470,91,1,194.57,194.57,completed,2026-03-13 11:37:59
ORD-003752,440,62,5,853.93,4269.65,completed,2026-03-13 02:00:50
ORD-003753,483,9,5,728.78,3643.9,completed,2026-04-06 01:50:23
ORD-003754,412,66,5,847.72,4238.6,cancelled,2026-03-31 17:43:27
ORD-003755,444,36,3,419.39,1258.17,completed,2026-03-05 12:40:38
ORD-003756,87,85,1,70.14,70.14,shipped,2026-03-29 18:58:19
ORD-003757,283,21,1,33.4,33.4,completed,2026-04-27 17:31:58
ORD-003758,321,79,3,75.77,227.31,completed,2026-03-27 19:21:34
ORD-003759,46,18,2,631.84,1263.68,completed,2026-04-27 14:49:35
ORD-003760,109,36,4,419.39,1677.56,completed,2026-04-13 00:09:30
ORD-003761,34,96,5,188.04,940.2,shipped,2026-03-14 20:00:21
ORD-003762,359,47,5,404.56,2022.8,completed,2026-03-23 16:51:13
ORD-003763,377,87,2,605.95,1211.9,completed,2026-03-14 01:09:39
ORD-003764,26,17,1,45.53,45.53,completed,2026-03-21 16:25:56
ORD-003765,67,92,2,866.06,1732.12,shipped,2026-04-16 19:13:24
ORD-003766,357,64,3,612.48,1837.44,completed,2026-03-07 19:22:09
ORD-003767,22,32,3,356.79,1070.37,completed,2026-03-16 16:56:17
ORD-003768,454,65,1,448.58,448.58,completed,2026-04-04 11:47:10
ORD-003769,2,53,3,130.42,391.26,completed,2026-04-05 16:49:34
ORD-003770,234,45,5,220.4,1102.0,shipped,2026-04-16 07:58:53
ORD-003771,50,46,4,95.3,381.2,cancelled,2026-03-04 02:43:01
ORD-003772,351,69,2,370.39,740.78,completed,2026-04-22 21:24:49
ORD-003773,213,84,2,544.62,1089.24,completed,2026-03-23 20:44:09
ORD-003774,21,61,3,251.26,753.78,completed,2026-04-06 01:51:33
ORD-003775,484,75,5,508.34,2541.7,completed,2026-04-17 19:39:19
ORD-003776,421,34,2,752.17,1504.34,completed,2026-03-08 04:17:43
ORD-003777,84,9,5,728.78,3643.9,completed,2026-04-06 09:43:56
ORD-003778,481,73,1,772.5,772.5,completed,2026-03-10 16:36:30
ORD-003779,29,54,4,214.57,858.28,completed,2026-04-30 05:45:22
ORD-003780,497,52,5,778.04,3890.2,shipped,2026-03-05 10:34:51
ORD-003781,197,51,4,488.09,1952.36,completed,2026-03-13 22:31:22
ORD-003782,44,90,4,861.53,3446.12,cancelled,2026-03-02 18:25:50
ORD-003783,31,66,4,847.72,3390.88,completed,2026-04-07 10:49:56
ORD-003784,154,75,3,508.34,1525.02,completed,2026-03-12 14:43:32
ORD-003785,351,57,4,737.45,2949.8,completed,2026-04-05 16:51:05
ORD-003786,291,78,2,186.99,373.98,shipped,2026-03-16 15:49:06
ORD-003787,310,45,1,220.4,220.4,shipped,2026-04-11 00:26:08
ORD-003788,434,22,4,166.08,664.32,completed,2026-04-18 19:17:10
ORD-003789,46,50,2,365.03,730.06,completed,2026-04-03 19:43:23
ORD-003790,341,19,3,894.74,2684.22,completed,2026-04-17 09:02:18
ORD-003791,285,95,3,627.59,1882.77,completed,2026-03-01 00:10:08
ORD-003792,436,35,2,25.35,50.7,cancelled,2026-04-24 05:15:39
ORD-003793,486,82,1,175.48,175.48,cancelled,2026-03-27 06:03:03
ORD-003794,477,88,5,434.06,2170.3,shipped,2026-04-24 01:19:32
ORD-003795,465,19,2,894.74,1789.48,completed,2026-03-15 12:40:19
ORD-003796,135,85,5,70.14,350.7,completed,2026-03-25 10:09:18
ORD-003797,455,26,5,406.44,2032.2,completed,2026-04-09 15:16:59
ORD-003798,499,93,3,673.46,2020.38,completed,2026-03-01 07:13:05
ORD-003799,121,47,1,404.56,404.56,completed,2026-04-07 04:38:39
ORD-003800,487,32,3,356.79,1070.37,completed,2026-03-01 16:38:04
ORD-003801,362,89,2,816.79,1633.58,completed,2026-04-26 21:08:07
ORD-003802,15,86,5,686.72,3433.6,completed,2026-03-30 09:13:49
ORD-003803,399,93,3,673.46,2020.38,shipped,2026-04-07 07:00:02
ORD-003804,256,89,5,816.79,4083.95,completed,2026-03-18 14:13:19
ORD-003805,370,59,4,887.2,3548.8,completed,2026-03-24 14:14:00
ORD-003806,190,26,3,406.44,1219.32,cancelled,2026-04-15 08:06:16
ORD-003807,477,61,3,251.26,753.78,cancelled,2026-04-05 09:55:20
ORD-003808,221,100,5,281.04,1405.2,completed,2026-04-06 21:41:07
ORD-003809,176,36,2,419.39,838.78,completed,2026-04-25 17:33:10
ORD-003810,294,48,1,634.44,634.44,completed,2026-03-27 23:42:42
ORD-003811,418,80,3,763.18,2289.54,completed,2026-03-29 20:48:47
ORD-003812,166,24,4,583.06,2332.24,completed,2026-03-23 18:48:30
ORD-003813,433,74,4,726.17,2904.68,shipped,2026-04-05 13:00:05
ORD-003814,7,24,1,583.06,583.06,shipped,2026-03-07 15:16:45
ORD-003815,398,36,2,419.39,838.78,cancelled,2026-04-15 10:36:14
ORD-003816,63,16,3,200.02,600.06,completed,2026-04-19 09:59:23
ORD-003817,299,7,3,526.92,1580.76,completed,2026-03-20 04:10:37
ORD-003818,419,32,2,356.79,713.58,completed,2026-03-01 08:52:26
ORD-003819,110,39,3,226.52,679.56,completed,2026-03-05 12:45:06
ORD-003820,337,58,5,275.08,1375.4,shipped,2026-04-04 15:59:23
ORD-003821,16,29,1,487.67,487.67,cancelled,2026-03-03 23:20:32
ORD-003822,421,83,1,342.57,342.57,completed,2026-03-30 04:40:24
ORD-003823,41,22,2,166.08,332.16,completed,2026-03-02 19:37:19
ORD-003824,470,94,5,433.63,2168.15,cancelled,2026-04-02 20:38:12
ORD-003825,186,36,3,419.39,1258.17,completed,2026-04-20 16:23:11
ORD-003826,409,95,2,627.59,1255.18,shipped,2026-04-03 05:35:45
ORD-003827,456,34,3,752.17,2256.51,shipped,2026-03-07 00:19:00
ORD-003828,330,7,1,526.92,526.92,completed,2026-03-30 16:56:13
ORD-003829,211,83,1,342.57,342.57,completed,2026-03-17 04:44:19
ORD-003830,237,95,2,627.59,1255.18,shipped,2026-04-16 07:48:32
ORD-003831,350,17,5,45.53,227.65,completed,2026-04-03 09:25:32
ORD-003832,2,53,2,130.42,260.84,completed,2026-04-18 06:57:35
ORD-003833,474,36,1,419.39,419.39,completed,2026-03-20 22:18:07
ORD-003834,33,20,4,887.59,3550.36,completed,2026-03-02 04:26:54
ORD-003835,338,48,3,634.44,1903.32,completed,2026-03-20 05:05:55
ORD-003836,248,5,1,470.71,470.71,completed,2026-03-03 18:28:00
ORD-003837,96,94,2,433.63,867.26,completed,2026-04-26 12:44:35
ORD-003838,14,60,2,202.83,405.66,cancelled,2026-04-23 08:30:40
ORD-003839,394,39,2,226.52,453.04,completed,2026-03-25 19:30:24
ORD-003840,356,98,4,258.34,1033.36,completed,2026-03-28 01:09:07
ORD-003841,102,64,2,612.48,1224.96,completed,2026-03-03 22:43:22
ORD-003842,180,26,4,406.44,1625.76,completed,2026-03-22 11:24:28
ORD-003843,308,67,4,346.13,1384.52,completed,2026-04-19 23:01:29
ORD-003844,177,74,4,726.17,2904.68,completed,2026-03-11 15:02:20
ORD-003845,424,93,3,673.46,2020.38,completed,2026-03-22 11:10:31
ORD-003846,328,31,2,164.73,329.46,shipped,2026-04-20 18:30:38
ORD-003847,309,30,5,774.96,3874.8,cancelled,2026-04-18 04:59:13
ORD-003848,437,23,1,690.42,690.42,shipped,2026-04-12 10:45:44
ORD-003849,116,89,2,816.79,1633.58,completed,2026-03-11 11:06:36
ORD-003850,260,30,4,774.96,3099.84,completed,2026-04-03 20:49:43
ORD-003851,465,5,4,470.71,1882.84,completed,2026-04-05 20:39:49
ORD-003852,96,71,4,486.45,1945.8,shipped,2026-04-28 05:22:44
ORD-003853,392,78,4,186.99,747.96,cancelled,2026-03-11 19:36:08
ORD-003854,51,21,2,33.4,66.8,completed,2026-04-06 22:35:44
ORD-003855,52,63,1,820.86,820.86,completed,2026-04-21 09:34:00
ORD-003856,348,83,5,342.57,1712.85,cancelled,2026-04-16 03:40:26
ORD-003857,494,81,2,484.39,968.78,shipped,2026-03-16 20:44:11
ORD-003858,274,86,4,686.72,2746.88,completed,2026-03-02 14:27:21
ORD-003859,167,100,4,281.04,1124.16,shipped,2026-03-31 16:42:26
ORD-003860,108,97,3,499.11,1497.33,completed,2026-04-22 18:42:56
ORD-003861,471,89,2,816.79,1633.58,cancelled,2026-04-21 18:07:27
ORD-003862,150,3,1,517.57,517.57,completed,2026-03-13 01:53:04
ORD-003863,79,20,3,887.59,2662.77,completed,2026-03-26 03:23:24
ORD-003864,194,23,3,690.42,2071.26,completed,2026-04-05 21:55:08
ORD-003865,336,80,3,763.18,2289.54,completed,2026-04-17 10:28:15
ORD-003866,405,50,2,365.03,730.06,shipped,2026-03-08 00:51:53
ORD-003867,59,32,1,356.79,356.79,cancelled,2026-03-07 00:24:58
ORD-003868,142,8,3,809.51,2428.53,completed,2026-04-05 06:05:42
ORD-003869,118,31,1,164.73,164.73,cancelled,2026-03-30 12:31:19
ORD-003870,166,40,1,143.83,143.83,completed,2026-03-20 03:32:59
ORD-003871,90,2,1,813.08,813.08,shipped,2026-04-16 09:58:10
ORD-003872,340,85,1,70.14,70.14,shipped,2026-03-29 13:33:26
ORD-003873,337,30,5,774.96,3874.8,completed,2026-03-08 06:45:34
ORD-003874,405,50,1,365.03,365.03,shipped,2026-04-10 13:55:13
ORD-003875,292,6,3,613.86,1841.58,completed,2026-04-10 14:50:45
ORD-003876,220,23,1,690.42,690.42,completed,2026-04-07 20:51:06
ORD-003877,169,10,1,123.09,123.09,shipped,2026-03-25 11:32:25
ORD-003878,296,35,1,25.35,25.35,shipped,2026-03-25 20:40:30
ORD-003879,231,76,2,503.77,1007.54,cancelled,2026-03-24 12:18:41
ORD-003880,31,64,3,612.48,1837.44,shipped,2026-03-10 17:16:10
ORD-003881,87,1,2,60.27,120.54,shipped,2026-04-29 14:45:58
ORD-003882,444,21,1,33.4,33.4,shipped,2026-04-26 01:19:35
ORD-003883,77,13,2,727.19,1454.38,completed,2026-03-15 20:43:50
ORD-003884,385,10,2,123.09,246.18,shipped,2026-03-25 15:07:45
ORD-003885,291,80,4,763.18,3052.72,shipped,2026-04-01 04:37:53
ORD-003886,243,52,1,778.04,778.04,completed,2026-03-25 04:57:01
ORD-003887,458,10,2,123.09,246.18,shipped,2026-04-03 06:08:23
ORD-003888,395,30,1,774.96,774.96,completed,2026-03-10 02:05:03
ORD-003889,346,17,4,45.53,182.12,completed,2026-03-20 09:49:21
ORD-003890,494,59,3,887.2,2661.6,cancelled,2026-03-17 03:00:01
ORD-003891,279,69,5,370.39,1851.95,shipped,2026-03-31 00:22:48
ORD-003892,480,46,2,95.3,190.6,completed,2026-03-08 00:47:35
ORD-003893,104,81,5,484.39,2421.95,completed,2026-03-04 12:45:30
ORD-003894,169,78,1,186.99,186.99,completed,2026-03-21 10:05:01
ORD-003895,327,25,1,340.14,340.14,completed,2026-03-29 02:56:52
ORD-003896,24,24,2,583.06,1166.12,completed,2026-04-23 18:43:50
ORD-003897,432,16,5,200.02,1000.1,completed,2026-04-26 11:11:07
ORD-003898,140,100,3,281.04,843.12,completed,2026-03-30 10:13:57
ORD-003899,246,73,4,772.5,3090.0,completed,2026-03-10 13:39:24
ORD-003900,216,92,1,866.06,866.06,cancelled,2026-04-30 18:53:34
ORD-003901,279,60,4,202.83,811.32,shipped,2026-04-11 12:44:35
ORD-003902,230,64,4,612.48,2449.92,cancelled,2026-04-11 03:09:35
ORD-003903,215,58,3,275.08,825.24,completed,2026-03-05 20:45:32
ORD-003904,132,50,3,365.03,1095.09,completed,2026-04-03 22:46:14
ORD-003905,181,5,1,470.71,470.71,completed,2026-04-04 15:06:24
ORD-003906,20,90,2,861.53,1723.06,cancelled,2026-03-31 16:44:54
ORD-003907,219,95,4,627.59,2510.36,cancelled,2026-04-13 03:25:39
ORD-003908,57,24,4,583.06,2332.24,cancelled,2026-04-02 21:07:16
ORD-003909,357,84,3,544.62,1633.86,shipped,2026-04-22 03:16:20
ORD-003910,356,29,3,487.67,1463.01,completed,2026-04-17 22:11:46
ORD-003911,92,76,4,503.77,2015.08,completed,2026-03-15 23:42:38
ORD-003912,83,45,1,220.4,220.4,shipped,2026-04-20 04:44:21
ORD-003913,121,53,2,130.42,260.84,completed,2026-04-03 13:05:17
ORD-003914,318,41,5,843.98,4219.9,cancelled,2026-04-12 04:54:11
ORD-003915,179,73,3,772.5,2317.5,completed,2026-03-22 09:40:27
ORD-003916,498,53,4,130.42,521.68,completed,2026-04-15 13:07:51
ORD-003917,382,97,3,499.11,1497.33,completed,2026-03-06 13:21:47
ORD-003918,406,40,3,143.83,431.49,completed,2026-03-11 21:20:33
ORD-003919,476,79,1,75.77,75.77,cancelled,2026-04-05 03:16:10
ORD-003920,125,76,2,503.77,1007.54,completed,2026-03-13 01:52:59
ORD-003921,116,36,5,419.39,2096.95,cancelled,2026-04-02 13:37:13
ORD-003922,270,35,4,25.35,101.4,cancelled,2026-04-14 23:22:29
ORD-003923,304,22,2,166.08,332.16,completed,2026-04-16 22:15:43
ORD-003924,371,65,4,448.58,1794.32,shipped,2026-04-22 01:57:24
ORD-003925,329,93,2,673.46,1346.92,cancelled,2026-03-25 04:35:16
ORD-003926,81,75,3,508.34,1525.02,completed,2026-04-24 14:55:40
ORD-003927,32,2,5,813.08,4065.4,completed,2026-04-02 19:18:01
ORD-003928,246,15,4,735.73,2942.92,completed,2026-03-13 22:25:18
ORD-003929,147,39,5,226.52,1132.6,shipped,2026-04-08 16:59:01
ORD-003930,68,48,3,634.44,1903.32,completed,2026-03-31 02:40:44
ORD-003931,155,5,2,470.71,941.42,completed,2026-04-30 22:26:16
ORD-003932,196,73,4,772.5,3090.0,completed,2026-03-07 12:55:04
ORD-003933,28,19,5,894.74,4473.7,completed,2026-04-16 03:22:19
ORD-003934,399,19,3,894.74,2684.22,completed,2026-04-24 19:02:07
ORD-003935,443,27,4,341.2,1364.8,completed,2026-04-09 09:40:26
ORD-003936,170,68,5,290.27,1451.35,cancelled,2026-04-05 17:04:16
ORD-003937,482,44,4,555.36,2221.44,shipped,2026-04-30 03:46:46
ORD-003938,484,11,5,413.83,2069.15,completed,2026-03-22 16:02:54
ORD-003939,97,34,3,752.17,2256.51,completed,2026-03-26 13:08:16
ORD-003940,114,90,3,861.53,2584.59,completed,2026-04-05 09:52:39
ORD-003941,282,10,2,123.09,246.18,completed,2026-03-02 04:15:54
ORD-003942,98,7,2,526.92,1053.84,shipped,2026-04-12 17:19:00
ORD-003943,100,21,2,33.4,66.8,completed,2026-04-28 14:56:48
ORD-003944,209,59,3,887.2,2661.6,completed,2026-04-19 14:20:50
ORD-003945,119,84,1,544.62,544.62,shipped,2026-04-29 13:01:54
ORD-003946,380,92,5,866.06,4330.3,shipped,2026-04-04 05:38:03
ORD-003947,406,70,1,341.93,341.93,completed,2026-04-28 03:53:47
ORD-003948,196,91,2,194.57,389.14,cancelled,2026-03-25 13:47:04
ORD-003949,46,7,2,526.92,1053.84,shipped,2026-03-05 00:11:43
ORD-003950,135,57,3,737.45,2212.35,completed,2026-04-26 07:02:25
ORD-003951,30,5,3,470.71,1412.13,completed,2026-04-17 12:24:09
ORD-003952,485,30,5,774.96,3874.8,completed,2026-03-11 10:39:08
ORD-003953,313,21,2,33.4,66.8,completed,2026-03-09 03:38:40
ORD-003954,230,55,4,520.62,2082.48,completed,2026-04-09 17:24:14
ORD-003955,69,94,2,433.63,867.26,cancelled,2026-04-18 16:40:50
ORD-003956,5,20,5,887.59,4437.95,completed,2026-03-11 15:29:19
ORD-003957,294,3,2,517.57,1035.14,completed,2026-04-09 09:23:25
ORD-003958,118,28,2,867.91,1735.82,completed,2026-03-05 23:38:15
ORD-003959,240,29,2,487.67,975.34,shipped,2026-04-14 09:08:05
ORD-003960,402,9,1,728.78,728.78,shipped,2026-03-19 08:25:31
ORD-003961,73,47,1,404.56,404.56,shipped,2026-04-02 08:27:30
ORD-003962,128,79,5,75.77,378.85,completed,2026-04-08 12:31:28
ORD-003963,108,23,3,690.42,2071.26,completed,2026-03-20 10:31:18
ORD-003964,377,11,2,413.83,827.66,cancelled,2026-03-03 15:35:45
ORD-003965,88,72,3,765.16,2295.48,completed,2026-03-09 06:14:45
ORD-003966,24,4,2,152.26,304.52,completed,2026-04-13 19:12:04
ORD-003967,485,70,3,341.93,1025.79,cancelled,2026-04-01 21:31:14
ORD-003968,368,95,1,627.59,627.59,completed,2026-04-25 07:27:45
ORD-003969,452,21,2,33.4,66.8,completed,2026-04-12 22:06:09
ORD-003970,470,8,4,809.51,3238.04,completed,2026-03-09 08:56:31
ORD-003971,426,85,5,70.14,350.7,shipped,2026-04-01 20:18:05
ORD-003972,212,83,4,342.57,1370.28,completed,2026-04-10 14:31:03
ORD-003973,474,80,5,763.18,3815.9,completed,2026-03-02 17:20:30
ORD-003974,278,7,4,526.92,2107.68,completed,2026-04-07 00:42:18
ORD-003975,323,69,4,370.39,1481.56,completed,2026-04-21 06:55:07
ORD-003976,93,44,5,555.36,2776.8,completed,2026-03-06 21:40:00
ORD-003977,401,41,5,843.98,4219.9,completed,2026-04-28 02:42:12
ORD-003978,145,50,4,365.03,1460.12,completed,2026-03-13 04:33:57
ORD-003979,249,65,2,448.58,897.16,completed,2026-03-01 14:59:33
ORD-003980,394,81,2,484.39,968.78,completed,2026-04-02 03:07:23
ORD-003981,45,24,1,583.06,583.06,completed,2026-04-22 20:55:20
ORD-003982,22,16,5,200.02,1000.1,completed,2026-04-01 05:18:13
ORD-003983,213,90,3,861.53,2584.59,cancelled,2026-03-17 03:52:24
ORD-003984,442,7,1,526.92,526.92,shipped,2026-04-01 22:11:55
ORD-003985,478,38,1,344.45,344.45,completed,2026-03-10 01:05:20
ORD-003986,301,77,2,352.64,705.28,cancelled,2026-04-08 20:13:46
ORD-003987,92,80,3,763.18,2289.54,cancelled,2026-03-17 11:04:35
ORD-003988,89,41,1,843.98,843.98,completed,2026-03-30 20:17:08
ORD-003989,384,19,4,894.74,3578.96,completed,2026-03-01 09:52:49
ORD-003990,94,32,2,356.79,713.58,completed,2026-03-26 07:27:21
ORD-003991,77,3,3,517.57,1552.71,completed,2026-03-07 13:28:06
ORD-003992,348,15,4,735.73,2942.92,completed,2026-04-19 10:16:42
ORD-003993,196,88,3,434.06,1302.18,completed,2026-03-24 00:28:42
ORD-003994,419,25,1,340.14,340.14,completed,2026-03-17 04:21:17
ORD-003995,227,26,3,406.44,1219.32,completed,2026-04-12 13:00:11
ORD-003996,256,40,5,143.83,719.15,cancelled,2026-03-08 05:07:11
ORD-003997,7,77,5,352.64,1763.2,completed,2026-03-02 11:57:49
ORD-003998,6,60,1,202.83,202.83,completed,2026-03-10 17:56:55
ORD-003999,351,79,4,75.77,303.08,completed,2026-03-12 05:31:23
ORD-004000,98,10,5,123.09,615.45,shipped,2026-03-12 12:35:46
ORD-004001,204,64,3,612.48,1837.44,shipped,2026-03-22 17:23:10
ORD-004002,380,82,2,175.48,350.96,completed,2026-04-20 02:14:14
ORD-004003,232,54,2,214.57,429.14,shipped,2026-04-13 17:15:54
ORD-004004,82,61,3,251.26,753.78,completed,2026-03-11 17:47:33
ORD-004005,42,73,2,772.5,1545.0,shipped,2026-04-29 08:46:05
ORD-004006,415,45,5,220.4,1102.0,cancelled,2026-04-25 18:50:20
ORD-004007,294,18,1,631.84,631.84,completed,2026-03-20 10:34:10
ORD-004008,37,20,5,887.59,4437.95,completed,2026-04-12 19:44:22
ORD-004009,78,99,4,482.62,1930.48,cancelled,2026-04-17 22:28:10
ORD-004010,206,41,3,843.98,2531.94,completed,2026-03-13 02:49:34
ORD-004011,331,56,2,540.14,1080.28,shipped,2026-04-01 18:23:13
ORD-004012,341,23,5,690.42,3452.1,completed,2026-03-15 13:11:57
ORD-004013,172,6,4,613.86,2455.44,completed,2026-04-06 21:13:59
ORD-004014,343,80,5,763.18,3815.9,cancelled,2026-04-29 00:28:08
ORD-004015,371,44,1,555.36,555.36,completed,2026-04-18 16:32:42
ORD-004016,23,29,5,487.67,2438.35,completed,2026-03-13 22:31:39
ORD-004017,361,74,5,726.17,3630.85,completed,2026-03-07 15:49:41
ORD-004018,49,9,1,728.78,728.78,completed,2026-04-19 18:28:19
ORD-004019,262,10,3,123.09,369.27,completed,2026-03-14 13:13:14
ORD-004020,446,92,3,866.06,2598.18,shipped,2026-03-27 18:24:21
ORD-004021,206,70,4,341.93,1367.72,completed,2026-03-27 05:48:50
ORD-004022,57,2,1,813.08,813.08,cancelled,2026-03-13 02:46:45
ORD-004023,30,42,3,690.11,2070.33,shipped,2026-03-26 04:26:24
ORD-004024,429,40,3,143.83,431.49,completed,2026-03-13 19:08:14
ORD-004025,476,6,4,613.86,2455.44,cancelled,2026-04-19 03:14:47
ORD-004026,246,64,4,612.48,2449.92,completed,2026-03-21 04:54:24
ORD-004027,327,41,5,843.98,4219.9,shipped,2026-04-10 09:53:02
ORD-004028,397,37,4,492.28,1969.12,completed,2026-03-14 12:41:04
ORD-004029,112,77,4,352.64,1410.56,completed,2026-03-15 19:17:33
ORD-004030,73,85,2,70.14,140.28,shipped,2026-04-23 01:46:19
ORD-004031,94,19,2,894.74,1789.48,completed,2026-04-26 16:57:43
ORD-004032,84,40,1,143.83,143.83,cancelled,2026-04-28 13:38:54
ORD-004033,145,33,5,656.43,3282.15,shipped,2026-04-17 19:53:40
ORD-004034,47,66,5,847.72,4238.6,shipped,2026-03-12 19:55:31
ORD-004035,302,79,4,75.77,303.08,cancelled,2026-04-21 09:12:32
ORD-004036,354,77,5,352.64,1763.2,cancelled,2026-04-13 03:03:06
ORD-004037,57,13,2,727.19,1454.38,cancelled,2026-03-29 16:44:56
ORD-004038,217,3,1,517.57,517.57,shipped,2026-04-16 08:16:19
ORD-004039,32,3,2,517.57,1035.14,completed,2026-03-16 23:55:21
ORD-004040,277,45,2,220.4,440.8,completed,2026-03-14 18:07:39
ORD-004041,447,25,5,340.14,1700.7,completed,2026-04-05 17:08:07
ORD-004042,168,1,3,60.27,180.81,completed,2026-03-21 22:18:37
ORD-004043,461,35,2,25.35,50.7,completed,2026-03-05 04:43:23
ORD-004044,284,71,1,486.45,486.45,completed,2026-03-02 11:03:53
ORD-004045,393,54,5,214.57,1072.85,cancelled,2026-04-20 03:26:43
ORD-004046,274,8,1,809.51,809.51,shipped,2026-04-02 09:30:20
ORD-004047,478,21,4,33.4,133.6,completed,2026-03-13 08:07:14
ORD-004048,456,30,2,774.96,1549.92,completed,2026-03-07 03:45:49
ORD-004049,345,65,5,448.58,2242.9,completed,2026-03-04 09:58:10
ORD-004050,259,28,4,867.91,3471.64,completed,2026-04-04 20:58:02
ORD-004051,494,82,1,175.48,175.48,cancelled,2026-03-05 01:01:20
ORD-004052,233,97,4,499.11,1996.44,completed,2026-04-19 09:31:20
ORD-004053,495,32,4,356.79,1427.16,completed,2026-03-26 12:54:22
ORD-004054,340,1,1,60.27,60.27,cancelled,2026-04-18 18:21:17
ORD-004055,368,21,2,33.4,66.8,cancelled,2026-03-04 15:47:09
ORD-004056,435,20,1,887.59,887.59,cancelled,2026-03-18 04:19:08
ORD-004057,237,94,2,433.63,867.26,cancelled,2026-04-08 17:11:52
ORD-004058,167,94,1,433.63,433.63,completed,2026-03-28 06:38:16
ORD-004059,49,52,4,778.04,3112.16,completed,2026-03-30 09:57:34
ORD-004060,86,55,3,520.62,1561.86,completed,2026-03-09 02:48:36
ORD-004061,439,82,5,175.48,877.4,completed,2026-03-28 20:20:34
ORD-004062,240,32,1,356.79,356.79,cancelled,2026-03-22 19:21:37
ORD-004063,471,57,4,737.45,2949.8,cancelled,2026-04-23 07:13:43
ORD-004064,215,89,1,816.79,816.79,cancelled,2026-04-08 02:23:40
ORD-004065,180,69,2,370.39,740.78,shipped,2026-03-27 13:07:02
ORD-004066,360,23,1,690.42,690.42,shipped,2026-03-16 18:30:51
ORD-004067,274,49,3,224.04,672.12,shipped,2026-03-17 09:27:50
ORD-004068,295,98,2,258.34,516.68,completed,2026-03-22 11:06:54
ORD-004069,158,18,3,631.84,1895.52,cancelled,2026-04-02 16:34:03
ORD-004070,176,65,5,448.58,2242.9,completed,2026-03-25 18:05:00
ORD-004071,322,29,5,487.67,2438.35,completed,2026-04-13 08:09:24
ORD-004072,454,98,4,258.34,1033.36,completed,2026-03-14 13:09:19
ORD-004073,138,75,5,508.34,2541.7,shipped,2026-04-29 07:47:47
ORD-004074,303,19,5,894.74,4473.7,completed,2026-04-04 08:35:50
ORD-004075,203,9,4,728.78,2915.12,shipped,2026-03-25 01:28:22
ORD-004076,401,3,5,517.57,2587.85,cancelled,2026-04-30 03:51:25
ORD-004077,131,59,3,887.2,2661.6,cancelled,2026-03-18 05:52:03
ORD-004078,146,46,5,95.3,476.5,shipped,2026-03-07 03:12:41
ORD-004079,411,36,1,419.39,419.39,cancelled,2026-03-29 16:57:13
ORD-004080,237,65,3,448.58,1345.74,completed,2026-04-23 09:02:16
ORD-004081,176,37,4,492.28,1969.12,completed,2026-03-28 01:03:56
ORD-004082,55,52,5,778.04,3890.2,shipped,2026-03-27 04:35:11
ORD-004083,136,38,5,344.45,1722.25,completed,2026-03-27 22:58:56
ORD-004084,86,41,1,843.98,843.98,cancelled,2026-03-11 01:58:31
ORD-004085,61,51,1,488.09,488.09,completed,2026-04-10 17:46:40
ORD-004086,21,21,4,33.4,133.6,shipped,2026-04-22 07:18:00
ORD-004087,462,52,3,778.04,2334.12,completed,2026-03-26 02:05:18
ORD-004088,274,3,5,517.57,2587.85,completed,2026-04-19 14:08:58
ORD-004089,1,46,5,95.3,476.5,cancelled,2026-04-24 15:56:16
ORD-004090,448,70,5,341.93,1709.65,completed,2026-03-26 17:05:03
ORD-004091,283,43,4,729.48,2917.92,completed,2026-04-11 04:18:29
ORD-004092,135,80,5,763.18,3815.9,completed,2026-03-14 06:45:08
ORD-004093,8,71,3,486.45,1459.35,completed,2026-04-04 15:23:14
ORD-004094,25,58,3,275.08,825.24,completed,2026-03-03 23:32:13
ORD-004095,369,28,1,867.91,867.91,shipped,2026-03-18 11:26:32
ORD-004096,455,98,4,258.34,1033.36,cancelled,2026-04-24 02:26:23
ORD-004097,199,46,2,95.3,190.6,completed,2026-04-29 10:59:11
ORD-004098,99,13,5,727.19,3635.95,shipped,2026-04-14 03:25:01
ORD-004099,292,70,3,341.93,1025.79,completed,2026-04-03 07:39:32
ORD-004100,335,65,4,448.58,1794.32,completed,2026-03-03 23:17:24
ORD-004101,450,68,4,290.27,1161.08,completed,2026-04-20 08:54:38
ORD-004102,219,4,1,152.26,152.26,completed,2026-03-21 16:34:16
ORD-004103,139,89,1,816.79,816.79,completed,2026-04-27 15:35:33
ORD-004104,305,39,3,226.52,679.56,completed,2026-04-22 02:06:07
ORD-004105,489,51,4,488.09,1952.36,shipped,2026-04-13 11:30:50
ORD-004106,85,72,4,765.16,3060.64,completed,2026-03-09 10:22:30
ORD-004107,60,5,4,470.71,1882.84,completed,2026-04-21 19:24:39
ORD-004108,447,45,5,220.4,1102.0,shipped,2026-03-23 08:07:08
ORD-004109,394,18,3,631.84,1895.52,completed,2026-03-02 08:30:33
ORD-004110,5,24,2,583.06,1166.12,completed,2026-04-23 01:49:39
ORD-004111,332,31,2,164.73,329.46,completed,2026-03-02 00:52:23
ORD-004112,158,57,1,737.45,737.45,shipped,2026-04-14 05:50:08
ORD-004113,351,50,3,365.03,1095.09,completed,2026-03-27 13:29:37
ORD-004114,224,48,5,634.44,3172.2,completed,2026-04-16 02:07:35
ORD-004115,274,22,1,166.08,166.08,completed,2026-03-07 15:33:43
ORD-004116,497,41,1,843.98,843.98,completed,2026-03-30 21:01:14
ORD-004117,112,37,3,492.28,1476.84,completed,2026-03-15 11:20:27
ORD-004118,380,22,5,166.08,830.4,completed,2026-04-27 23:52:45
ORD-004119,485,51,2,488.09,976.18,completed,2026-03-19 17:16:14
ORD-004120,74,9,4,728.78,2915.12,shipped,2026-04-15 00:41:42
ORD-004121,275,64,2,612.48,1224.96,cancelled,2026-04-03 14:08:39
ORD-004122,285,94,2,433.63,867.26,completed,2026-03-22 11:23:03
ORD-004123,88,92,3,866.06,2598.18,completed,2026-03-26 12:10:38
ORD-004124,72,75,3,508.34,1525.02,completed,2026-04-20 11:23:33
ORD-004125,168,13,4,727.19,2908.76,shipped,2026-04-23 05:42:36
ORD-004126,35,48,5,634.44,3172.2,completed,2026-04-25 07:39:58
ORD-004127,25,44,1,555.36,555.36,completed,2026-03-28 00:49:03
ORD-004128,230,40,5,143.83,719.15,shipped,2026-04-25 14:35:41
ORD-004129,392,40,3,143.83,431.49,completed,2026-03-31 15:36:52
ORD-004130,153,82,2,175.48,350.96,shipped,2026-04-08 18:51:40
ORD-004131,61,68,3,290.27,870.81,completed,2026-04-23 07:12:24
ORD-004132,236,75,3,508.34,1525.02,completed,2026-03-17 03:12:28
ORD-004133,105,34,3,752.17,2256.51,completed,2026-03-07 02:02:40
ORD-004134,274,43,2,729.48,1458.96,completed,2026-03-30 05:24:42
ORD-004135,112,29,2,487.67,975.34,shipped,2026-04-23 04:42:32
ORD-004136,123,11,1,413.83,413.83,cancelled,2026-03-17 16:40:50
ORD-004137,263,77,2,352.64,705.28,shipped,2026-04-03 22:38:14
ORD-004138,416,65,5,448.58,2242.9,cancelled,2026-03-05 17:37:32
ORD-004139,246,9,3,728.78,2186.34,cancelled,2026-03-11 17:39:42
ORD-004140,424,61,2,251.26,502.52,cancelled,2026-04-30 13:36:53
ORD-004141,161,56,2,540.14,1080.28,completed,2026-04-10 21:43:16
ORD-004142,210,16,4,200.02,800.08,completed,2026-03-17 12:52:08
ORD-004143,374,85,2,70.14,140.28,completed,2026-03-02 12:04:43
ORD-004144,263,62,5,853.93,4269.65,cancelled,2026-04-27 20:18:13
ORD-004145,97,14,3,24.48,73.44,completed,2026-04-03 06:35:00
ORD-004146,377,36,4,419.39,1677.56,shipped,2026-03-30 20:48:36
ORD-004147,304,57,4,737.45,2949.8,shipped,2026-03-02 18:04:50
ORD-004148,108,76,1,503.77,503.77,shipped,2026-04-11 15:49:37
ORD-004149,132,18,5,631.84,3159.2,shipped,2026-03-23 03:02:37
ORD-004150,27,81,4,484.39,1937.56,cancelled,2026-04-14 11:34:05
ORD-004151,354,76,5,503.77,2518.85,completed,2026-03-24 22:56:40
ORD-004152,284,15,1,735.73,735.73,completed,2026-03-27 02:18:57
ORD-004153,273,62,2,853.93,1707.86,completed,2026-03-25 23:22:57
ORD-004154,361,88,3,434.06,1302.18,completed,2026-04-20 20:32:02
ORD-004155,149,70,5,341.93,1709.65,completed,2026-04-04 04:59:32
ORD-004156,377,22,3,166.08,498.24,cancelled,2026-04-06 13:55:02
ORD-004157,385,100,5,281.04,1405.2,cancelled,2026-04-11 01:27:14
ORD-004158,225,93,4,673.46,2693.84,completed,2026-03-24 10:30:11
ORD-004159,169,72,3,765.16,2295.48,cancelled,2026-03-09 06:08:59
ORD-004160,380,45,5,220.4,1102.0,completed,2026-04-22 05:07:44
ORD-004161,37,76,1,503.77,503.77,shipped,2026-04-19 18:46:37
ORD-004162,312,96,5,188.04,940.2,completed,2026-04-01 04:22:57
ORD-004163,97,18,3,631.84,1895.52,cancelled,2026-03-28 04:19:23
ORD-004164,475,58,1,275.08,275.08,completed,2026-04-01 23:28:35
ORD-004165,469,97,5,499.11,2495.55,completed,2026-03-28 13:06:17
ORD-004166,407,43,1,729.48,729.48,completed,2026-03-11 14:19:12
ORD-004167,268,55,4,520.62,2082.48,shipped,2026-03-13 18:10:45
ORD-004168,372,67,1,346.13,346.13,completed,2026-04-25 17:21:56
ORD-004169,258,82,1,175.48,175.48,completed,2026-04-17 04:46:13
ORD-004170,59,97,4,499.11,1996.44,completed,2026-03-07 04:28:17
ORD-004171,428,74,2,726.17,1452.34,cancelled,2026-03-22 06:05:54
ORD-004172,296,11,3,413.83,1241.49,completed,2026-03-01 11:44:47
ORD-004173,323,3,5,517.57,2587.85,completed,2026-03-19 03:08:35
ORD-004174,25,14,4,24.48,97.92,completed,2026-04-01 02:59:20
ORD-004175,474,41,2,843.98,1687.96,shipped,2026-03-26 08:31:05
ORD-004176,46,75,2,508.34,1016.68,completed,2026-04-16 10:23:43
ORD-004177,387,96,5,188.04,940.2,shipped,2026-03-27 23:14:52
ORD-004178,100,96,1,188.04,188.04,completed,2026-03-12 12:24:25
ORD-004179,63,87,4,605.95,2423.8,cancelled,2026-04-29 19:34:30
ORD-004180,128,31,5,164.73,823.65,cancelled,2026-04-25 23:37:13
ORD-004181,69,17,5,45.53,227.65,completed,2026-03-31 12:48:32
ORD-004182,22,45,1,220.4,220.4,cancelled,2026-04-15 08:28:06
ORD-004183,409,8,5,809.51,4047.55,completed,2026-04-10 04:31:15
ORD-004184,168,65,1,448.58,448.58,completed,2026-04-28 13:40:54
ORD-004185,106,18,3,631.84,1895.52,shipped,2026-04-17 07:12:51
ORD-004186,255,9,3,728.78,2186.34,completed,2026-03-02 04:40:10
ORD-004187,41,49,4,224.04,896.16,completed,2026-04-22 07:59:06
ORD-004188,206,89,3,816.79,2450.37,cancelled,2026-03-29 02:10:12
ORD-004189,409,32,2,356.79,713.58,cancelled,2026-04-08 15:11:22
ORD-004190,279,8,1,809.51,809.51,completed,2026-03-21 11:50:40
ORD-004191,325,97,4,499.11,1996.44,completed,2026-04-25 10:38:54
ORD-004192,172,58,2,275.08,550.16,shipped,2026-04-25 00:18:37
ORD-004193,291,49,2,224.04,448.08,completed,2026-03-24 06:15:23
ORD-004194,52,46,3,95.3,285.9,shipped,2026-03-11 19:47:17
ORD-004195,22,38,2,344.45,688.9,completed,2026-04-05 01:39:55
ORD-004196,94,66,2,847.72,1695.44,shipped,2026-03-31 06:17:59
ORD-004197,216,4,2,152.26,304.52,shipped,2026-03-27 02:21:18
ORD-004198,152,53,1,130.42,130.42,completed,2026-04-09 14:55:15
ORD-004199,132,67,1,346.13,346.13,completed,2026-04-06 14:43:12
ORD-004200,458,91,4,194.57,778.28,completed,2026-04-26 22:43:38
ORD-004201,325,80,4,763.18,3052.72,completed,2026-03-01 12:13:41
ORD-004202,471,43,5,729.48,3647.4,completed,2026-03-06 00:53:14
ORD-004203,494,53,3,130.42,391.26,completed,2026-04-28 10:24:31
ORD-004204,280,5,2,470.71,941.42,completed,2026-03-19 03:36:12
ORD-004205,136,18,4,631.84,2527.36,completed,2026-04-17 23:41:56
ORD-004206,69,63,4,820.86,3283.44,cancelled,2026-04-17 08:37:39
ORD-004207,347,14,3,24.48,73.44,completed,2026-03-21 14:33:51
ORD-004208,118,59,1,887.2,887.2,cancelled,2026-03-28 02:55:08
ORD-004209,295,41,2,843.98,1687.96,shipped,2026-03-02 23:12:48
ORD-004210,206,74,1,726.17,726.17,completed,2026-04-04 05:58:01
ORD-004211,292,89,5,816.79,4083.95,completed,2026-03-21 23:52:09
ORD-004212,481,23,5,690.42,3452.1,cancelled,2026-03-27 13:52:14
ORD-004213,447,66,4,847.72,3390.88,completed,2026-03-13 14:11:01
ORD-004214,426,97,3,499.11,1497.33,completed,2026-04-23 15:21:59
ORD-004215,64,69,4,370.39,1481.56,shipped,2026-04-22 06:07:29
ORD-004216,496,35,2,25.35,50.7,shipped,2026-04-29 00:37:58
ORD-004217,388,71,5,486.45,2432.25,shipped,2026-04-23 20:09:12
ORD-004218,485,35,1,25.35,25.35,completed,2026-04-18 12:53:35
ORD-004219,462,76,5,503.77,2518.85,completed,2026-03-13 04:58:07
ORD-004220,241,65,4,448.58,1794.32,shipped,2026-04-17 04:02:04
ORD-004221,375,84,3,544.62,1633.86,completed,2026-03-29 15:54:04
ORD-004222,231,28,4,867.91,3471.64,completed,2026-04-12 06:42:35
ORD-004223,310,33,1,656.43,656.43,completed,2026-04-16 23:41:36
ORD-004224,99,80,1,763.18,763.18,cancelled,2026-03-01 11:17:22
ORD-004225,280,82,4,175.48,701.92,completed,2026-04-29 17:13:03
ORD-004226,404,51,2,488.09,976.18,completed,2026-04-08 14:22:11
ORD-004227,434,6,3,613.86,1841.58,completed,2026-04-26 00:08:41
ORD-004228,371,30,1,774.96,774.96,completed,2026-03-22 22:43:53
ORD-004229,138,58,4,275.08,1100.32,completed,2026-04-22 23:44:01
ORD-004230,354,9,1,728.78,728.78,cancelled,2026-04-27 05:59:13
ORD-004231,111,91,3,194.57,583.71,completed,2026-04-24 03:25:41
ORD-004232,431,35,3,25.35,76.05,cancelled,2026-03-12 15:15:17
ORD-004233,248,83,1,342.57,342.57,cancelled,2026-04-27 01:22:34
ORD-004234,74,40,1,143.83,143.83,completed,2026-03-21 18:44:28
ORD-004235,374,70,4,341.93,1367.72,cancelled,2026-04-29 02:36:51
ORD-004236,131,61,2,251.26,502.52,cancelled,2026-03-14 09:48:32
ORD-004237,192,53,2,130.42,260.84,completed,2026-04-19 17:32:21
ORD-004238,95,64,3,612.48,1837.44,completed,2026-03-11 18:45:06
ORD-004239,345,2,3,813.08,2439.24,completed,2026-03-08 00:29:29
ORD-004240,274,23,4,690.42,2761.68,cancelled,2026-04-24 20:04:20
ORD-004241,196,7,1,526.92,526.92,cancelled,2026-04-18 12:52:41
ORD-004242,111,56,1,540.14,540.14,completed,2026-03-17 10:06:39
ORD-004243,205,61,1,251.26,251.26,shipped,2026-04-21 04:06:55
ORD-004244,399,89,2,816.79,1633.58,completed,2026-04-27 18:29:10
ORD-004245,201,5,5,470.71,2353.55,shipped,2026-04-09 15:23:29
ORD-004246,185,93,2,673.46,1346.92,completed,2026-04-26 03:12:07
ORD-004247,6,53,5,130.42,652.1,completed,2026-03-24 22:51:54
ORD-004248,16,60,4,202.83,811.32,completed,2026-03-23 12:36:16
ORD-004249,171,13,4,727.19,2908.76,cancelled,2026-04-15 19:01:41
ORD-004250,111,2,1,813.08,813.08,cancelled,2026-03-10 07:12:05
ORD-004251,336,60,1,202.83,202.83,shipped,2026-04-18 22:44:24
ORD-004252,105,22,2,166.08,332.16,cancelled,2026-04-25 20:01:33
ORD-004253,242,49,5,224.04,1120.2,completed,2026-04-28 05:27:23
ORD-004254,96,84,4,544.62,2178.48,completed,2026-03-30 18:48:38
ORD-004255,381,4,3,152.26,456.78,shipped,2026-04-10 13:49:48
ORD-004256,86,15,4,735.73,2942.92,cancelled,2026-04-23 03:15:58
ORD-004257,233,9,4,728.78,2915.12,completed,2026-03-08 23:46:16
ORD-004258,75,40,2,143.83,287.66,completed,2026-04-04 22:02:30
ORD-004259,95,98,3,258.34,775.02,completed,2026-04-12 19:12:12
ORD-004260,8,19,1,894.74,894.74,completed,2026-03-20 09:32:04
ORD-004261,139,44,2,555.36,1110.72,completed,2026-04-17 02:36:08
ORD-004262,157,19,1,894.74,894.74,shipped,2026-03-24 14:06:42
ORD-004263,12,61,2,251.26,502.52,completed,2026-04-06 01:32:06
ORD-004264,321,87,2,605.95,1211.9,completed,2026-04-04 00:38:31
ORD-004265,241,41,1,843.98,843.98,shipped,2026-04-16 19:14:49
ORD-004266,369,11,4,413.83,1655.32,cancelled,2026-03-23 13:04:25
ORD-004267,424,4,2,152.26,304.52,completed,2026-04-13 11:26:28
ORD-004268,196,75,5,508.34,2541.7,completed,2026-04-08 19:55:27
ORD-004269,342,17,1,45.53,45.53,completed,2026-04-24 03:03:58
ORD-004270,88,41,5,843.98,4219.9,shipped,2026-03-24 20:41:24
ORD-004271,376,70,4,341.93,1367.72,cancelled,2026-03-13 13:36:15
ORD-004272,285,69,4,370.39,1481.56,shipped,2026-04-14 06:33:41
ORD-004273,238,66,4,847.72,3390.88,shipped,2026-04-22 16:12:45
ORD-004274,138,8,1,809.51,809.51,completed,2026-03-29 04:52:00
ORD-004275,384,59,3,887.2,2661.6,completed,2026-04-29 05:23:20
ORD-004276,57,57,5,737.45,3687.25,cancelled,2026-04-25 03:26:43
ORD-004277,434,5,4,470.71,1882.84,cancelled,2026-04-12 01:26:14
ORD-004278,23,17,1,45.53,45.53,completed,2026-04-03 13:02:57
ORD-004279,478,52,5,778.04,3890.2,completed,2026-03-14 04:44:12
ORD-004280,66,51,5,488.09,2440.45,completed,2026-03-15 01:13:58
ORD-004281,138,42,2,690.11,1380.22,cancelled,2026-04-13 04:19:38
ORD-004282,259,56,3,540.14,1620.42,completed,2026-04-02 22:34:39
ORD-004283,211,16,2,200.02,400.04,completed,2026-03-25 04:47:03
ORD-004284,366,36,4,419.39,1677.56,completed,2026-04-19 18:36:37
ORD-004285,381,22,1,166.08,166.08,shipped,2026-04-20 16:44:38
ORD-004286,184,88,2,434.06,868.12,completed,2026-03-06 23:28:14
ORD-004287,2,1,2,60.27,120.54,completed,2026-03-13 16:04:12
ORD-004288,193,3,1,517.57,517.57,completed,2026-03-26 05:06:15
ORD-004289,304,38,4,344.45,1377.8,completed,2026-04-01 15:17:19
ORD-004290,267,79,1,75.77,75.77,cancelled,2026-04-30 05:12:27
ORD-004291,130,99,5,482.62,2413.1,completed,2026-04-25 19:34:59
ORD-004292,489,52,1,778.04,778.04,completed,2026-04-29 02:53:45
ORD-004293,78,50,5,365.03,1825.15,completed,2026-03-13 01:08:37
ORD-004294,380,18,4,631.84,2527.36,cancelled,2026-04-18 07:22:14
ORD-004295,373,87,5,605.95,3029.75,shipped,2026-03-01 02:59:10
ORD-004296,5,95,5,627.59,3137.95,cancelled,2026-04-28 09:51:58
ORD-004297,432,94,3,433.63,1300.89,completed,2026-04-11 04:13:06
ORD-004298,199,71,4,486.45,1945.8,completed,2026-03-31 14:36:22
ORD-004299,418,6,1,613.86,613.86,cancelled,2026-04-29 02:16:27
ORD-004300,128,66,3,847.72,2543.16,shipped,2026-03-18 16:01:20
ORD-004301,488,16,1,200.02,200.02,shipped,2026-03-15 15:06:17
ORD-004302,163,11,1,413.83,413.83,completed,2026-03-28 20:53:58
ORD-004303,190,85,5,70.14,350.7,completed,2026-03-26 00:29:19
ORD-004304,493,43,5,729.48,3647.4,completed,2026-04-21 03:07:33
ORD-004305,134,20,1,887.59,887.59,completed,2026-04-18 00:50:49
ORD-004306,391,9,3,728.78,2186.34,completed,2026-04-17 12:12:21
ORD-004307,229,36,4,419.39,1677.56,completed,2026-04-04 22:54:32
ORD-004308,129,49,5,224.04,1120.2,completed,2026-03-23 02:15:20
ORD-004309,222,75,3,508.34,1525.02,shipped,2026-03-06 09:16:32
ORD-004310,282,19,1,894.74,894.74,completed,2026-04-24 21:52:05
ORD-004311,362,35,1,25.35,25.35,cancelled,2026-03-10 18:55:45
ORD-004312,335,12,5,505.12,2525.6,completed,2026-04-21 18:59:02
ORD-004313,496,66,4,847.72,3390.88,completed,2026-03-23 13:28:43
ORD-004314,272,20,4,887.59,3550.36,completed,2026-04-21 22:46:26
ORD-004315,353,65,1,448.58,448.58,completed,2026-03-30 14:27:29
ORD-004316,327,18,4,631.84,2527.36,completed,2026-04-16 10:56:50
ORD-004317,177,53,3,130.42,391.26,shipped,2026-04-20 15:54:27
ORD-004318,82,3,1,517.57,517.57,cancelled,2026-04-12 20:49:32
ORD-004319,283,13,5,727.19,3635.95,completed,2026-03-01 18:55:17
ORD-004320,481,14,5,24.48,122.4,completed,2026-04-23 08:45:24
ORD-004321,499,81,2,484.39,968.78,completed,2026-03-11 01:00:22
ORD-004322,341,45,5,220.4,1102.0,shipped,2026-04-29 13:33:21
ORD-004323,309,15,1,735.73,735.73,completed,2026-04-27 07:04:58
ORD-004324,210,29,1,487.67,487.67,completed,2026-04-14 08:28:22
ORD-004325,125,7,1,526.92,526.92,cancelled,2026-04-22 03:33:16
ORD-004326,46,19,4,894.74,3578.96,completed,2026-04-25 22:55:18
ORD-004327,219,26,2,406.44,812.88,completed,2026-03-25 01:09:59
ORD-004328,336,45,1,220.4,220.4,completed,2026-04-22 22:55:52
ORD-004329,377,69,3,370.39,1111.17,shipped,2026-04-30 05:52:38
ORD-004330,160,56,3,540.14,1620.42,shipped,2026-04-16 14:35:12
ORD-004331,336,93,1,673.46,673.46,completed,2026-03-05 12:52:43
ORD-004332,437,19,4,894.74,3578.96,completed,2026-04-04 16:02:07
ORD-004333,46,50,1,365.03,365.03,completed,2026-04-24 01:21:09
ORD-004334,369,31,1,164.73,164.73,completed,2026-04-07 05:49:27
ORD-004335,133,94,3,433.63,1300.89,completed,2026-03-30 18:34:44
ORD-004336,252,45,5,220.4,1102.0,shipped,2026-04-04 20:58:32
ORD-004337,388,69,2,370.39,740.78,completed,2026-04-20 12:25:39
ORD-004338,343,96,2,188.04,376.08,completed,2026-03-09 07:17:38
ORD-004339,201,51,4,488.09,1952.36,shipped,2026-04-30 05:27:14
ORD-004340,478,91,4,194.57,778.28,shipped,2026-03-02 11:13:03
ORD-004341,490,20,2,887.59,1775.18,cancelled,2026-04-13 21:12:42
ORD-004342,227,57,4,737.45,2949.8,cancelled,2026-03-07 04:07:44
ORD-004343,240,35,5,25.35,126.75,completed,2026-04-12 06:46:03
ORD-004344,328,85,2,70.14,140.28,completed,2026-03-24 21:48:44
ORD-004345,500,47,1,404.56,404.56,completed,2026-04-28 08:58:16
ORD-004346,248,66,3,847.72,2543.16,completed,2026-03-29 03:24:23
ORD-004347,443,19,2,894.74,1789.48,completed,2026-04-15 12:35:48
ORD-004348,372,27,3,341.2,1023.6,shipped,2026-04-27 12:48:50
ORD-004349,486,95,4,627.59,2510.36,completed,2026-03-26 18:27:10
ORD-004350,222,20,1,887.59,887.59,completed,2026-04-09 00:48:02
ORD-004351,132,78,3,186.99,560.97,cancelled,2026-04-20 11:00:19
ORD-004352,411,23,1,690.42,690.42,completed,2026-04-05 13:56:11
ORD-004353,52,83,1,342.57,342.57,cancelled,2026-03-12 19:29:44
ORD-004354,42,64,2,612.48,1224.96,cancelled,2026-03-27 03:57:34
ORD-004355,439,19,4,894.74,3578.96,shipped,2026-04-15 23:54:30
ORD-004356,347,30,3,774.96,2324.88,cancelled,2026-04-16 11:43:02
ORD-004357,413,37,5,492.28,2461.4,completed,2026-03-06 05:41:52
ORD-004358,142,93,1,673.46,673.46,cancelled,2026-03-28 05:11:00
ORD-004359,208,54,5,214.57,1072.85,completed,2026-04-29 09:14:56
ORD-004360,419,100,1,281.04,281.04,completed,2026-04-08 20:25:11
ORD-004361,418,6,2,613.86,1227.72,completed,2026-04-25 18:08:18
ORD-004362,43,40,2,143.83,287.66,completed,2026-03-19 13:50:36
ORD-004363,27,32,1,356.79,356.79,completed,2026-04-23 09:23:02
ORD-004364,422,79,5,75.77,378.85,completed,2026-04-03 23:50:51
ORD-004365,447,64,2,612.48,1224.96,cancelled,2026-04-24 00:37:51
ORD-004366,84,50,1,365.03,365.03,completed,2026-04-27 16:37:21
ORD-004367,229,90,2,861.53,1723.06,cancelled,2026-04-24 02:20:55
ORD-004368,42,76,5,503.77,2518.85,completed,2026-03-23 22:11:53
ORD-004369,108,36,1,419.39,419.39,completed,2026-03-01 23:31:10
ORD-004370,385,61,1,251.26,251.26,shipped,2026-04-15 20:06:24
ORD-004371,391,96,1,188.04,188.04,cancelled,2026-03-24 07:00:38
ORD-004372,453,54,1,214.57,214.57,shipped,2026-03-12 20:10:43
ORD-004373,385,20,3,887.59,2662.77,completed,2026-03-18 01:32:30
ORD-004374,298,93,5,673.46,3367.3,completed,2026-04-14 20:24:47
ORD-004375,169,82,4,175.48,701.92,completed,2026-03-09 04:55:34
ORD-004376,491,2,1,813.08,813.08,shipped,2026-04-26 16:29:55
ORD-004377,85,44,2,555.36,1110.72,completed,2026-04-09 04:41:58
ORD-004378,286,3,4,517.57,2070.28,cancelled,2026-03-02 17:56:21
ORD-004379,242,87,4,605.95,2423.8,completed,2026-03-28 23:52:27
ORD-004380,367,100,4,281.04,1124.16,completed,2026-03-23 21:57:09
ORD-004381,55,60,1,202.83,202.83,shipped,2026-03-01 08:52:20
ORD-004382,57,4,5,152.26,761.3,cancelled,2026-03-17 05:21:34
ORD-004383,347,61,2,251.26,502.52,cancelled,2026-04-22 16:36:59
ORD-004384,129,98,5,258.34,1291.7,shipped,2026-03-21 10:00:43
ORD-004385,249,63,1,820.86,820.86,completed,2026-03-27 16:47:33
ORD-004386,287,30,1,774.96,774.96,completed,2026-04-02 08:44:12
ORD-004387,281,1,2,60.27,120.54,completed,2026-03-10 13:33:30
ORD-004388,239,87,5,605.95,3029.75,cancelled,2026-04-07 11:11:17
ORD-004389,132,5,1,470.71,470.71,completed,2026-04-20 00:17:09
ORD-004390,494,25,2,340.14,680.28,completed,2026-04-17 09:36:33
ORD-004391,20,21,1,33.4,33.4,shipped,2026-04-05 02:41:53
ORD-004392,434,78,4,186.99,747.96,shipped,2026-03-26 11:10:09
ORD-004393,11,34,4,752.17,3008.68,shipped,2026-03-19 06:48:34
ORD-004394,318,57,3,737.45,2212.35,completed,2026-04-26 08:05:31
ORD-004395,357,32,5,356.79,1783.95,completed,2026-03-07 10:43:22
ORD-004396,430,12,3,505.12,1515.36,shipped,2026-04-27 19:47:50
ORD-004397,3,39,2,226.52,453.04,shipped,2026-04-06 21:21:12
ORD-004398,24,2,2,813.08,1626.16,cancelled,2026-04-18 10:44:53
ORD-004399,145,99,3,482.62,1447.86,completed,2026-03-04 18:18:02
ORD-004400,444,90,1,861.53,861.53,completed,2026-03-22 04:24:18
ORD-004401,438,74,2,726.17,1452.34,completed,2026-04-12 04:16:22
ORD-004402,6,65,1,448.58,448.58,completed,2026-04-16 23:08:29
ORD-004403,417,14,4,24.48,97.92,completed,2026-03-23 21:17:03
ORD-004404,52,41,2,843.98,1687.96,completed,2026-04-28 18:38:06
ORD-004405,391,10,4,123.09,492.36,cancelled,2026-03-31 10:43:15
ORD-004406,119,50,3,365.03,1095.09,cancelled,2026-04-05 15:04:39
ORD-004407,47,43,2,729.48,1458.96,completed,2026-04-11 03:58:37
ORD-004408,451,1,3,60.27,180.81,completed,2026-04-29 19:41:10
ORD-004409,252,64,4,612.48,2449.92,cancelled,2026-04-14 18:20:23
ORD-004410,164,75,4,508.34,2033.36,shipped,2026-03-07 19:32:53
ORD-004411,382,32,5,356.79,1783.95,completed,2026-04-09 12:18:53
ORD-004412,464,18,5,631.84,3159.2,shipped,2026-03-12 21:13:12
ORD-004413,69,64,3,612.48,1837.44,completed,2026-03-10 20:24:52
ORD-004414,255,76,3,503.77,1511.31,cancelled,2026-03-13 03:30:35
ORD-004415,80,13,3,727.19,2181.57,shipped,2026-04-07 14:32:55
ORD-004416,237,82,1,175.48,175.48,completed,2026-03-13 02:12:26
ORD-004417,152,30,4,774.96,3099.84,completed,2026-04-29 18:24:40
ORD-004418,217,56,3,540.14,1620.42,shipped,2026-03-12 13:47:56
ORD-004419,34,60,2,202.83,405.66,shipped,2026-04-28 10:57:43
ORD-004420,32,14,1,24.48,24.48,cancelled,2026-04-01 16:35:18
ORD-004421,413,60,1,202.83,202.83,completed,2026-04-07 10:00:33
ORD-004422,386,97,4,499.11,1996.44,completed,2026-03-27 00:39:15
ORD-004423,250,62,1,853.93,853.93,completed,2026-04-17 20:26:34
ORD-004424,398,40,2,143.83,287.66,completed,2026-03-28 23:25:10
ORD-004425,431,57,3,737.45,2212.35,completed,2026-03-09 21:20:46
ORD-004426,344,65,3,448.58,1345.74,completed,2026-03-16 07:17:16
ORD-004427,89,50,1,365.03,365.03,completed,2026-04-20 03:30:56
ORD-004428,207,34,4,752.17,3008.68,completed,2026-03-18 04:46:24
ORD-004429,427,58,2,275.08,550.16,completed,2026-03-26 05:12:22
ORD-004430,129,6,4,613.86,2455.44,completed,2026-04-04 08:23:42
ORD-004431,350,2,4,813.08,3252.32,completed,2026-03-20 10:15:54
ORD-004432,441,19,4,894.74,3578.96,completed,2026-03-01 21:32:20
ORD-004433,496,44,2,555.36,1110.72,shipped,2026-03-15 04:01:49
ORD-004434,184,61,4,251.26,1005.04,cancelled,2026-03-17 18:57:45
ORD-004435,221,17,2,45.53,91.06,cancelled,2026-03-04 04:44:22
ORD-004436,459,61,5,251.26,1256.3,completed,2026-04-27 09:12:08
ORD-004437,202,34,5,752.17,3760.85,cancelled,2026-03-03 04:56:48
ORD-004438,356,87,2,605.95,1211.9,completed,2026-04-19 21:54:19
ORD-004439,133,100,3,281.04,843.12,completed,2026-03-12 15:25:57
ORD-004440,484,45,1,220.4,220.4,cancelled,2026-03-18 04:53:30
ORD-004441,296,99,2,482.62,965.24,shipped,2026-03-31 16:43:04
ORD-004442,306,96,1,188.04,188.04,shipped,2026-03-04 12:04:51
ORD-004443,161,55,3,520.62,1561.86,completed,2026-03-12 23:40:43
ORD-004444,30,88,3,434.06,1302.18,shipped,2026-04-04 07:36:28
ORD-004445,256,65,5,448.58,2242.9,completed,2026-03-05 07:07:45
ORD-004446,436,45,3,220.4,661.2,completed,2026-04-20 08:06:49
ORD-004447,133,76,1,503.77,503.77,completed,2026-04-15 04:48:50
ORD-004448,384,24,4,583.06,2332.24,completed,2026-04-17 09:20:52
ORD-004449,362,59,2,887.2,1774.4,completed,2026-04-19 21:49:44
ORD-004450,55,23,2,690.42,1380.84,completed,2026-03-31 20:14:22
ORD-004451,219,60,3,202.83,608.49,cancelled,2026-03-20 06:09:23
ORD-004452,85,16,4,200.02,800.08,completed,2026-04-24 08:36:06
ORD-004453,453,100,3,281.04,843.12,cancelled,2026-04-20 01:32:37
ORD-004454,429,48,1,634.44,634.44,cancelled,2026-04-12 14:14:06
ORD-004455,17,52,5,778.04,3890.2,completed,2026-03-26 15:31:41
ORD-004456,490,23,1,690.42,690.42,cancelled,2026-03-08 08:31:57
ORD-004457,96,2,2,813.08,1626.16,completed,2026-03-24 17:28:36
ORD-004458,8,24,4,583.06,2332.24,completed,2026-03-25 03:59:24
ORD-004459,138,35,2,25.35,50.7,shipped,2026-03-18 09:31:37
ORD-004460,13,10,1,123.09,123.09,completed,2026-04-03 04:06:27
ORD-004461,472,58,4,275.08,1100.32,completed,2026-03-05 23:17:47
ORD-004462,229,11,4,413.83,1655.32,completed,2026-03-02 16:56:10
ORD-004463,150,44,1,555.36,555.36,cancelled,2026-03-01 22:48:08
ORD-004464,428,26,2,406.44,812.88,shipped,2026-04-19 08:57:13
ORD-004465,193,24,3,583.06,1749.18,cancelled,2026-03-03 13:49:05
ORD-004466,82,29,1,487.67,487.67,cancelled,2026-03-06 07:57:34
ORD-004467,469,36,4,419.39,1677.56,cancelled,2026-04-03 15:12:05
ORD-004468,17,1,5,60.27,301.35,shipped,2026-04-16 03:30:30
ORD-004469,81,97,3,499.11,1497.33,completed,2026-04-14 21:47:03
ORD-004470,167,79,5,75.77,378.85,completed,2026-03-09 03:58:25
ORD-004471,116,90,5,861.53,4307.65,completed,2026-04-16 01:59:00
ORD-004472,93,60,2,202.83,405.66,cancelled,2026-03-13 06:02:28
ORD-004473,61,12,2,505.12,1010.24,shipped,2026-03-04 03:09:10
ORD-004474,153,29,3,487.67,1463.01,cancelled,2026-03-20 22:15:41
ORD-004475,368,55,1,520.62,520.62,shipped,2026-04-22 08:19:41
ORD-004476,422,58,4,275.08,1100.32,completed,2026-03-20 11:56:39
ORD-004477,156,59,2,887.2,1774.4,completed,2026-03-26 00:32:02
ORD-004478,320,27,5,341.2,1706.0,cancelled,2026-03-30 14:21:36
ORD-004479,259,48,1,634.44,634.44,cancelled,2026-04-02 23:58:46
ORD-004480,215,56,3,540.14,1620.42,shipped,2026-03-09 23:53:55
ORD-004481,87,47,4,404.56,1618.24,completed,2026-03-07 23:12:36
ORD-004482,290,70,1,341.93,341.93,completed,2026-03-19 20:14:23
ORD-004483,396,77,1,352.64,352.64,completed,2026-04-20 17:13:19
ORD-004484,318,48,3,634.44,1903.32,completed,2026-03-05 15:19:40
ORD-004485,468,36,3,419.39,1258.17,completed,2026-03-27 03:09:32
ORD-004486,179,75,2,508.34,1016.68,completed,2026-04-19 18:17:18
ORD-004487,491,32,2,356.79,713.58,completed,2026-04-19 23:45:41
ORD-004488,79,32,3,356.79,1070.37,completed,2026-04-26 22:31:01
ORD-004489,59,84,3,544.62,1633.86,cancelled,2026-04-08 21:50:18
ORD-004490,169,94,2,433.63,867.26,completed,2026-04-09 13:40:18
ORD-004491,417,29,4,487.67,1950.68,cancelled,2026-03-24 05:38:22
ORD-004492,320,72,3,765.16,2295.48,completed,2026-03-17 16:25:18
ORD-004493,151,97,2,499.11,998.22,completed,2026-04-18 18:05:40
ORD-004494,68,51,2,488.09,976.18,completed,2026-03-24 08:27:45
ORD-004495,383,69,1,370.39,370.39,cancelled,2026-04-08 03:27:13
ORD-004496,426,83,2,342.57,685.14,completed,2026-04-23 19:24:03
ORD-004497,451,97,3,499.11,1497.33,cancelled,2026-04-25 18:06:47
ORD-004498,385,8,4,809.51,3238.04,cancelled,2026-03-12 11:51:49
ORD-004499,308,51,3,488.09,1464.27,cancelled,2026-03-03 01:43:40
ORD-004500,125,18,1,631.84,631.84,shipped,2026-04-23 18:48:24
ORD-004501,236,52,2,778.04,1556.08,completed,2026-04-26 06:28:59
ORD-004502,34,76,3,503.77,1511.31,completed,2026-04-13 18:10:22
ORD-004503,329,50,2,365.03,730.06,completed,2026-03-23 14:14:07
ORD-004504,176,73,2,772.5,1545.0,cancelled,2026-03-04 07:41:02
ORD-004505,203,13,5,727.19,3635.95,shipped,2026-04-22 17:25:01
ORD-004506,191,10,2,123.09,246.18,completed,2026-04-24 06:27:54
ORD-004507,438,93,4,673.46,2693.84,completed,2026-04-22 08:34:45
ORD-004508,323,61,3,251.26,753.78,shipped,2026-04-21 05:28:45
ORD-004509,360,33,4,656.43,2625.72,completed,2026-04-24 18:50:06
ORD-004510,415,80,4,763.18,3052.72,completed,2026-04-23 07:40:06
ORD-004511,82,4,1,152.26,152.26,cancelled,2026-03-25 02:24:23
ORD-004512,139,35,3,25.35,76.05,completed,2026-03-06 18:59:47
ORD-004513,33,25,2,340.14,680.28,completed,2026-03-16 20:08:41
ORD-004514,182,89,2,816.79,1633.58,completed,2026-03-06 11:55:02
ORD-004515,369,41,1,843.98,843.98,completed,2026-04-13 16:21:31
ORD-004516,154,13,5,727.19,3635.95,completed,2026-03-21 20:10:29
ORD-004517,249,86,1,686.72,686.72,cancelled,2026-03-28 07:55:17
ORD-004518,310,60,2,202.83,405.66,completed,2026-04-14 07:01:43
ORD-004519,79,48,3,634.44,1903.32,completed,2026-03-06 19:13:12
ORD-004520,322,65,5,448.58,2242.9,completed,2026-04-15 14:44:19
ORD-004521,303,90,5,861.53,4307.65,completed,2026-03-11 20:00:53
ORD-004522,248,95,1,627.59,627.59,shipped,2026-04-11 04:14:24
ORD-004523,196,6,4,613.86,2455.44,cancelled,2026-03-30 00:54:55
ORD-004524,388,26,2,406.44,812.88,completed,2026-03-05 15:27:47
ORD-004525,182,76,5,503.77,2518.85,completed,2026-03-26 08:20:40
ORD-004526,85,46,5,95.3,476.5,completed,2026-03-01 21:55:08
ORD-004527,492,60,5,202.83,1014.15,shipped,2026-03-19 13:26:51
ORD-004528,171,36,1,419.39,419.39,cancelled,2026-03-05 05:04:34
ORD-004529,425,46,5,95.3,476.5,cancelled,2026-03-28 17:00:21
ORD-004530,364,22,3,166.08,498.24,shipped,2026-03-17 08:04:50
ORD-004531,10,18,4,631.84,2527.36,cancelled,2026-03-11 17:44:29
ORD-004532,338,35,4,25.35,101.4,cancelled,2026-03-31 19:26:13
ORD-004533,474,100,2,281.04,562.08,completed,2026-04-07 12:53:25
ORD-004534,42,100,3,281.04,843.12,cancelled,2026-03-14 10:24:40
ORD-004535,89,51,2,488.09,976.18,completed,2026-03-26 18:12:37
ORD-004536,274,45,1,220.4,220.4,completed,2026-03-13 20:07:49
ORD-004537,229,46,4,95.3,381.2,completed,2026-04-20 13:04:55
ORD-004538,390,71,4,486.45,1945.8,completed,2026-04-18 02:33:21
ORD-004539,406,24,1,583.06,583.06,completed,2026-04-25 17:49:40
ORD-004540,292,32,3,356.79,1070.37,cancelled,2026-04-25 13:32:01
ORD-004541,311,23,5,690.42,3452.1,shipped,2026-04-30 23:30:38
ORD-004542,21,51,2,488.09,976.18,completed,2026-03-08 07:51:25
ORD-004543,471,53,4,130.42,521.68,completed,2026-04-30 14:27:03
ORD-004544,100,7,5,526.92,2634.6,completed,2026-04-07 08:19:59
ORD-004545,332,9,4,728.78,2915.12,completed,2026-03-08 13:37:20
ORD-004546,26,3,2,517.57,1035.14,completed,2026-03-22 21:16:27
ORD-004547,391,74,2,726.17,1452.34,completed,2026-04-15 10:30:07
ORD-004548,83,69,5,370.39,1851.95,completed,2026-04-19 19:06:15
ORD-004549,114,60,1,202.83,202.83,shipped,2026-04-25 02:27:01
ORD-004550,478,1,1,60.27,60.27,cancelled,2026-04-04 23:13:33
ORD-004551,20,19,4,894.74,3578.96,completed,2026-03-30 00:00:14
ORD-004552,473,52,3,778.04,2334.12,shipped,2026-04-05 19:57:45
ORD-004553,201,8,4,809.51,3238.04,completed,2026-04-03 19:16:27
ORD-004554,6,28,5,867.91,4339.55,completed,2026-03-16 11:06:43
ORD-004555,89,74,3,726.17,2178.51,completed,2026-04-16 07:08:30
ORD-004556,423,35,4,25.35,101.4,shipped,2026-04-25 07:48:34
ORD-004557,345,85,2,70.14,140.28,completed,2026-03-07 15:53:00
ORD-004558,59,27,2,341.2,682.4,completed,2026-03-11 09:03:33
ORD-004559,365,83,5,342.57,1712.85,completed,2026-04-14 13:41:32
ORD-004560,367,56,3,540.14,1620.42,completed,2026-04-22 16:43:00
ORD-004561,60,50,3,365.03,1095.09,completed,2026-04-13 13:31:30
ORD-004562,338,59,2,887.2,1774.4,shipped,2026-04-01 06:53:34
ORD-004563,458,67,3,346.13,1038.39,completed,2026-03-31 08:42:01
ORD-004564,310,55,2,520.62,1041.24,completed,2026-03-11 14:51:40
ORD-004565,451,24,5,583.06,2915.3,shipped,2026-04-28 13:53:55
ORD-004566,52,9,4,728.78,2915.12,cancelled,2026-04-10 11:36:52
ORD-004567,428,71,4,486.45,1945.8,shipped,2026-04-29 20:50:57
ORD-004568,89,80,5,763.18,3815.9,completed,2026-03-25 17:07:36
ORD-004569,147,90,2,861.53,1723.06,cancelled,2026-04-28 17:51:29
ORD-004570,396,29,4,487.67,1950.68,completed,2026-04-11 14:17:36
ORD-004571,138,10,4,123.09,492.36,completed,2026-04-20 16:01:33
ORD-004572,257,55,3,520.62,1561.86,shipped,2026-03-11 16:51:02
ORD-004573,390,74,3,726.17,2178.51,completed,2026-04-02 03:14:14
ORD-004574,396,22,3,166.08,498.24,cancelled,2026-03-06 13:19:01
ORD-004575,215,48,2,634.44,1268.88,cancelled,2026-04-06 19:01:08
ORD-004576,89,73,1,772.5,772.5,completed,2026-04-13 06:58:30
ORD-004577,33,67,4,346.13,1384.52,completed,2026-03-15 14:18:26
ORD-004578,257,1,5,60.27,301.35,completed,2026-04-09 15:43:49
ORD-004579,90,81,3,484.39,1453.17,completed,2026-03-31 14:14:44
ORD-004580,400,51,3,488.09,1464.27,cancelled,2026-04-15 12:18:09
ORD-004581,298,78,1,186.99,186.99,completed,2026-03-08 22:49:00
ORD-004582,345,62,5,853.93,4269.65,shipped,2026-04-26 14:27:59
ORD-004583,326,7,3,526.92,1580.76,shipped,2026-03-30 00:25:26
ORD-004584,234,95,1,627.59,627.59,cancelled,2026-04-12 15:54:46
ORD-004585,235,67,3,346.13,1038.39,completed,2026-04-13 16:16:17
ORD-004586,386,51,4,488.09,1952.36,shipped,2026-04-25 04:15:29
ORD-004587,132,84,3,544.62,1633.86,shipped,2026-03-05 08:52:02
ORD-004588,387,60,2,202.83,405.66,completed,2026-03-18 09:53:04
ORD-004589,189,52,5,778.04,3890.2,completed,2026-03-02 21:33:20
ORD-004590,419,89,1,816.79,816.79,cancelled,2026-03-28 10:25:41
ORD-004591,481,96,5,188.04,940.2,completed,2026-03-25 22:46:42
ORD-004592,296,20,4,887.59,3550.36,completed,2026-03-31 17:55:20
ORD-004593,21,2,5,813.08,4065.4,shipped,2026-04-11 11:49:14
ORD-004594,149,84,5,544.62,2723.1,completed,2026-04-06 23:15:22
ORD-004595,18,47,4,404.56,1618.24,completed,2026-03-13 08:24:09
ORD-004596,228,5,2,470.71,941.42,completed,2026-03-16 14:58:17
ORD-004597,109,55,5,520.62,2603.1,completed,2026-03-29 15:03:23
ORD-004598,341,51,4,488.09,1952.36,completed,2026-03-20 07:58:45
ORD-004599,281,3,4,517.57,2070.28,completed,2026-03-31 19:37:20
ORD-004600,455,24,2,583.06,1166.12,shipped,2026-04-04 09:03:40
ORD-004601,315,74,3,726.17,2178.51,completed,2026-03-12 21:02:27
ORD-004602,332,99,5,482.62,2413.1,cancelled,2026-04-02 05:30:05
ORD-004603,390,56,3,540.14,1620.42,completed,2026-04-17 05:42:32
ORD-004604,199,87,5,605.95,3029.75,shipped,2026-03-10 22:18:01
ORD-004605,105,97,2,499.11,998.22,completed,2026-03-25 08:54:04
ORD-004606,356,88,2,434.06,868.12,cancelled,2026-03-17 05:14:54
ORD-004607,380,65,4,448.58,1794.32,completed,2026-04-05 23:07:26
ORD-004608,433,82,3,175.48,526.44,completed,2026-03-07 23:12:09
ORD-004609,356,74,2,726.17,1452.34,shipped,2026-04-22 19:42:21
ORD-004610,217,8,3,809.51,2428.53,completed,2026-03-20 03:34:25
ORD-004611,16,70,4,341.93,1367.72,shipped,2026-03-18 07:52:44
ORD-004612,391,51,2,488.09,976.18,completed,2026-04-19 21:46:20
ORD-004613,243,52,2,778.04,1556.08,completed,2026-03-25 23:27:37
ORD-004614,430,75,5,508.34,2541.7,cancelled,2026-04-19 05:28:09
ORD-004615,477,11,5,413.83,2069.15,completed,2026-03-09 04:27:59
ORD-004616,215,63,1,820.86,820.86,completed,2026-03-26 18:23:46
ORD-004617,238,99,2,482.62,965.24,completed,2026-03-12 15:30:11
ORD-004618,422,59,1,887.2,887.2,completed,2026-03-27 08:36:12
ORD-004619,301,79,3,75.77,227.31,completed,2026-04-20 09:14:47
ORD-004620,275,21,1,33.4,33.4,completed,2026-04-17 02:28:10
ORD-004621,352,12,2,505.12,1010.24,cancelled,2026-04-10 12:59:13
ORD-004622,184,89,1,816.79,816.79,cancelled,2026-04-23 13:43:22
ORD-004623,195,79,4,75.77,303.08,cancelled,2026-04-02 23:01:30
ORD-004624,420,23,1,690.42,690.42,cancelled,2026-03-22 11:37:19
ORD-004625,133,57,2,737.45,1474.9,cancelled,2026-04-30 10:36:24
ORD-004626,288,68,2,290.27,580.54,cancelled,2026-04-13 15:33:12
ORD-004627,416,96,3,188.04,564.12,completed,2026-03-19 15:04:01
ORD-004628,239,90,2,861.53,1723.06,cancelled,2026-03-11 21:15:25
ORD-004629,441,15,4,735.73,2942.92,completed,2026-03-31 05:43:23
ORD-004630,340,50,4,365.03,1460.12,completed,2026-03-20 14:07:50
ORD-004631,271,87,1,605.95,605.95,cancelled,2026-04-09 00:30:33
ORD-004632,334,97,1,499.11,499.11,completed,2026-04-24 10:10:44
ORD-004633,73,99,5,482.62,2413.1,cancelled,2026-03-03 00:02:13
ORD-004634,482,12,3,505.12,1515.36,shipped,2026-04-30 16:43:44
ORD-004635,28,100,1,281.04,281.04,cancelled,2026-04-23 06:40:16
ORD-004636,22,20,4,887.59,3550.36,shipped,2026-03-21 13:08:16
ORD-004637,323,7,2,526.92,1053.84,cancelled,2026-04-29 05:18:57
ORD-004638,233,5,5,470.71,2353.55,completed,2026-03-21 21:36:43
ORD-004639,308,52,2,778.04,1556.08,shipped,2026-03-28 17:58:14
ORD-004640,427,71,2,486.45,972.9,completed,2026-03-20 13:13:25
ORD-004641,339,68,3,290.27,870.81,completed,2026-03-13 22:54:03
ORD-004642,338,59,2,887.2,1774.4,cancelled,2026-03-28 05:31:03
ORD-004643,332,44,5,555.36,2776.8,shipped,2026-04-19 00:38:27
ORD-004644,215,81,3,484.39,1453.17,cancelled,2026-04-25 21:15:36
ORD-004645,351,1,4,60.27,241.08,completed,2026-03-02 02:26:02
ORD-004646,440,93,5,673.46,3367.3,completed,2026-03-05 09:59:14
ORD-004647,68,22,4,166.08,664.32,completed,2026-04-05 09:43:52
ORD-004648,431,72,1,765.16,765.16,completed,2026-03-28 19:08:26
ORD-004649,30,31,5,164.73,823.65,completed,2026-04-23 07:23:14
ORD-004650,144,54,2,214.57,429.14,completed,2026-03-18 14:22:04
ORD-004651,196,28,3,867.91,2603.73,completed,2026-03-10 02:20:31
ORD-004652,349,83,3,342.57,1027.71,shipped,2026-04-09 04:59:51
ORD-004653,377,1,1,60.27,60.27,completed,2026-04-19 23:36:05
ORD-004654,337,85,2,70.14,140.28,completed,2026-04-11 18:05:27
ORD-004655,300,28,4,867.91,3471.64,completed,2026-03-23 23:19:27
ORD-004656,128,20,2,887.59,1775.18,completed,2026-04-01 10:44:20
ORD-004657,292,24,5,583.06,2915.3,shipped,2026-03-03 14:18:21
ORD-004658,193,52,1,778.04,778.04,shipped,2026-04-15 01:47:21
ORD-004659,125,1,2,60.27,120.54,shipped,2026-03-03 13:18:32
ORD-004660,22,41,2,843.98,1687.96,completed,2026-03-07 12:46:26
ORD-004661,131,46,2,95.3,190.6,cancelled,2026-03-17 08:31:46
ORD-004662,418,97,1,499.11,499.11,shipped,2026-03-17 04:36:07
ORD-004663,498,48,3,634.44,1903.32,completed,2026-03-18 23:24:28
ORD-004664,280,52,3,778.04,2334.12,completed,2026-03-08 05:25:51
ORD-004665,232,16,3,200.02,600.06,shipped,2026-03-06 03:14:55
ORD-004666,481,32,5,356.79,1783.95,shipped,2026-04-07 13:56:06
ORD-004667,119,53,2,130.42,260.84,shipped,2026-04-18 19:22:12
ORD-004668,310,5,4,470.71,1882.84,cancelled,2026-04-05 07:07:16
ORD-004669,38,68,4,290.27,1161.08,completed,2026-04-12 02:41:23
ORD-004670,419,48,5,634.44,3172.2,shipped,2026-04-11 03:21:30
ORD-004671,488,86,2,686.72,1373.44,completed,2026-04-22 22:09:42
ORD-004672,95,24,5,583.06,2915.3,completed,2026-03-28 09:54:42
ORD-004673,6,53,5,130.42,652.1,shipped,2026-03-22 19:18:37
ORD-004674,486,54,4,214.57,858.28,cancelled,2026-04-26 07:28:52
ORD-004675,457,75,4,508.34,2033.36,completed,2026-04-19 17:06:49
ORD-004676,337,49,5,224.04,1120.2,completed,2026-03-24 02:07:30
ORD-004677,127,76,5,503.77,2518.85,completed,2026-03-11 04:02:32
ORD-004678,443,42,5,690.11,3450.55,shipped,2026-03-14 06:36:59
ORD-004679,231,72,5,765.16,3825.8,cancelled,2026-04-01 05:57:43
ORD-004680,7,24,3,583.06,1749.18,completed,2026-03-03 08:12:18
ORD-004681,89,16,2,200.02,400.04,completed,2026-04-14 04:52:43
ORD-004682,417,67,3,346.13,1038.39,completed,2026-03-04 01:51:48
ORD-004683,271,13,3,727.19,2181.57,completed,2026-04-18 02:02:28
ORD-004684,65,98,5,258.34,1291.7,shipped,2026-04-25 18:21:56
ORD-004685,149,2,1,813.08,813.08,completed,2026-04-30 21:34:44
ORD-004686,76,7,4,526.92,2107.68,cancelled,2026-03-02 09:28:36
ORD-004687,380,93,1,673.46,673.46,completed,2026-03-11 12:53:49
ORD-004688,37,5,3,470.71,1412.13,completed,2026-03-15 03:27:53
ORD-004689,265,39,1,226.52,226.52,cancelled,2026-04-29 16:34:05
ORD-004690,432,64,3,612.48,1837.44,cancelled,2026-04-21 00:51:35
ORD-004691,314,61,2,251.26,502.52,cancelled,2026-04-28 02:28:00
ORD-004692,153,56,3,540.14,1620.42,completed,2026-03-08 10:01:42
ORD-004693,169,96,2,188.04,376.08,cancelled,2026-04-12 23:35:12
ORD-004694,94,91,2,194.57,389.14,completed,2026-04-27 05:07:08
ORD-004695,478,44,2,555.36,1110.72,shipped,2026-04-29 03:14:20
ORD-004696,319,55,4,520.62,2082.48,completed,2026-03-23 20:16:31
ORD-004697,469,72,5,765.16,3825.8,cancelled,2026-04-05 19:26:43
ORD-004698,333,100,5,281.04,1405.2,completed,2026-03-03 22:45:50
ORD-004699,44,52,5,778.04,3890.2,shipped,2026-04-22 23:50:35
ORD-004700,479,85,3,70.14,210.42,completed,2026-04-15 01:08:14
ORD-004701,52,58,5,275.08,1375.4,cancelled,2026-04-04 09:06:27
ORD-004702,79,56,5,540.14,2700.7,completed,2026-04-09 06:30:48
ORD-004703,252,1,3,60.27,180.81,completed,2026-04-15 12:48:35
ORD-004704,494,16,2,200.02,400.04,completed,2026-04-10 15:47:19
ORD-004705,162,85,2,70.14,140.28,shipped,2026-03-31 01:28:30
ORD-004706,251,13,1,727.19,727.19,shipped,2026-04-27 05:56:02
ORD-004707,497,26,2,406.44,812.88,completed,2026-04-26 05:55:46
ORD-004708,388,8,2,809.51,1619.02,cancelled,2026-04-04 20:51:47
ORD-004709,356,98,2,258.34,516.68,completed,2026-04-28 18:39:44
ORD-004710,303,80,5,763.18,3815.9,completed,2026-03-23 21:24:57
ORD-004711,236,67,4,346.13,1384.52,completed,2026-04-18 16:21:20
ORD-004712,415,25,3,340.14,1020.42,completed,2026-03-15 17:18:23
ORD-004713,147,40,3,143.83,431.49,cancelled,2026-03-07 07:40:08
ORD-004714,253,78,1,186.99,186.99,shipped,2026-03-12 14:08:09
ORD-004715,213,4,4,152.26,609.04,completed,2026-03-14 04:32:17
ORD-004716,473,100,2,281.04,562.08,completed,2026-04-10 21:36:31
ORD-004717,40,89,4,816.79,3267.16,cancelled,2026-04-04 12:18:00
ORD-004718,471,10,4,123.09,492.36,cancelled,2026-03-21 22:45:29
ORD-004719,356,100,3,281.04,843.12,completed,2026-04-25 06:24:11
ORD-004720,304,85,2,70.14,140.28,completed,2026-03-06 04:24:16
ORD-004721,99,11,3,413.83,1241.49,completed,2026-04-08 10:02:11
ORD-004722,286,5,5,470.71,2353.55,completed,2026-03-09 21:19:43
ORD-004723,279,66,1,847.72,847.72,completed,2026-04-08 11:23:28
ORD-004724,134,94,1,433.63,433.63,completed,2026-04-10 07:32:50
ORD-004725,128,92,5,866.06,4330.3,cancelled,2026-04-05 10:41:02
ORD-004726,25,86,1,686.72,686.72,shipped,2026-03-03 09:29:45
ORD-004727,6,61,1,251.26,251.26,cancelled,2026-04-27 13:37:18
ORD-004728,164,32,1,356.79,356.79,completed,2026-03-16 12:39:34
ORD-004729,390,16,5,200.02,1000.1,completed,2026-04-13 23:19:52
ORD-004730,42,78,5,186.99,934.95,cancelled,2026-04-21 17:30:42
ORD-004731,202,4,2,152.26,304.52,completed,2026-03-24 10:04:10
ORD-004732,191,99,1,482.62,482.62,cancelled,2026-04-15 05:17:43
ORD-004733,322,71,4,486.45,1945.8,completed,2026-03-18 13:51:11
ORD-004734,7,85,4,70.14,280.56,completed,2026-03-27 04:19:18
ORD-004735,358,51,3,488.09,1464.27,completed,2026-04-20 01:51:38
ORD-004736,364,12,4,505.12,2020.48,cancelled,2026-04-12 08:04:39
ORD-004737,176,27,2,341.2,682.4,shipped,2026-03-15 15:22:52
ORD-004738,310,17,2,45.53,91.06,shipped,2026-04-27 17:05:13
ORD-004739,258,39,3,226.52,679.56,cancelled,2026-03-07 23:14:52
ORD-004740,259,7,4,526.92,2107.68,cancelled,2026-03-30 22:27:01
ORD-004741,87,72,4,765.16,3060.64,completed,2026-04-28 02:16:45
ORD-004742,48,87,1,605.95,605.95,cancelled,2026-03-23 01:36:14
ORD-004743,41,93,3,673.46,2020.38,completed,2026-03-06 15:54:16
ORD-004744,194,26,2,406.44,812.88,completed,2026-03-10 09:48:29
ORD-004745,284,13,3,727.19,2181.57,completed,2026-03-27 13:57:47
ORD-004746,410,72,1,765.16,765.16,shipped,2026-04-09 18:03:55
ORD-004747,58,31,2,164.73,329.46,cancelled,2026-03-19 19:39:23
ORD-004748,233,84,4,544.62,2178.48,completed,2026-04-28 13:14:59
ORD-004749,308,19,1,894.74,894.74,shipped,2026-04-10 15:46:33
ORD-004750,488,87,1,605.95,605.95,completed,2026-03-31 06:37:06
ORD-004751,372,47,3,404.56,1213.68,completed,2026-04-12 06:30:53
ORD-004752,459,69,2,370.39,740.78,completed,2026-03-03 00:40:39
ORD-004753,149,11,4,413.83,1655.32,shipped,2026-03-13 21:41:14
ORD-004754,294,96,1,188.04,188.04,completed,2026-03-09 01:30:52
ORD-004755,216,94,2,433.63,867.26,shipped,2026-03-25 14:05:10
ORD-004756,93,50,4,365.03,1460.12,completed,2026-04-22 09:09:56
ORD-004757,187,42,5,690.11,3450.55,completed,2026-04-06 23:53:57
ORD-004758,38,2,2,813.08,1626.16,cancelled,2026-03-14 10:00:21
ORD-004759,249,39,1,226.52,226.52,cancelled,2026-04-22 10:23:03
ORD-004760,265,58,1,275.08,275.08,shipped,2026-04-17 09:51:50
ORD-004761,202,7,3,526.92,1580.76,completed,2026-03-02 22:06:47
ORD-004762,223,6,4,613.86,2455.44,completed,2026-04-05 15:18:33
ORD-004763,455,48,1,634.44,634.44,completed,2026-04-22 04:40:14
ORD-004764,320,83,4,342.57,1370.28,cancelled,2026-04-13 23:42:30
ORD-004765,301,76,1,503.77,503.77,completed,2026-04-30 16:07:22
ORD-004766,413,76,1,503.77,503.77,completed,2026-04-20 21:51:46
ORD-004767,70,82,1,175.48,175.48,completed,2026-04-21 10:43:01
ORD-004768,353,78,3,186.99,560.97,completed,2026-04-09 18:14:41
ORD-004769,292,99,4,482.62,1930.48,shipped,2026-03-13 10:29:29
ORD-004770,440,90,5,861.53,4307.65,completed,2026-04-07 15:34:48
ORD-004771,26,74,2,726.17,1452.34,cancelled,2026-04-05 22:29:00
ORD-004772,69,92,5,866.06,4330.3,shipped,2026-04-03 22:26:05
ORD-004773,339,45,4,220.4,881.6,completed,2026-03-02 13:14:58
ORD-004774,488,33,3,656.43,1969.29,completed,2026-03-21 02:29:58
ORD-004775,493,6,3,613.86,1841.58,cancelled,2026-04-12 03:43:35
ORD-004776,116,37,3,492.28,1476.84,cancelled,2026-03-02 12:00:28
ORD-004777,323,12,1,505.12,505.12,cancelled,2026-03-26 23:24:25
ORD-004778,179,16,5,200.02,1000.1,completed,2026-03-23 09:49:36
ORD-004779,391,68,2,290.27,580.54,completed,2026-04-12 13:41:48
ORD-004780,306,51,4,488.09,1952.36,completed,2026-04-20 17:53:17
ORD-004781,254,20,1,887.59,887.59,completed,2026-03-30 01:33:11
ORD-004782,121,41,4,843.98,3375.92,shipped,2026-04-06 23:33:38
ORD-004783,159,14,4,24.48,97.92,cancelled,2026-03-08 18:55:11
ORD-004784,152,55,1,520.62,520.62,shipped,2026-04-02 23:37:06
ORD-004785,462,82,2,175.48,350.96,shipped,2026-03-13 08:39:01
ORD-004786,410,3,2,517.57,1035.14,completed,2026-04-18 11:08:10
ORD-004787,37,47,5,404.56,2022.8,completed,2026-04-07 23:00:39
ORD-004788,118,26,1,406.44,406.44,completed,2026-04-26 07:56:09
ORD-004789,162,55,4,520.62,2082.48,shipped,2026-03-10 20:34:54
ORD-004790,293,7,3,526.92,1580.76,completed,2026-03-28 07:58:44
ORD-004791,155,48,2,634.44,1268.88,completed,2026-04-19 14:41:31
ORD-004792,158,27,2,341.2,682.4,shipped,2026-03-24 12:06:59
ORD-004793,496,73,3,772.5,2317.5,completed,2026-04-27 10:19:59
ORD-004794,349,94,3,433.63,1300.89,completed,2026-04-17 20:27:57
ORD-004795,164,89,4,816.79,3267.16,shipped,2026-03-24 22:01:08
ORD-004796,389,16,5,200.02,1000.1,cancelled,2026-03-02 21:05:21
ORD-004797,223,82,5,175.48,877.4,completed,2026-03-27 09:30:52
ORD-004798,220,92,4,866.06,3464.24,completed,2026-03-24 16:10:45
ORD-004799,100,50,1,365.03,365.03,completed,2026-03-26 15:26:32
ORD-004800,322,92,5,866.06,4330.3,cancelled,2026-03-30 14:23:38
ORD-004801,192,59,4,887.2,3548.8,shipped,2026-03-26 23:44:54
ORD-004802,434,7,2,526.92,1053.84,shipped,2026-04-15 06:35:13
ORD-004803,126,94,1,433.63,433.63,completed,2026-03-27 14:20:19
ORD-004804,84,83,1,342.57,342.57,completed,2026-03-25 17:14:32
ORD-004805,124,78,3,186.99,560.97,completed,2026-04-03 06:12:03
ORD-004806,358,25,2,340.14,680.28,shipped,2026-03-17 02:01:12
ORD-004807,441,28,2,867.91,1735.82,shipped,2026-04-17 03:24:36
ORD-004808,445,38,3,344.45,1033.35,cancelled,2026-04-28 17:13:35
ORD-004809,418,18,3,631.84,1895.52,shipped,2026-04-15 18:02:02
ORD-004810,335,59,4,887.2,3548.8,completed,2026-03-22 02:22:58
ORD-004811,471,34,2,752.17,1504.34,completed,2026-04-02 06:45:51
ORD-004812,445,80,2,763.18,1526.36,completed,2026-04-16 04:31:28
ORD-004813,123,84,2,544.62,1089.24,completed,2026-04-28 19:01:28
ORD-004814,353,3,5,517.57,2587.85,completed,2026-04-24 14:50:54
ORD-004815,117,9,4,728.78,2915.12,completed,2026-03-22 17:07:21
ORD-004816,109,67,3,346.13,1038.39,completed,2026-04-12 18:57:53
ORD-004817,269,64,1,612.48,612.48,completed,2026-03-23 02:28:58
ORD-004818,170,78,1,186.99,186.99,completed,2026-03-10 06:24:17
ORD-004819,354,11,3,413.83,1241.49,completed,2026-03-08 14:12:58
ORD-004820,166,17,4,45.53,182.12,shipped,2026-04-27 07:53:13
ORD-004821,104,73,5,772.5,3862.5,cancelled,2026-03-22 21:28:19
ORD-004822,367,29,1,487.67,487.67,shipped,2026-04-29 23:51:45
ORD-004823,95,37,2,492.28,984.56,shipped,2026-04-17 18:22:00
ORD-004824,253,81,2,484.39,968.78,shipped,2026-03-03 19:19:46
ORD-004825,481,60,4,202.83,811.32,completed,2026-04-17 16:34:54
ORD-004826,489,54,5,214.57,1072.85,shipped,2026-03-17 22:46:14
ORD-004827,15,52,3,778.04,2334.12,shipped,2026-03-15 06:35:29
ORD-004828,27,1,2,60.27,120.54,completed,2026-03-26 10:50:17
ORD-004829,161,49,1,224.04,224.04,completed,2026-04-09 01:37:55
ORD-004830,70,80,5,763.18,3815.9,completed,2026-03-11 12:55:24
ORD-004831,406,11,1,413.83,413.83,completed,2026-03-21 06:46:54
ORD-004832,139,94,1,433.63,433.63,completed,2026-04-22 05:56:21
ORD-004833,260,87,4,605.95,2423.8,completed,2026-03-31 10:38:40
ORD-004834,191,55,4,520.62,2082.48,cancelled,2026-04-04 18:59:09
ORD-004835,8,1,4,60.27,241.08,completed,2026-03-08 18:10:42
ORD-004836,340,32,4,356.79,1427.16,completed,2026-04-18 05:29:29
ORD-004837,485,82,4,175.48,701.92,shipped,2026-03-05 14:26:51
ORD-004838,230,94,1,433.63,433.63,completed,2026-04-12 03:06:48
ORD-004839,301,41,5,843.98,4219.9,completed,2026-03-30 00:29:29
ORD-004840,301,14,5,24.48,122.4,cancelled,2026-03-02 16:04:41
ORD-004841,430,87,4,605.95,2423.8,cancelled,2026-03-14 03:05:24
ORD-004842,405,91,3,194.57,583.71,completed,2026-03-08 02:13:19
ORD-004843,219,33,5,656.43,3282.15,completed,2026-03-03 05:34:27
ORD-004844,417,76,5,503.77,2518.85,completed,2026-03-05 12:31:54
ORD-004845,74,2,3,813.08,2439.24,shipped,2026-03-23 16:26:38
ORD-004846,66,100,4,281.04,1124.16,completed,2026-04-12 16:07:06
ORD-004847,458,96,2,188.04,376.08,shipped,2026-03-24 14:38:01
ORD-004848,368,13,2,727.19,1454.38,cancelled,2026-04-24 18:17:09
ORD-004849,39,75,5,508.34,2541.7,completed,2026-03-10 00:18:04
ORD-004850,478,43,5,729.48,3647.4,completed,2026-04-12 03:31:28
ORD-004851,359,30,3,774.96,2324.88,completed,2026-04-29 23:51:05
ORD-004852,71,24,4,583.06,2332.24,completed,2026-04-03 18:03:10
ORD-004853,481,76,5,503.77,2518.85,shipped,2026-03-16 12:55:30
ORD-004854,83,39,2,226.52,453.04,completed,2026-03-09 00:48:31
ORD-004855,357,51,4,488.09,1952.36,shipped,2026-03-14 05:38:58
ORD-004856,270,9,5,728.78,3643.9,completed,2026-03-12 05:45:09
ORD-004857,330,17,2,45.53,91.06,cancelled,2026-04-02 04:51:15
ORD-004858,337,84,4,544.62,2178.48,cancelled,2026-04-27 11:59:29
ORD-004859,26,38,1,344.45,344.45,shipped,2026-04-06 04:59:20
ORD-004860,358,90,1,861.53,861.53,completed,2026-03-15 16:43:15
ORD-004861,240,74,3,726.17,2178.51,cancelled,2026-04-05 12:51:39
ORD-004862,201,77,5,352.64,1763.2,completed,2026-03-06 14:07:58
ORD-004863,352,97,3,499.11,1497.33,shipped,2026-03-29 08:24:12
ORD-004864,99,80,3,763.18,2289.54,cancelled,2026-03-25 09:54:59
ORD-004865,440,31,1,164.73,164.73,shipped,2026-03-07 01:23:38
ORD-004866,26,20,2,887.59,1775.18,cancelled,2026-04-05 19:39:20
ORD-004867,214,8,5,809.51,4047.55,completed,2026-03-05 18:52:38
ORD-004868,51,50,4,365.03,1460.12,shipped,2026-04-22 23:43:49
ORD-004869,376,42,3,690.11,2070.33,shipped,2026-03-04 12:23:54
ORD-004870,170,88,5,434.06,2170.3,shipped,2026-04-04 13:53:11
ORD-004871,166,86,5,686.72,3433.6,completed,2026-03-01 09:29:16
ORD-004872,181,97,3,499.11,1497.33,completed,2026-03-05 06:01:52
ORD-004873,141,23,3,690.42,2071.26,completed,2026-03-31 08:18:35
ORD-004874,229,1,1,60.27,60.27,completed,2026-04-06 04:55:48
ORD-004875,439,67,4,346.13,1384.52,completed,2026-03-10 04:40:07
ORD-004876,213,38,1,344.45,344.45,shipped,2026-04-08 21:24:16
ORD-004877,79,46,3,95.3,285.9,completed,2026-04-10 20:07:20
ORD-004878,395,33,3,656.43,1969.29,cancelled,2026-04-14 21:29:54
ORD-004879,3,76,5,503.77,2518.85,completed,2026-03-31 13:13:09
ORD-004880,468,26,2,406.44,812.88,cancelled,2026-03-28 09:11:55
ORD-004881,429,55,1,520.62,520.62,completed,2026-03-29 15:30:11
ORD-004882,232,61,1,251.26,251.26,completed,2026-03-15 21:41:14
ORD-004883,452,32,4,356.79,1427.16,cancelled,2026-04-18 22:20:26
ORD-004884,263,39,3,226.52,679.56,shipped,2026-04-21 16:16:32
ORD-004885,375,8,2,809.51,1619.02,completed,2026-04-28 11:53:02
ORD-004886,115,70,5,341.93,1709.65,completed,2026-03-14 04:32:00
ORD-004887,109,78,3,186.99,560.97,completed,2026-03-14 21:28:55
ORD-004888,395,86,5,686.72,3433.6,shipped,2026-04-30 02:44:30
ORD-004889,244,82,1,175.48,175.48,cancelled,2026-03-09 01:53:07
ORD-004890,70,63,5,820.86,4104.3,completed,2026-03-05 06:16:11
ORD-004891,57,44,2,555.36,1110.72,completed,2026-03-26 14:12:58
ORD-004892,270,47,4,404.56,1618.24,completed,2026-03-22 14:09:32
ORD-004893,238,39,3,226.52,679.56,completed,2026-03-03 22:27:44
ORD-004894,154,46,4,95.3,381.2,cancelled,2026-03-13 06:04:54
ORD-004895,328,2,5,813.08,4065.4,completed,2026-04-10 05:51:32
ORD-004896,455,74,3,726.17,2178.51,completed,2026-03-18 23:18:51
ORD-004897,337,75,5,508.34,2541.7,shipped,2026-04-28 18:53:24
ORD-004898,129,1,2,60.27,120.54,completed,2026-03-16 01:32:10
ORD-004899,497,19,1,894.74,894.74,completed,2026-03-10 15:30:26
ORD-004900,171,46,5,95.3,476.5,cancelled,2026-03-23 18:54:22
ORD-004901,240,36,5,419.39,2096.95,completed,2026-03-08 23:21:39
ORD-004902,50,40,2,143.83,287.66,cancelled,2026-04-28 15:43:20
ORD-004903,242,96,4,188.04,752.16,completed,2026-03-19 07:15:29
ORD-004904,313,69,4,370.39,1481.56,completed,2026-04-01 10:47:57
ORD-004905,461,15,3,735.73,2207.19,shipped,2026-04-26 05:18:17
ORD-004906,370,95,3,627.59,1882.77,completed,2026-03-03 04:58:12
ORD-004907,387,26,1,406.44,406.44,completed,2026-03-29 04:59:43
ORD-004908,267,78,3,186.99,560.97,shipped,2026-03-11 00:38:53
ORD-004909,55,90,5,861.53,4307.65,cancelled,2026-03-10 13:56:05
ORD-004910,393,54,2,214.57,429.14,completed,2026-04-15 00:27:16
ORD-004911,185,22,4,166.08,664.32,cancelled,2026-04-29 00:35:44
ORD-004912,85,49,5,224.04,1120.2,shipped,2026-03-13 13:48:27
ORD-004913,108,54,4,214.57,858.28,completed,2026-04-12 05:12:01
ORD-004914,197,57,2,737.45,1474.9,shipped,2026-03-17 23:54:34
ORD-004915,495,24,5,583.06,2915.3,completed,2026-04-17 00:04:20
ORD-004916,473,48,1,634.44,634.44,completed,2026-03-10 04:43:01
ORD-004917,151,60,5,202.83,1014.15,completed,2026-03-29 18:33:15
ORD-004918,289,49,3,224.04,672.12,completed,2026-03-09 11:37:31
ORD-004919,429,54,5,214.57,1072.85,completed,2026-03-26 02:23:00
ORD-004920,236,54,2,214.57,429.14,completed,2026-04-15 19:08:20
ORD-004921,320,29,4,487.67,1950.68,cancelled,2026-04-23 07:36:17
ORD-004922,117,75,1,508.34,508.34,shipped,2026-04-21 17:45:53
ORD-004923,363,87,5,605.95,3029.75,shipped,2026-04-27 22:41:33
ORD-004924,322,41,3,843.98,2531.94,shipped,2026-03-06 04:15:39
ORD-004925,229,8,5,809.51,4047.55,cancelled,2026-04-13 07:01:59
ORD-004926,406,42,3,690.11,2070.33,shipped,2026-04-26 01:10:03
ORD-004927,104,54,4,214.57,858.28,cancelled,2026-04-10 12:34:20
ORD-004928,277,68,1,290.27,290.27,cancelled,2026-03-09 04:10:13
ORD-004929,384,88,1,434.06,434.06,completed,2026-03-08 07:31:39
ORD-004930,299,60,5,202.83,1014.15,completed,2026-04-26 11:09:26
ORD-004931,286,42,4,690.11,2760.44,cancelled,2026-03-23 21:53:08
ORD-004932,391,39,3,226.52,679.56,shipped,2026-03-29 01:50:40
ORD-004933,108,22,4,166.08,664.32,cancelled,2026-03-09 03:58:40
ORD-004934,211,34,5,752.17,3760.85,completed,2026-03-29 07:51:37
ORD-004935,492,68,1,290.27,290.27,completed,2026-03-06 18:20:12
ORD-004936,78,88,4,434.06,1736.24,completed,2026-04-05 21:06:50
ORD-004937,93,76,4,503.77,2015.08,completed,2026-03-18 20:02:23
ORD-004938,436,81,5,484.39,2421.95,completed,2026-04-29 00:59:18
ORD-004939,52,95,1,627.59,627.59,completed,2026-03-26 04:05:27
ORD-004940,199,73,5,772.5,3862.5,completed,2026-03-28 00:34:06
ORD-004941,333,66,2,847.72,1695.44,shipped,2026-03-09 23:02:00
ORD-004942,19,1,4,60.27,241.08,completed,2026-04-06 02:18:03
ORD-004943,113,7,4,526.92,2107.68,shipped,2026-03-24 19:11:45
ORD-004944,74,100,2,281.04,562.08,shipped,2026-03-24 03:47:57
ORD-004945,115,71,5,486.45,2432.25,completed,2026-03-04 15:35:27
ORD-004946,339,91,5,194.57,972.85,completed,2026-03-19 08:06:07
ORD-004947,125,78,4,186.99,747.96,completed,2026-03-03 22:19:02
ORD-004948,236,6,4,613.86,2455.44,cancelled,2026-03-30 12:03:42
ORD-004949,401,79,4,75.77,303.08,completed,2026-03-06 05:07:11
ORD-004950,7,25,3,340.14,1020.42,shipped,2026-04-08 07:45:30
ORD-004951,393,57,2,737.45,1474.9,completed,2026-03-14 20:18:09
ORD-004952,169,85,2,70.14,140.28,completed,2026-04-24 12:14:37
ORD-004953,226,81,1,484.39,484.39,completed,2026-03-18 12:24:41
ORD-004954,269,46,2,95.3,190.6,shipped,2026-03-20 20:35:30
ORD-004955,265,80,5,763.18,3815.9,completed,2026-03-18 15:53:38
ORD-004956,160,91,3,194.57,583.71,completed,2026-04-14 22:22:20
ORD-004957,498,66,5,847.72,4238.6,completed,2026-04-17 20:11:21
ORD-004958,487,40,1,143.83,143.83,completed,2026-04-11 06:24:01
ORD-004959,480,84,1,544.62,544.62,completed,2026-03-13 18:27:07
ORD-004960,102,83,3,342.57,1027.71,shipped,2026-03-07 22:12:29
ORD-004961,322,69,4,370.39,1481.56,shipped,2026-04-23 12:11:34
ORD-004962,381,100,5,281.04,1405.2,completed,2026-03-23 21:16:56
ORD-004963,317,75,4,508.34,2033.36,shipped,2026-03-05 07:36:14
ORD-004964,119,69,1,370.39,370.39,completed,2026-03-06 18:49:32
ORD-004965,263,100,3,281.04,843.12,completed,2026-04-08 08:28:38
ORD-004966,415,34,4,752.17,3008.68,completed,2026-03-31 03:04:59
ORD-004967,372,4,2,152.26,304.52,shipped,2026-03-09 08:35:23
ORD-004968,112,39,1,226.52,226.52,completed,2026-04-26 08:16:17
ORD-004969,389,79,3,75.77,227.31,shipped,2026-03-31 16:02:24
ORD-004970,182,65,2,448.58,897.16,cancelled,2026-03-06 19:40:00
ORD-004971,308,64,3,612.48,1837.44,completed,2026-04-02 18:10:07
ORD-004972,261,85,4,70.14,280.56,shipped,2026-04-16 20:11:49
ORD-004973,70,72,2,765.16,1530.32,cancelled,2026-03-16 22:37:33
ORD-004974,472,12,3,505.12,1515.36,completed,2026-03-26 10:35:28
ORD-004975,117,83,2,342.57,685.14,completed,2026-03-09 15:44:37
ORD-004976,36,39,1,226.52,226.52,cancelled,2026-04-06 10:25:31
ORD-004977,299,45,3,220.4,661.2,shipped,2026-03-27 14:59:28
ORD-004978,467,50,1,365.03,365.03,completed,2026-03-01 07:00:47
ORD-004979,434,39,3,226.52,679.56,shipped,2026-03-11 10:00:29
ORD-004980,373,91,3,194.57,583.71,completed,2026-04-06 17:34:02
ORD-004981,146,45,5,220.4,1102.0,completed,2026-04-08 04:09:56
ORD-004982,59,81,4,484.39,1937.56,shipped,2026-04-13 01:47:58
ORD-004983,7,9,4,728.78,2915.12,completed,2026-04-30 11:44:32
ORD-004984,208,22,1,166.08,166.08,cancelled,2026-03-29 20:34:34
ORD-004985,457,71,1,486.45,486.45,completed,2026-03-20 13:33:45
ORD-004986,342,30,3,774.96,2324.88,shipped,2026-03-08 14:02:38
ORD-004987,131,50,1,365.03,365.03,cancelled,2026-03-16 02:29:23
ORD-004988,148,27,4,341.2,1364.8,completed,2026-03-10 07:37:31
ORD-004989,275,95,2,627.59,1255.18,shipped,2026-03-24 19:26:07
ORD-004990,416,37,2,492.28,984.56,completed,2026-04-18 22:57:22
ORD-004991,295,55,3,520.62,1561.86,cancelled,2026-03-02 22:55:25
ORD-004992,457,50,2,365.03,730.06,completed,2026-04-23 03:41:25
ORD-004993,64,54,4,214.57,858.28,cancelled,2026-04-02 07:15:49
ORD-004994,223,96,4,188.04,752.16,completed,2026-04-04 08:55:55
ORD-004995,469,1,2,60.27,120.54,completed,2026-04-10 09:38:58
ORD-004996,69,36,2,419.39,838.78,completed,2026-03-10 22:49:57
ORD-004997,302,18,2,631.84,1263.68,cancelled,2026-04-13 01:39:19
ORD-004998,372,6,1,613.86,613.86,shipped,2026-03-04 16:23:58
ORD-004999,250,55,5,520.62,2603.1,completed,2026-04-16 08:40:22
ORD-005000,443,80,1,763.18,763.18,shipped,2026-04-24 06:43:46
ORD-000401,82,24,5,583.06,2915.3,shipped,2026-04-26 05:36:31
